"序号","分组","组内序号","单词","简要释义","完整释义","美音","英音","音轨时间"
"1","Week 1","1","focus","n. 重点，中心点；关注，注意；v. 集中，关注；聚焦，调焦","n. 重点，中心点；关注，注意；震源；目的，意图；焦距；病灶；调焦装置；目的明确，专注；（椭圆、抛物线等曲线的）焦点 | v. 集中，关注；聚焦，调焦；以（句子的一部分）为焦点（或重心）","ˈfoʊkəs","ˈfəʊkəs","00:02.56"
"2","Week 1","2","career","n. 职业，事业；职业生涯；adj. 就业的，职业的；终身从事的；v. 猛冲","n. 职业，事业；职业生涯；速度，行程 | adj. 就业的，职业的；终身从事的 | v. 猛冲","kəˈrɪr","kəˈrɪə(r)","00:05.05"
"3","Week 1","3","benefit","n. 好处，益处；救济金，补助金；v. 对（某人）有用，使受益；得益于，得利于","n. 好处，益处；救济金，补助金；额外奖励，保险金；慈善活动 | v. 对（某人）有用，使受益；得益于，得利于","ˈbenɪfɪt","ˈbenɪfɪt","00:07.88"
"4","Week 1","4","professional","adj. 职业的，专业的；非常内行的，极为称职的；n. 专业人员，专业人士；内行，专家","adj. 职业的，专业的；非常内行的，极为称职的；（人）职业性的，非业余的；由职业人员参加的；（人）坚持某种活动特征（或特点）的 | n. 专业人员，专业人士；内行，专家；职业选手；（受雇于高尔夫或网球协会的）职业教练","prəˈfeʃən(ə)l","prəˈfeʃən(ə)l","00:10.88"
"5","Week 1","5","according to","根据：表示根据某人或某事的陈述、说法或信念；按照：表示按照某个标准、规则或方法；据……所述：表示根据某人的陈述或说法","根据：表示根据某人或某事的陈述、说法或信念。 | 按照：表示按照某个标准、规则或方法。 | 据……所述：表示根据某人的陈述或说法。","","","00:13.96"
"6","Week 1","6","program(me)","n. 计划，方案；（电视或广播的）节目；v. （给计算机）编写程序，设计程序；调好，设置（机器使之按某种方式运作）","n. 计划，方案；（电视或广播的）节目；（戏剧或音乐会等演出的）说明书，节目单；（活动的）计划表，程序单；课程；（计算机等的）程序，程序设计 | v. （给计算机）编写程序，设计程序；调好，设置（机器使之按某种方式运作）；使……有倾向，使按某种方式行事；计划，安排","ˈproʊɡræm","ˈprəʊɡræm","00:17.22"
"7","Week 1","7","pressure","n. 压力，挤压；（气体或液体形成的）压力，压强；v. 对……施加压力，强迫；使……增压","n. 压力，挤压；（气体或液体形成的）压力，压强；心理压力，紧张；催促，要求；气压 | v. 对……施加压力，强迫；使……增压","ˈpreʃər","ˈpreʃə(r)","00:20.37"
"8","Week 1","8","decline","v. 下降，衰退；拒绝，谢绝；n. 减少，衰退","v. 下降，衰退；拒绝，谢绝；变格，词形变化 | n. 减少，衰退","dɪˈklaɪn","dɪˈklaɪn","00:23.15"
"9","Week 1","9","average","n. 平均水平，一般标准；平均数，平均值；adj. 普通的，平常的；不好不坏的；v. 平均为，平均达到；计算平均值","n. 平均水平，一般标准；平均数，平均值；（海损的）平均分担；（按保单规定应付赔偿额的）降减，均减 | adj. 普通的，平常的；不好不坏的；平均（数）的；中等的，适中的 | v. 平均为，平均达到；计算平均值；将……平均分配；（行情下跌时）买进更多的证券（或商品）以降低平均进价","ˈævərɪdʒ","ˈævərɪdʒ","00:26.57"
"10","Week 1","10","relationship","n. （人、团体、国家等相互间的）关系；（人或事物之间的）关联，关系","n. （人、团体、国家等相互间的）关系；（人或事物之间的）关联，关系；恋人关系，性爱关系；血缘关系，姻亲关系","rɪˈleɪʃ(ə)nʃɪp","rɪˈleɪʃ(ə)nʃɪp","00:29.52"
"11","Week 1","11","reduce","v. 减少，降低；（烹调中）使变浓稠，收汁","v. 减少，降低；（烹调中）使变浓稠，收汁；节食减肥；使沦为，使陷入（不好的境地）；迫使，使不得不（做）；（通过破裂、燃烧等）使变成，使化为；归纳，简化；将分数约到（最小项）；（使）进行还原反应；减薄（底片或图片）；（语音）弱化；使（脱臼，断骨）复位；攻克，征服（尤指围攻并占领城镇或要塞）","rɪˈduːs","rɪˈdjuːs","00:32.83"
"12","Week 1","12","lower","adj. （尤指在同类中处于）较下的，下方的；在底部的，近底部的；v. 减少，降低；把……放低，使……降下；adv. 处于较低位置地，向低处下降地","adj. （尤指在同类中处于）较下的，下方的；在底部的，近底部的；次重要的，较低级的；（数字或数量）较小的；向南的；早期的 | v. 减少，降低；把……放低，使……降下；降低，贬低（身份）；变昏暗，变阴沉；露愠色 | adv. 处于较低位置地，向低处下降地","ˈloʊər","ˈləʊə(r)","00:36.04"
"13","Week 1","13","potential","adj. 潜在的，可能的；n. （事物的）潜力，可能性；（人的）潜能，潜力","adj. 潜在的，可能的 | n. （事物的）潜力，可能性；（人的）潜能，潜力；电势，电位，电压","pəˈtenʃ(ə)l","pəˈtenʃ(ə)l","00:38.75"
"14","Week 1","14","identify","v. 认出，识别；查明，确认","v. 认出，识别；查明，确认；发现；证明（身份），表明；认同，理解；认为……和……一致；和（某人）打成一片","aɪˈdentɪfaɪ","aɪˈdentɪfaɪ","00:41.83"
"15","Week 1","15","issue","n. 议题，争论点；（报纸、杂志等的）期，号；v. 发表，颁布；分发，分配","n. 议题，争论点；（报纸、杂志等的）期，号；发放，分配；（新股票或邮票等的）发行；子女，后嗣；流出，发出；结果，后果 | v. 发表，颁布；分发，分配；正式发行；流出，发出；由……产生，由……得出","ˈɪʃuː","ˈɪʃuː","00:45.08"
"16","Week 1","16","data","n. 数据，资料；（储存在计算机中的）数据资料","n. 数据，资料；（储存在计算机中的）数据资料","ˈdeɪtə; ˈdætə","ˈdeɪtə; ˈdɑːtə","00:48.16"
"17","Week 1","17","demand","v. 强烈要求；需要，需求；n. 坚决的要求；需求，需求量","v. 强烈要求；需要，需求 | n. 坚决的要求；需求，需求量；（困难的）要求","dɪˈmænd","dɪˈmɑːnd","00:50.94"
"18","Week 1","18","reduction","n. 减小，降低；减价，折扣","n. 减小，降低；减价，折扣；（照片、地图、图片等的）缩图，缩版；归纳，简化；（数学）归约，约化；染色体减半；简编曲（管弦乐改编的钢琴曲或小乐队演奏曲）；浓汤，浓汁；脱臼（或断骨）复位；（化学）还原，被还原；（语音）弱化","rɪˈdʌkʃ(ə)n","rɪˈdʌkʃ(ə)n","00:54.04"
"19","Week 1","19","opportunity","n. 时机，机会","n. 时机，机会","ˌɑːpərˈtuːnəti","ˌɒpəˈtjuːnəti","00:56.78"
"20","Week 1","20","various","adj. 各种各样的；迥异的，千差万别的；det. 不止一个的，各别的；pron. 不止一个的，各别的","adj. 各种各样的；迥异的，千差万别的 | det. 不止一个的，各别的 | pron. 不止一个的，各别的","ˈveriəs","ˈveəriəs","01:00.35"
"21","Week 1","21","impact","n. 撞击，冲击力；巨大影响，强大作用；v. 冲击，撞击；挤入，压紧","n. 撞击，冲击力；巨大影响，强大作用 | v. 冲击，撞击；挤入，压紧；（对……）产生影响","ˈɪmpækt","ˈɪmpækt","01:03.59"
"22","Week 1","22","involve","v. 牵涉，涉及；包含，需要","v. 牵涉，涉及；包含，需要；使陷入，使卷入；（使）参加，加入；使承担，使面对","ɪnˈvɑːlv","ɪnˈvɒlv","01:08.98"
"23","Week 1","23","individual","adj. 单独的，个别的；个人的；n. 个人，个体；与众不同的人，有个性的人","adj. 单独的，个别的；个人的；独特的，与众不同的 | n. 个人，个体；与众不同的人，有个性的人；某种类型的人","ˌɪndɪˈvɪdʒuəl","ˌɪndɪˈvɪdʒuəl","01:12.54"
"24","Week 1","24","range","n. （变动或浮动的）范围，界限；视觉（或听觉）范围；v. （在一定的范围内）变化，变动；（按一定位置或顺序）排列，排序；adj. （生活方式）有秩序的，安定的","n. （变动或浮动的）范围，界限；视觉（或听觉）范围；射程，射击距离；一系列；成套产品，系列商品；山脉；牧场，牧区；靶场，射击场，炸弹试验场；（尤指旧时的）炉灶；一排建筑物；方向，走向；（飞机等交通工具的）续航距离 | v. （在一定的范围内）变化，变动；（按一定位置或顺序）排列，排序；徘徊，四处移动；（文章或讲话）涉及，包括 ；（枪、炮、射击后校准）测距，（用雷达或激光）测距；支持，反对；自然生长，分布；与……联合起来，加入……行列 | adj. （生活方式）有秩序的，安定的","reɪndʒ","reɪndʒ","01:15.79"
"25","Week 1","25","performance","n. 表演，演出；工作情况，表现；adj. 性能卓越的，高性能的","n. 表演，演出；工作情况，表现；（投资的）业绩；执行，履行；麻烦，苦差事（a performance）；艺术上的表现，演技；（汽车的）性能；（语言学）语言表现，言语行为 | adj. 性能卓越的，高性能的","pərˈfɔːrməns","pəˈfɔːməns","01:19.47"
"26","Week 1","26","environment","n. 自然环境，生态环境；周围状况，条件","n. 自然环境，生态环境；周围状况，条件；工作平台，软件包","ɪnˈvaɪrənmənt","ɪnˈvaɪrənmənt","01:22.89"
"27","Week 1","27","evidence","n. 根据，证明；（呈上法庭的）证据，证词；v. 证实，证明","n. 根据，证明；（呈上法庭的）证据，证词；迹象，痕迹 | v. 证实，证明","ˈevɪdəns","ˈevɪdəns","01:26.20"
"28","Week 1","28","effect","n. 作用，影响；（刻意制造的）效果，印象；v. 实现，引起","n. 作用，影响；（刻意制造的）效果，印象；所有物，财产；生效，实行 | v. 实现，引起","ɪˈfekt","ɪˈfekt","01:29.11"
"29","Week 1","29","promote","v. 促进，提倡；升职，晋升","v. 促进，提倡；升职，晋升；促销，推广； 将（运动队）晋级；使（学生）升年级；负责筹办，主办（大型活动，如音乐会或体育比赛）；促使（议会私法议案）通过；使（卒）升格为（尤指后等）；（先打大牌）使（小牌）赢得一墩；使（催化剂）更活泼","prəˈmoʊt","prəˈməʊt","01:31.99"
"30","Week 1","30","maintain","v. 保持，维持；维修，保养","v. 保持，维持；维修，保养；断言，主张；赡养，抚养；支持，维护","meɪnˈteɪn","meɪnˈteɪn","01:34.93"
"31","Week 1","31","financial","adj. 财政的，金融的；有钱的；n. （组织或个人的）财务状况；金融公司股票","adj. 财政的，金融的；有钱的；（俱乐部或社团成员）已缴费的 | n. （组织或个人的）财务状况；金融公司股票","faɪˈnænʃ(ə)l","faɪˈnænʃ(ə)l","01:38.48"
"32","Week 1","32","apply","v. 申请；涂，敷","v. 申请；涂，敷；施加，实施；应用，运用；踩（刹车）；适用，适合；指称","əˈplaɪ","əˈplaɪ","01:41.57"
"33","Week 1","33","online","adj. （产品、服务或信息）在线的，网上的；（计算机）联机的；adv. 在网上，利用网际网路（购买、获得等）；联机地，在电脑操控下","adj. （产品、服务或信息）在线的，网上的；（计算机）联机的 | adv. 在网上，利用网际网路（购买、获得等）；联机地，在电脑操控下；开始运行，存在着","ˌɑːnˈlaɪn","ˌɒnˈlaɪn","01:44.48"
"34","Week 1","34","process","n. 步骤，程序；（自然或偶然的）变化过程；adj. （印刷）三原色的，三色版的；经过特殊加工的；v. （用化学物品或机器）处理，加工；审核，受理（正式文件或请求）","n. 步骤，程序；（自然或偶然的）变化过程；（为达到某目标的）过程，进程；制作方法，加工方法；传票；（生，剖）端突，突起 | adj. （印刷）三原色的，三色版的； 经过特殊加工的；照相板的 | v. （用化学物品或机器）处理，加工；审核，受理（正式文件或请求）；（计算机）处理（数据）；冲洗（照片）；加工（食品）；列队行进；把（头发）弄成直发","ˈprɑːses","ˈprəʊses","01:47.45"
"35","Week 1","35","responsible","adj. （对某人、某事）负责的；（对事故、错误、罪行等）负有责任的，应承担责任的","adj. （对某人、某事）负责的；（对事故、错误、罪行等）负有责任的，应承担责任的；（工作或职位）重要的，责任重大的；可靠的，负责任的；作为缘由的，应受归咎的；向......负责的，向......汇报的","rɪˈspɑːnsəb(ə)l","rɪˈspɒnsəb(ə)l","01:50.65"
"36","Week 1","36","essential","adj. 必不可少的，非常重要的；基本的，精髓的；n. 必不可少的东西，必需品；要素，本质","adj. 必不可少的，非常重要的；基本的，精髓的；（氨基酸、脂肪酸）必需的；（疾病）自发的，原发的 | n. 必不可少的东西，必需品；要素，本质；（某学科的）基础，基本知识","ɪˈsenʃ(ə)l","ɪˈsenʃ(ə)l","01:54.18"
"37","Week 1","37","resource","n. 自然资源；资源（指钱、物、人等）；v. 向……提供资金（或设备）","n. 自然资源；资源（指钱、物、人等）；有助于实现目标的东西，资料；（对付困境所需的）个人素质（resources）；（逆境中的）出路，应付办法； 谋略，智谋 | v. 向……提供资金（或设备）","ˈriːsɔːrs","rɪˈsɔːs","01:57.23"
"38","Week 1","38","increasingly","adv. 越来越多地，不断增加地","adv. 越来越多地，不断增加地","ɪnˈkriːsɪŋli","ɪnˈkriːsɪŋli","02:00.44"
"39","Week 1","39","purchase","n. 购买，采购；购买的东西；v. 购买，采购；（努力或艰难地）获得，得到","n. 购买，采购；购买的东西；（非继承性的）财产置得；紧握，牢牢抓住；（移动重物的）滑轮（或类似装置） | v. 购买，采购；（努力或艰难地）获得，得到；（航海）（用滑轮或杠杆）升起，举起（绳，索，锚）","ˈpɜːrtʃəs","ˈpɜːtʃəs","02:03.80"
"40","Week 1","40","factor","n. 因素，要素；等级，系数；v. 把……作为因素计入，把……包括在内（factor in）；把……作为因素排除，不把……包括在内（factor out）","n. 因素，要素；等级，系数；因数，因子；遗传因子，基因；（血液中的）凝血因子；代理公司，代理商；地产管理人，管家；测量水平 | v. 把……作为因素计入，把……包括在内（factor in）；把……作为因素排除，不把……包括在内（factor out）；将……分解为因子；代理经营，（代管）产业；做代理商","ˈfæktər","ˈfæktə(r)","02:06.70"
"41","Week 1","41","imply","v. 暗示，暗指；意味着","v. 暗示，暗指；意味着；必然包含","ɪmˈplaɪ","ɪmˈplaɪ","02:09.88"
"42","Week 1","42","amount","n. 数量，量；金额，钱数；v. 达到，总计（amount to）；等于，意味着（amount to）","n. 数量，量；金额，钱数；（感情、质量的）程度 | v. 达到，总计（amount to）；等于，意味着（amount to）；发展成，变成（amount to）","əˈmaʊnt","əˈmaʊnt","02:12.73"
"43","Week 1","43","contribute","v. 捐赠，捐助；（为……）做贡献","v. 捐赠，捐助；（为……）做贡献；促成，是……的原因之一；撰稿，投稿；发表意见，提议","kənˈtrɪbjuːt","kənˈtrɪbjuːt","02:15.95"
"44","Week 1","44","consumer","n. 消费者，顾客，用户；食用者，使用者，消耗者","n. 消费者，顾客，用户；食用者，使用者，消耗者","kənˈsuːmər","kənˈsjuːmə(r)","02:19.17"
"45","Week 1","45","item","n. 项目，条款；一件商品（或物品）；adv. （用于介绍清单上逐个项目之前）又，此外还有；v. 逐条列出，记下","n. 项目，条款；一件商品（或物品）；一则，一条（新闻）；（关系亲密的）一对 | adv. （用于介绍清单上逐个项目之前）又，此外还有 | v. 逐条列出，记下","ˈaɪtəm","ˈaɪtəm","02:22.21"
"46","Week 1","46","ignore","v. 佯装未见，不理睬；忽视，对……不予理会","v. 佯装未见，不理睬；忽视，对……不予理会；（因证据不足）驳回（诉讼）","ɪɡˈnɔːr","ɪɡˈnɔː(r)","02:24.88"
"47","Week 1","47","approach","v. 靠近，临近；接洽，交谈；n. 方法，态度；靠近，接近","v. 靠近，临近；接洽，交谈；对付，处理；近似，接近于 | n. 方法，态度；靠近，接近；接洽，要求；通道，路径；进场着陆；近似物","əˈproʊtʃ","əˈprəʊtʃ","02:28.09"
"48","Week 1","48","gain","v. 获得，赢得；受益；n. 增加；好处，改进","v. 获得，赢得；受益；增加，增长；（经过努力）到达；（钟表）走快；持球前进，推进（一段距离） | n. 增加；好处，改进；收益；将球推进的距离；（常用对数表示的功率或电压的）增益","ɡeɪn","ɡeɪn","02:31.25"
"49","Week 1","49","shift","v. （使）移动，（使）转移；（使）转换到（另一个人或另一事物）；n. 改变，转变；轮班工作时间","v. （使）移动，（使）转移；（使）转换到（另一个人或另一事物）；（使）改变意见（或信仰等）；赶快；换（挡）；（计算机）移位；按（计算机键盘上的）Shift 键；摆脱，消除；（尤指大量）销售，出售；狼吞虎咽地吃；含糊其辞，拐弯抹角 | n. 改变，转变；轮班工作时间；轮班工作的人；（计算机键盘上的）Shift 键；（计算机）移位；（机动车的）换挡装置；宽松直筒连衣裙（=shift dress）；长而宽松的内衣；（建筑）错位；（美橄）（开赛前）球员位置的变换；（天文）（光谱线的）偏移；语音演变（sound shift 的简称）；计谋，诡计","ʃɪft","ʃɪft","02:33.94"
"50","Week 1","50","respect","n. 尊敬，敬重；重视，尊重；v. 尊敬，敬佩；慎重对待，尊重；int. 真了不起（因敬重或赞同而发出的感叹）","n. 尊敬，敬重；重视，尊重；方面，着眼点；问候，敬意（respects） | v. 尊敬，敬佩；慎重对待，尊重；遵守；避免破坏（或干扰） | int. 真了不起（因敬重或赞同而发出的感叹）","rɪˈspekt","rɪˈspekt","02:37.50"
"51","Week 1","51","consequence","n. 结果，后果；重要性，价值","n. 结果，后果；重要性，价值","ˈkɑːnsɪkwens","ˈkɒnsɪkwəns","02:40.38"
"52","Week 1","52","current","adj. 现行的，当前的；通用的，流行的；n. 水流，气流；电流","adj. 现行的，当前的；通用的，流行的；最近的 | n. 水流，气流；电流；思潮，趋势","ˈkɜːrənt","ˈkʌrənt","02:43.41"
"53","Week 1","53","suffer","v. （因疾病、痛苦、悲伤等）受苦，受折磨；经受，遭受（坏事）","v. （因疾病、痛苦、悲伤等）受苦，受折磨；经受，遭受（坏事）；变差，变糟；容许，允许；受处决","ˈsʌfər","ˈsʌfə(r)","02:46.53"
"54","Week 1","54","detail","n. 细节，细微之处；详情，资料；v. 详细说明，详述；彻底清洗（汽车）","n. 细节，细微之处；详情，资料；（军队中的）任务，特遣队 | v. 详细说明，详述；彻底清洗（汽车）；（尤指军队中）派遣，选派","ˈdiːteɪl","ˈdiːteɪl","02:49.33"
"55","Week 1","55","variety","n. 多样化，变化；种类，品种","n. 多样化，变化；种类，品种；（人或物的）各式各样；综艺表演，杂耍表演","vəˈraɪəti","vəˈraɪəti","02:52.37"
"56","Week 1","56","effective","adj. 产生预期结果的，有效的；实际的，事实上的；n. 实际可作战的士兵","adj. 产生预期结果的，有效的；实际的，事实上的；（法律、规则等）生效的，起作用的；给人深刻印象的 | n. 实际可作战的士兵","ɪˈfektɪv; əˈfektɪv","ɪˈfektɪv","02:55.09"
"57","Week 1","57","solution","n. （问题、困难等的）解决办法；（练习或竞赛的）解答，答案","n. （问题、困难等的）解决办法；（练习或竞赛的）解答，答案；溶液；溶解过程，溶解状态；（满足特定需要的）产品（或服务）（solutions）","səˈluːʃ(ə)n","səˈluːʃ(ə)n","02:58.45"
"58","Week 1","58","economy","n. 经济；节省，简练；adj. 经济实惠的","n. 经济；节省，简练；经济舱 | adj. 经济实惠的","ɪˈkɑːnəmi","ɪˈkɒnəmi","03:01.64"
"59","Week 1","59","economic","adj. 经济的，经济学的；有利可图的","adj. 经济的，经济学的；有利可图的；节约的","ˌiːkəˈnɑːmɪk; ˌekəˈnɑːmɪk","ˌiːkəˈnɒmɪk;  ˌekəˈnɒmɪk","03:04.87"
"60","Week 1","60","limit","n. 限度，限制；极限，限量；v. 限制，限定；制约（某人的发展等）","n. 限度，限制；极限，限量；（区域的）界限，边界；（法律允许的机动车驾驶员血液的）最高酒精浓度；（可能行动或结果的）范围 | v. 限制，限定；制约（某人的发展等）；减少","ˈlɪmɪt","ˈlɪmɪt","03:07.80"
"61","Week 1","61","highly","adv. 极其，非常；高度地，高水平地","adv. 极其，非常；高度地，高水平地；钦佩地，赞赏地；在高处，地位高","ˈhaɪli","ˈhaɪli","03:10.81"
"62","Week 1","62","appeal","n. 呼吁，恳求；上诉，申诉；v. 呼吁，恳求；上诉，申诉","n. 呼吁，恳求；上诉，申诉；吸引力，感染力；（为慈善或正义事业的）募捐；启发，打动 | v. 呼吁，恳求；上诉，申诉；有吸引力，引起兴趣；启发，打动","əˈpiːl","əˈpiːl","03:13.66"
"63","Week 1","63","participate","v. 参加，参与；分担，分享","v. 参加，参与；分担，分享；具有，带有（特殊的性质）","pɑːrˈtɪsɪpeɪt","pɑːˈtɪsɪpeɪt","03:16.71"
"64","Week 1","64","responsibility","n. 责任，负责；（对不良事件所负的）责任","n. 责任，负责；（对不良事件所负的）责任；（道义上或法律规定的）责任（responsibility to/towards）；职责，任务；重任，职权","rɪˌspɑːnsəˈbɪləti","rɪˌspɒnsəˈbɪləti","03:20.01"
"65","Week 1","65","rate","n. 速度，速率；比率，率；v. 评价，评定；被认为，被列为","n. 速度，速率；比率，率；费用，价格；费率；（英国）地方税，房地产税（rates）；等级 | v. 评价，评定；被认为，被列为； 看好； 对（影片、视频游戏等）分级；划分等级，分等；值得，应得；给（财产）核定应缴地方税款；（机器、发动机等的）额定功率（极限）为；受器重，受青睐（rate with）","reɪt","reɪt","03:23.61"
"66","Week 1","66","security","n. 保护措施，安全工作；保安部门","n. 保护措施，安全工作；保安部门；安检处；保障，保证；安全，安全感；抵押品，保证金；证券，债券","sɪˈkjʊrəti","sɪˈkjʊərəti","03:26.57"
"67","Week 1","67","advanced","adj. 先进的；高级的，高等的；v. 行进；发展，进步","adj. 先进的；高级的，高等的；晚期的，状况不佳的；高龄的；新提出（尚未被广泛接受）的 | v. 行进；发展，进步；预付（advance 的过去式和过去分词形式）","ədˈvænst","ədˈvɑːnst","03:29.66"
"68","Week 1","68","pursue","v. 追求，致力于，执行；继续探讨（或追究、从事）","v. 追求，致力于，执行；继续探讨（或追究、从事）；追逐，跟踪，追赶；沿着……前行；追求（某人）；力劝（某人）接受聘用","pərˈsuː","pəˈsjuː","03:32.93"
"69","Week 1","69","claim","v. 声称，断言；索取，索要（钱）；n. 声称，断言；索要，索赔","v. 声称，断言；索取，索要（钱）；要求（拥有），认领；使丧生，致命；赢得，获得；值得，需要（花时间或精力） | n. 声称，断言；索要，索赔；权利，所有权；要求得到的土地使用权；专利新特征申明","kleɪm","kleɪm","03:36.29"
"70","Week 1","70","enable","v. 使能够，使可能；激活，启动","v. 使能够，使可能；激活，启动；准许，授权","ɪˈneɪb(ə)l","ɪˈneɪb(ə)l","03:39.15"
"71","Week 1","71","previous","adj. 以前的，先前的；（时间或顺序上）稍前的；n. 前科，犯罪记录","adj. 以前的，先前的；（时间或顺序上）稍前的；过早的，过急的 | n. 前科，犯罪记录","ˈpriːviəs","ˈpriːviəs","03:41.92"
"72","Week 1","72","stress","n. 精神压力，紧张；压力，应力；v. 强调，着重；重读","n. 精神压力，紧张；压力，应力；强调，重要性；（单词）重音，重读，（音乐）加强音；压强；环境恶劣引起的疾病 | v. 强调，着重；重读；焦虑，紧张；使受压力，使受重压","stres","stres","03:44.83"
"73","Week 1","73","investment","n. 投资；值得买的东西","n. 投资；值得买的东西；（时间、精力的）投入；包围，封锁","ɪnˈvestmənt","ɪnˈvestmənt","03:47.86"
"74","Week 1","74","invest","v. 投资；投入（时间或精力）","v. 投资；投入（时间或精力）；赋予，授予；给……穿衣；包围，围攻","ɪnˈvest","ɪnˈvest","03:51.42"
"75","Week 1","75","critical","adj. 批判的，爱挑剔的；极其重要的，关键的","adj. 批判的，爱挑剔的；极其重要的，关键的；严重的，危急的；病重的，重伤的；评论性的，评论家的；临界的","ˈkrɪtɪk(ə)l","ˈkrɪtɪk(ə)l","03:54.59"
"76","Week 1","76","unique","adj. 独一无二的，独特的；非常特别的，极不寻常的；n. 独一无二的人（或事）","adj. 独一无二的，独特的；非常特别的，极不寻常的；（某人、地或事物）独具的，特有的 | n. 独一无二的人（或事）","juˈniːk","juˈniːk","03:57.37"
"77","Week 1","77","overseas","adj. 外国的，海外的；adv. 在国外，在海外","adj. 外国的，海外的 | adv. 在国外，在海外","ˌoʊvərˈsiːz","ˌəʊvəˈsiːz","04:00.32"
"78","Week 1","78","particularly","adv. 非常，尤其；特别是","adv. 非常，尤其；特别是；清楚地，明确地","pərˈtɪkjələrli","pəˈtɪkjələli","04:03.50"
"79","Week 1","79","employee","n. 雇员","n. 雇员","ɪmˈplɔɪiː","ɪmˈplɔɪiː","04:06.55"
"80","Week 1","80","contact","n. 联系，联络；接触，触摸；v. 联系，联络；接触；adj. 供联络的；接触性的，通过接触而起作用的","n. 联系，联络；接触，触摸；联络人，熟人，社会关系；会见，往来，接触；传染病接触者；隐形眼镜；接通电，触点，接头；（无线电）通信 | v. 联系，联络；接触 | adj. 供联络的；接触性的，通过接触而起作用的","ˈkɑːntækt","ˈkɒntækt","04:09.79"
"81","Week 1","81","challenge","n. 挑战，难题；挑战书，比赛邀请；v. 挑战，向……下战书；质疑，拒绝接受","n. 挑战，难题；挑战书，比赛邀请；质疑，质询；喝停盘查 | v. 挑战，向……下战书；质疑，拒绝接受；盘问，查问；考验","ˈtʃælɪndʒ","ˈtʃælɪndʒ","04:12.67"
"82","Week 1","82","finding","n. 结果，发现；判决，裁决；v. 找到，感到（find 的现在分词形式）","n. 结果，发现；判决，裁决；（制作服装、鞋子或首饰用的）一应小物件（或小工具） | v. 找到，感到（find 的现在分词形式）","ˈfaɪndɪŋ","ˈfaɪndɪŋ","04:15.79"
"83","Week 1","83","scientific","adj. 科学的，与科学有关的；细致严谨的，使用科学方法的","adj. 科学的，与科学有关的；细致严谨的，使用科学方法的","ˌsaɪənˈtɪfɪk","ˌsaɪənˈtɪfɪk","04:18.77"
"84","Week 1","84","assignment","n. 作业，任务；（工作等的）分配，指派","n. 作业，任务；（工作等的）分配，指派；（财产、权利的）转让","əˈsaɪnmənt","əˈsaɪnmənt","04:22.02"
"85","Week 1","85","perform","v. 演出，表演；执行，履行（尤指复杂的任务或行动）","v. 演出，表演；执行，履行（尤指复杂的任务或行动）；运行，表现；起…...作用，有…...功能","pərˈfɔːrm","pəˈfɔːm","04:25.53"
"86","Week 1","86","digital","adj. 数字的，数码的；数字显示的；n. 数字电视，数位电视","adj. 数字的，数码的；数字显示的；指头的，手指的 | n. 数字电视，数位电视","ˈdɪdʒɪt(ə)l","ˈdɪdʒɪt(ə)l","04:28.44"
"87","Week 1","87","supply","n. 供给量，储备；（商品、服务的）供应量；v. 供应，提供，供给；补充，填充","n. 供给量，储备；（商品、服务的）供应量；供应，补给；生活必需品，日用品（supplies）；供应（的）；临时替代者（尤指代课教师）；议会拨给政府作开支的款项（supplies） | v. 供应，提供，供给；补充，填充；满足要求（或需要）；提供援助；替代","səˈplaɪ","səˈplaɪ","04:31.34"
"88","Week 1","88","peer","n. 同龄人，同等地位的人，相匹敌的人；（英国）贵族；v. 凝视，费力地看；隐现","n. 同龄人，同等地位的人，相匹敌的人；（英国）贵族 | v. 凝视，费力地看；隐现；看见；匹敌","pɪr","pɪə(r)","04:34.49"
"89","Week 1","89","display","v. 展示，陈列；显露，表现；n. 展览，陈列；表演","v. 展示，陈列；显露，表现；（计算机）显示；（为求偶）作炫耀行为 | n. 展览，陈列；表演；（计算机屏幕上的）显示，显示器；流露，表现；炫耀行为","dɪˈspleɪ","dɪˈspleɪ","04:37.31"
"90","Week 1","90","cultural","adj. 文化的，与文化有关的；艺术的，文艺的","adj. 文化的，与文化有关的；艺术的，文艺的","ˈkʌltʃərəl","ˈkʌltʃərəl","04:40.28"
"91","Week 1","91","gap","n. 缝隙，缺口；（时间上的）间隔","n. 缝隙，缺口；（时间上的）间隔；空白，缺漏；隔阂，差距","ɡæp","ɡæp","04:43.38"
"92","Week 1","92","locate","v. 确定……的位置，探明；设立，建立","v. 确定……的位置，探明；设立，建立；迁居，开办公司；位于（be located in）","ˈloʊkeɪt","ləʊˈkeɪt","04:46.41"
"93","Week 1","93","conduct","v. 实施，进行；指挥；n. 行为，举止；经营方式，管理方法","v. 实施，进行；指挥；带领，引导；举止，表现；传导 | n. 行为，举止；经营方式，管理方法","kənˈdʌkt","kənˈdʌkt","04:49.24"
"94","Week 1","94","boost","v. 使增长，推动；偷窃；n. 推动，促进；广告，宣扬","v. 使增长，推动；偷窃；宣扬，推广 | n. 推动，促进；广告，宣扬","buːst","buːst","04:53.23"
"95","Week 1","95","exchange","n. 交换，互换；短暂的交谈，争吵；v. 调换，更换；交流，交谈","n. 交换，互换；短暂的交谈，争吵；交战，交火；兑换，汇兑；交流，互访；交易所；（商品的）调换；电话局，电话交换台；换子，兑子 | v. 调换，更换；交流，交谈；交换，互换；兑换，交易","ɪksˈtʃeɪndʒ","ɪksˈtʃeɪndʒ","04:56.60"
"96","Week 1","96","consume","v. 消耗，消费；吃，喝","v. 消耗，消费；吃，喝；吞噬，烧毁；使……着迷，充满","kənˈsuːm","kənˈsjuːm","04:59.20"
"97","Week 1","97","specific","adj. 明确的，具体的；特定的；n. 细节，详情；特效药","adj. 明确的，具体的；特定的；特有的，独特的；有特殊功能的，有特效的；（生物）种的；（关税，税）按数量（根据固定税率）征取而非按货价征取的；（物理）（与参照物同一性质成）比率的 | n. 细节，详情；特效药","spəˈsɪfɪk","spəˈsɪfɪk","05:02.84"
"98","Week 1","98","remove","vt. 移开，拿开；除去，废除；n. 距离，间距；（一些英国学校中的）年级","vt. 移开，拿开；除去，废除；把……免职，开除；脱下，摘下； 依法迫迁；远离；不同于，迥异于； 搬家 | n. 距离，间距；（一些英国学校中的）年级","rɪˈmuːv","rɪˈmuːv","05:05.99"
"99","Week 1","99","realize,-ise","v. 了解，意识到；（所担心的事）发生，产生（be realized）","v. 了解，意识到；（所担心的事）发生，产生（be realized）；实现（目标、梦想等）；（充分）发挥出自己的潜力； 把（概念等）具体表现出来；用（语言特征）表达；对（记谱不全的乐曲）做完整兑谱改编；获得（金钱，利润）；变现，变卖（资产）","ˈriːəlaɪz","ˈriːəlaɪz","05:08.99"
"100","Week 1","100","significant","adj. 显著的，相当数量的；重要的，意义重大的；n. 象征，有意义的事物","adj. 显著的，相当数量的；重要的，意义重大的； 别有含义的，意味深长的 | n. 象征，有意义的事物","sɪɡˈnɪfɪkənt","sɪɡˈnɪfɪkənt","05:12.56"
"101","Week 1","101","expense","n. 代价，费用；业务费用，报销（expenses）；v. 把……记入费用账户；向……收取费用","n. 代价，费用；业务费用，报销（expenses）；需要花钱的东西，花销的东西 | v. 把……记入费用账户；向……收取费用；被花掉","ɪkˈspens","ɪkˈspens","05:15.76"
"102","Week 1","102","improvement","n. 改善；改进之处","n. 改善；改进之处","ɪmˈpruːvmənt","ɪmˈpruːvmənt","05:18.74"
"103","Week 1","103","eventually","adv. 最终，结果","adv. 最终，结果","ɪˈventʃuəli","ɪˈventʃuəli","05:22.42"
"104","Week 1","104","cope","v. 对付，处理；n. 长袍，法衣","v. 对付，处理 | n. 长袍，法衣","koʊp","kəʊp","05:25.47"
"105","Week 1","105","establish","v. 建立，设立；证实，确定","v. 建立，设立；证实，确定；发现，找出；使被接受，使得到承认；使（故事的角色）真实；（桥牌）（通过出大牌）使（某）花色所剩的牌都能赢","ɪˈstæblɪʃ","ɪˈstæblɪʃ","05:28.66"
"106","Week 1","106","reveal","v. 揭示，透露；表明，证明；n. （电视节目最后的）揭示；门侧，窗侧","v. 揭示，透露；表明，证明；展示，显示；（通过神或超自然手段）启示 | n. （电视节目最后的）揭示；门侧，窗侧","rɪˈviːl","rɪˈviːl","05:31.26"
"107","Week 1","107","transportation","n. 运输，运送；交通运输系统","n. 运输，运送；交通运输系统；运输工具，交通方式；（犯人的）流放，放逐","ˌtrænspərˈteɪʃ(ə)n","ˌtrænspɔːˈteɪʃ(ə)n","05:34.44"
"108","Week 1","108","predict","v. 预言，预计，预卜","v. 预言，预计，预卜","prɪˈdɪkt","prɪˈdɪkt","05:37.97"
"109","Week 1","109","vary","v. （使）不同，（使）呈现差异；（根据情况而）变化，改变","v. （使）不同，（使）呈现差异；（根据情况而）变化，改变；改变，使……变化；变奏","ˈveri; ˈværi","ˈveəri","05:41.23"
"110","Week 1","110","appreciate","v. 欣赏，鉴赏；理解，明白","v. 欣赏，鉴赏；理解，明白；感谢，感激；升值，增值","əˈpriːʃieɪt","əˈpriːʃieɪt","05:43.93"
"111","Week 1","111","commit","v. 犯（罪、错）；调拨，投入","v. 犯（罪、错）；调拨，投入；（使）承诺，承担义务；郑重承诺，忠于；把……关进医院（监狱），监禁；传唤（某人）到法院受审；订婚，决定与（某人）保持长期感情；把……托付给","kəˈmɪt","kəˈmɪt","05:47.33"
"112","Week 1","112","concentrate","v. 集中注意力，聚精会神；使集中，聚集；n. 浓缩物，浓缩液","v. 集中注意力，聚精会神；使集中，聚集；浓缩 | n. 浓缩物，浓缩液","ˈkɑːns(ə)ntreɪt","ˈkɒns(ə)ntreɪt","05:50.03"
"113","Week 1","113","household","n. 家庭，一家人；家务；adj. 家用的，家务的；全家人的","n. 家庭，一家人；家务；王室（the Household） | adj. 家用的，家务的；全家人的；家喻户晓的；皇家的（Household）","ˈhaʊshoʊld","ˈhaʊshəʊld","05:53.51"
"114","Week 1","114","device","n. 装置，设备；手段，方法","n. 装置，设备；手段，方法；花招，诡计；炸弹，爆炸装置；图画，设计；（某物的）样式，外表","dɪˈvaɪs","dɪˈvaɪs","05:56.77"
"115","Week 1","115","global","adj. 全球的，全世界的；全面的，整体的","adj. 全球的，全世界的；全面的，整体的；（计算机）全局的；球形的","ˈɡləʊbl","ˈɡləʊbl","05:59.48"
"116","Week 1","116","combine","v. （使）结合，组合；（使）化合；n. 联盟，联合体；联合收割机","v. （使）结合，组合；（使）化合；合并，协力；兼有，兼备；兼做，兼办 | n. 联盟，联合体；联合收割机","kəmˈbaɪn","kəmˈbaɪn","06:02.31"
"117","Week 1","117","associate","v. 联想，联系；支持，同意；n. 同事，伙伴；副学士，准学士；adj. 副的，准的，非正式的；联合的，有关连的","v. 联想，联系；支持，同意；交往，（尤指）混在一起 | n. 同事，伙伴；副学士，准学士；副职，副手；准会员；联想 | adj. 副的，准的，非正式的；联合的，有关连的","əˈsoʊsieɪt; əˈsoʊʃieɪt","əˈsəʊsieɪt; əˈsəʊʃieɪt","06:06.10"
"118","Week 1","118","recommend","v. 建议，劝告；推荐，介绍","v. 建议，劝告 ；推荐，介绍；使显得吸引人，使受欢迎； 把……交托给，把……托付给","ˌrekəˈmend","ˌrekəˈmend","06:11.23"
"119","Week 1","119","launch","v. 发动，发起；上市，发行；n. （航天器的）发射；（产品的）上市","v. 发动，发起；上市，发行；使（船或舰）下水；发射（武器或宇宙飞船）；启动（计算机程序）；投出，用力扔出；使投身于（事业等）；起飞，出海 | n. （航天器的）发射；（产品的）上市；（事件的）发起；汽艇，游艇；（新产品，出版物）发布会，推介会","lɔːntʃ","lɔːntʃ","06:14.22"
"120","Week 1","120","reward","n. 奖励，回报；赏格，悬赏金；v. 酬谢，奖赏；奖励（行动，品质）","n. 奖励，回报；赏格，悬赏金；报偿，报应 | v. 酬谢，奖赏；奖励（行动，品质）；（理所当然地）获得，赢得（be rewarded）；值得（付出时间或精力）","rɪˈwɔːrd","rɪˈwɔːd","06:17.12"
"121","Week 1","121","instance","n. 例子，实例；v. 举……为例","n. 例子，实例 | v. 举……为例","ˈɪnstəns","ˈɪnstəns","06:20.44"
"122","Week 1","122","formal","adj. 庄重的，合乎礼仪的；（语言）正式的，规范的；n. 正式的社交聚会；（女子的）正式礼服","adj. 庄重的，合乎礼仪的；（语言）正式的，规范的；合法的；整齐的，布置井然的；正统的，拘谨的；（教育或培训）正规的；形式上的，表面的；官方的，公开的 | n. 正式的社交聚会；（女子的）正式礼服","ˈfɔːrm(ə)l","ˈfɔːm(ə)l","06:23.44"
"123","Week 1","123","therefore","adv. 因此，所以","adv. 因此，所以","ˈðerfɔːr","ˈðeəfɔː(r)","06:26.63"
"124","Week 1","124","indicate","v. 表明，标示；象征，暗示","v. 表明，标示；象征，暗示；间接提及，示意；指示，指出；（用灯光或手臂）打行车转向信号；有必要，被建议","ˈɪndɪkeɪt","ˈɪndɪkeɪt","06:29.61"
"125","Week 1","125","crucial","adj. 至关重要的，决定性的；极好的","adj. 至关重要的，决定性的；极好的","ˈkruːʃ(ə)l","ˈkruːʃ(ə)l","06:32.84"
"126","Week 1","126","phenomenon","n. 现象；杰出的人，非凡的人（或事物）","n. 现象；杰出的人，非凡的人（或事物）；（哲学）现象","fəˈnɑːmɪnən","fəˈnɒmɪnən","06:36.46"
"127","Week 1","127","debate","n. 讨论，辩论；v. 反复思考，斟酌；讨论，辩论","n. 讨论，辩论 | v. 反复思考，斟酌；讨论，辩论","dɪˈbeɪt","dɪˈbeɪt","06:39.23"
"128","Week 1","128","majority","n. 大多数；多数票；adj. 多数人的","n. 大多数；多数票；成年的法定年龄；多数党；少校军衔，少校职位 | adj. 多数人的","məˈdʒɔːrəti","məˈdʒɒrəti","06:42.35"
"129","Week 1","129","quit","v. 停止，戒掉；离开（工作岗位、学校等），离任；adj. 摆脱了……的，已经了结的（quit of）；n. 辞职，离任","v. 停止，戒掉；离开（工作岗位、学校等），离任；搬离（租住的房子），离开（某地）；关闭，退出（计算机程序等）；使解除，使摆脱 | adj. 摆脱了……的，已经了结的（quit of） | n. 辞职，离任","kwɪt","kwɪt","06:45.80"
"130","Week 1","130","delay","v. 推迟，延期；延误，耽搁；n. 延期，推迟；延误，耽搁","v. 推迟，延期；延误，耽搁；（故意）拖延，磨蹭 | n. 延期，推迟；延误，耽搁；延迟器","dɪˈleɪ","dɪˈleɪ","06:48.60"
"131","Week 1","131","handle","v. 拿；处理，应付；n. 把手，拉手；柄，提手；comb. 有……个柄的，有……柄的","v. 拿；处理，应付；操纵；触（球）；经营，管理 | n. 把手，拉手；柄，提手；（理解、解决问题的）方法，途径；（尤指奇怪的）名字，名称；（织物等的）手感；赌注总额 | comb. 有……个柄的，有……柄的","ˈhænd(ə)l","ˈhænd(ə)l","06:51.25"
"132","Week 1","132","conflict","n. 争执，争论，分歧；战斗，战争；v. 冲突，抵触","n. 争执，争论，分歧；战斗，战争；抵触，矛盾 | v. 冲突，抵触","ˈkɑːnflɪkt","ˈkɒnflɪkt","06:54.28"
"133","Week 1","133","response","n. 反应，响应；（口头或书面的）回复，答复","n. 反应，响应；（口头或书面的）回复，答复；（考试题的）答案；（教堂中人们对牧师所说的话作出的）唱和，应答","rɪˈspɑːns","rɪˈspɒns","06:58.40"
"134","Week 1","134","desire","n. 愿望，欲望，渴望；情欲，性欲；v. 渴望，想望；要求，请求","n. 愿望，欲望，渴望；情欲，性欲 | v. 渴望，想望；要求，请求；被……吸引，对……产生性欲","dɪˈzaɪər","dɪˈzaɪə(r)","07:01.81"
"135","Week 1","135","productive","adj. 多产的，丰饶的；有效益的，富有成效的","adj. 多产的，丰饶的；有效益的，富有成效的；生产（成品、庄稼或财富）的，生产性的；产生……的，引起……的（productive of）；有构词能力的；（咳嗽）生痰的，分泌黏液的","prəˈdʌktɪv","prəˈdʌktɪv","07:04.63"
"136","Week 1","136","ensure","v. 确保，保证；保护，使安全","v. 确保，保证；保护，使安全","ɪnˈʃʊr","ɪnˈʃʊə(r)","07:07.68"
"137","Week 1","137","workforce","n. （国家或地区的）劳动力，劳动人口；（某组织或公司的）全体员工，全体从业人员","n. （国家或地区的）劳动力，劳动人口；（某组织或公司的）全体员工，全体从业人员","ˈwɜːrkfɔːrs","ˈwɜːkfɔːs","07:10.88"
"138","Week 1","138","decrease","v. （使）减少，（使）降低；n. 减少，降低","v. （使）减少，（使）降低 | n. 减少，降低","dɪˈkriːs","dɪˈkriːs","07:14.23"
"139","Week 1","139","agency","n. 代理行，经销处；政府专门机构，政府内的局，部，处","n. 代理行，经销处；政府专门机构，政府内的局，部，处；（尤指产生某效果的）作用；起作用的事物（或人）;社会行为者独立选择的能力","ˈeɪdʒənsi","ˈeɪdʒənsi","07:18.65"
"140","Week 1","140","staff","n. 全体员工，全体雇员；（大、中、小学的）管理人员，行政人员；adj. 职员的；v. 为……配备员工；是……的职员","n. 全体员工，全体雇员；（大、中、小学的）管理人员，行政人员；（军队的）全体参谋人员；陆军上士；手杖，拐杖；权杖，笏；旗杆；（测绘）标杆，标尺；（钟表的）小轴杆；（铁路的）路签；五线谱 | adj. 职员的 | v. 为……配备员工；是……的职员","stæf","stɑːf","07:21.73"
"141","Week 1","141","occur","v. （尤指意外地）发生；存在，出现","v. （尤指意外地）发生；存在，出现；（想法）产生","əˈkɜːr","əˈkɜː(r)","07:24.72"
"142","Week 1","142","treatment","n. 对待，待遇；处理，讨论","n. 对待，待遇；处理，讨论；治疗，医治；（净化或防治）处理，加工；护理，护理品；极致； 对待，待遇","ˈtriːtmənt","ˈtriːtmənt","07:27.56"
"143","Week 1","143","awareness","n. 认识，意识；感悟能力","n. 认识，意识；感悟能力","əˈwernəs","əˈweənəs","07:30.75"
"144","Week 1","144","attitude","n. 态度，看法；姿势","n. 态度，看法；姿势；个人风格；敌视的态度；（飞机或宇宙飞船飞行时的）姿态；（芭蕾）鹤立式","ˈætɪtuːd","ˈætɪtjuːd","07:33.97"
"145","Week 1","145","additional","adj. 附加的，额外的","adj. 附加的，额外的","əˈdɪʃən(ə)l","əˈdɪʃən(ə)l","07:37.16"
"146","Week 1","146","relate","v. 联系，使有联系；涉及，关于","v. 联系，使有联系；涉及，关于；叙述，讲述；认同，理解；相处，交往（描述人们如何交谈、相处和对待他人）","rɪˈleɪt","rɪˈleɪt","07:40.18"
"147","Week 1","147","permanent","adj. 永久的，永恒的；（尤指问题或困难）不断出现的，一直存在的；n. 烫发","adj. 永久的，永恒的；（尤指问题或困难）不断出现的，一直存在的；（员工）终生的，长期的；（家庭住址）固定的 | n. 烫发","ˈpɜːrmənənt","ˈpɜːmənənt","07:42.83"
"148","Week 1","148","reserve","v. 预订；保留，预留；n. 储备（量），储藏（量）；含蓄，寡言","v. 预订；保留，预留；拥有，保留（某种权利）；留作，用于（特定场合）；保留（意见），推迟作出（决定或判断）；贮存，贮藏；（教会用语）弥撒仪式后保留部分圣餐 | n. 储备（量），储藏（量）；含蓄，寡言；保留意见，异议；（野生生物）保护区；替补队员，后备队员；后备队，替补队（the reserves）；预备役部队，后备部队；（尤指拍卖时的）底价，最低价；（美洲土著居民的）居留地；（陶瓷装饰或纺织品印染中保留原色的）防染本色区 ；（陶瓷装饰或纺织品印染中保留原色的）防染本色区","rɪˈzɜːrv","rɪˈzɜːv","07:46.00"
"149","Week 1","149","living","adj. 活着的，活的；在使用的，在实施的；n. 生计，收入；生活方式；v. 居住；生活","adj. 活着的，活的；在使用的，在实施的；居住的，起居的；（水）流淌不息的；活跃的；逼真的 | n. 生计，收入；生活方式；活着的人（the living）；教区牧师的圣职（圣俸） | v. 居住；生活；生长；继续存在（live 的现在分词形式）","ˈlɪvɪŋ","ˈlɪvɪŋ","07:49.46"
"150","Week 1","150","engage","v. 雇用，聘请；参加，从事","v. 雇用，聘请；参加，从事；吸引，引起；与……交战，开战；（使）（机器）啮合，接合；预定（膳食，地方等）；适应，与……有密切关系；允诺，签约保证；（运动员或击剑手）使（兵器）交结在一起；占用","ɪnˈɡeɪdʒ","ɪnˈɡeɪdʒ","07:52.58"
"151","Week 1","151","document","n. 文件，公文，文献；证件，单据；v. 记录，记载（详情）","n. 文件，公文，文献；证件，单据；（计算机）文件，文档 | v. 记录，记载（详情）","ˈdɑːkjumənt","ˈdɒkjumənt","07:56.31"
"152","Week 1","152","definitely","adv. 肯定地，当然；明确地，确定地","adv. 肯定地，当然；明确地，确定地","ˈdefɪnətli","ˈdefɪnətli","08:01.92"
"153","Week 1","153","mobile","adj. 活动的，可移动的；行动方便的，行动自如的；n. 活动的装饰品，悬挂饰物；移动电话","adj. 活动的，可移动的；行动方便的，行动自如的；流动性强的；（面部表情）易变的，多变的；机动的，车载的；与移动电话（或掌上电脑等技术）有关的 | n. 活动的装饰品，悬挂饰物；移动电话","ˈmoʊbəl","ˈməʊbaɪl","08:05.09"
"154","Week 1","154","rely","v. 相信，信赖；依靠，依赖","v. 相信，信赖；依靠，依赖","rɪˈlaɪ","rɪˈlaɪ","08:08.28"
"155","Week 1","155","differ","v. 不同于；意见有分歧","v. 不同于；意见有分歧","ˈdɪfər","ˈdɪfə(r)","08:11.51"
"156","Week 1","156","trend","n. 趋势，动态；时尚，风尚；v. 趋向，倾向；（尤指地理特征的）走向","n. 趋势，动态；时尚，风尚；热门话题 | v. 趋向，倾向；（尤指地理特征的）走向；成为热门话题","trend","trend","08:14.55"
"157","Week 1","157","publish","v. 出版，发行（书、杂志等）；（作家、 音乐家等）发表（自己的作品），使（作品）出版","v. 出版，发行（书、杂志等）；（作家、 音乐家等）发表（自己的作品），使（作品）出版；（在互联网上）发表；（在报纸或杂志上）刊登，登载；公布，公开；颁布（法令），宣读（法令，结婚预告）；向第三方传布（诽谤）","ˈpʌblɪʃ","ˈpʌblɪʃ","08:17.53"
"158","Week 1","158","replace","v. 取代；（用……）替换，（以……）接替","v. 取代；（用……）替换，（以……）接替；更换， 赔还；把......放回原处","rɪˈpleɪs","rɪˈpleɪs","08:20.24"
"159","Week 1","159","campus","n. （大学或学院的）校园；大学生活","n. （大学或学院的）校园；大学生活；大学（学校、医院等机构的）场地","ˈkæmpəs","ˈkæmpəs","08:23.45"
"160","Week 1","160","loan","n. 贷款，借款；借用，借出；v. 借出，借给","n. 贷款，借款；借用，借出；（尤指通向开阔地的）小径；（未开垦的开阔的）挤奶牧场 | v. 借出，借给","loʊn","ləʊn","08:25.99"
"161","Week 1","161","payment","n. 支付款项，支付额；付款，支付","n. 支付款项，支付额；付款，支付；报答，报复","ˈpeɪmənt","ˈpeɪmənt","08:29.29"
"162","Week 1","162","partly","adv. 部分地，在某种程度上","adv. 部分地，在某种程度上","ˈpɑːrtli","ˈpɑːtli","08:32.47"
"163","Week 1","163","explore","v. 探讨，探究；考察，探索","v. 探讨，探究；考察，探索；（用手或身体其他部位）探查，仔细检查","ɪkˈsplɔːr","ɪkˈsplɔː(r)","08:36.12"
"164","Week 1","164","throughout","prep. 遍及，到处；自始至终，贯穿整个时期；adv. 遍及，到处；自始至终，贯穿整个时期","prep. 遍及，到处；自始至终，贯穿整个时期 | adv. 遍及，到处；自始至终，贯穿整个时期","θruːˈaʊt","θruːˈaʊt","08:38.89"
"165","Week 1","165","female","adj. 女性的，妇女的；女性特有的；n. 雌性动物，雌性植物；女子","adj. 女性的，妇女的；女性特有的；由女性组成的；内孔的；雌性的，母的；雌蕊的 | n. 雌性动物，雌性植物；女子","ˈfiːmeɪl","ˈfiːmeɪl","08:42.15"
"166","Week 1","166","select","v. 选择，挑选；（在计算机屏幕上）选定；adj. 精选的，优等的；高级的，奢华的","v. 选择，挑选；（在计算机屏幕上）选定；（进化）决定（特征，生物）是否继续存在 | adj. 精选的，优等的；高级的，奢华的","sɪˈlekt","sɪˈlekt","08:45.02"
"167","Week 1","167","award","n. 奖，奖品；（收入的）增加；v. 授予，颁发；判给，裁定","n. 奖，奖品；（收入的）增加；（赔偿）裁定额；（毕业证书等的）授予；奖学金 | v. 授予，颁发；判给，裁定","əˈwɔːrd","əˈwɔːd","08:48.34"
"168","Week 1","168","institute","n. 研究所，学院，协会；（尤指与法律相关的）注释，论述；v. 制定（制度、规则等）；提出（诉讼）","n. 研究所，学院，协会；（尤指与法律相关的）注释，论述 | v. 制定（制度、规则等）；提出（诉讼）；任命，授予……职位（尤指圣职）","ˈɪnstɪtuːt","ˈɪnstɪtjuːt","08:51.20"
"169","Week 1","169","media","n. 新闻媒体，传媒（medium的复数形式）；媒体工作者","n. 新闻媒体，传媒（medium的复数形式）；媒体工作者；（尤指血管壁的）中间层（复数mediae）；浊塞音；中脉","ˈmiːdiə","ˈmiːdiə","08:54.34"
"170","Week 1","170","agent","n. （人工智能领域）智能体；代理人，代理商","n. （人工智能领域）智能体；代理人，代理商；（艺术界的）经纪人；间谍，特工；原动力，动因；剂；（语法）施动者；（美国某些政府部门的）官员","ˈeɪdʒənt","ˈeɪdʒənt","08:57.07"
"171","Week 1","171","character","n. 性格，品质；特色，特征；v. 刻，写；描述","n. 性格，品质；特色，特征；人物，角色；勇气，毅力；某种人，古怪有趣的人；（书写或印刷）符号，文字，字体；名誉，名声 | v. 刻，写；描述；使具有特征","ˈkærəktər","ˈkærəktə(r)","09:00.02"
"172","Week 1","172","profit","n. 利润，盈利；利益，好处；v. 获益，得益（于）；赢利，获利","n. 利润，盈利； 利益，好处 | v. 获益，得益（于）；赢利，获利","ˈprɑːfɪt","ˈprɒfɪt","09:03.09"
"173","Week 1","173","complain","v. 诉说 （病痛）；悲叹，悲鸣","v. 诉说 （病痛）；悲叹，悲鸣；（构造，机械装置）（因拉力或压力）呻吟，咯吱作响；抱怨，投诉","kəmˈpleɪn","kəmˈpleɪn","09:06.04"
"174","Week 1","174","complex","adj. 复杂的，难懂的；组合的，合成的；n. 综合大楼，建筑群；复合体，综合体","adj. 复杂的，难懂的；组合的，合成的；（句子）复合的；复数的，复的；配合的，络合的 | n. 综合大楼，建筑群；复合体，综合体；情结；强烈（或过度）的关心（或忧虑）；配合物，络合物","kəmˈpleks","ˈkɒmpleks","09:09.00"
"175","Week 1","175","disappear","v. 消失，不见；失踪，丢失","v. 消失，不见；失踪，丢失；不复存在，灭绝","ˌdɪsəˈpɪr","ˌdɪsəˈpɪə(r)","09:11.90"
"176","Week 1","176","site","n. （建筑的）工地，用地；（某事发生的）地点，现场；v. 使坐落在，为......选址","n. （建筑的）工地，用地；（某事发生的）地点，现场；（作某种用途的）场所，场地；网站，站点（=website）；（身体的某个）部位；（城镇、建筑物或纪念碑的）地基，选址；遗址，原址；（帐篷或大篷车内）歇脚的地方 | v. 使坐落在，为......选址","saɪt","saɪt","09:14.84"
"177","Week 1","177","facility","n. 设施，设备；卫生间","n. 设施，设备；卫生间；天赋，才能；（机器等的）特别装置，（服务等的）特色；（用作某种用途的）场所","fəˈsɪləti","fəˈsɪləti","09:17.63"
"178","Week 1","178","recognize,-ise","v. 认识，辨别出；承认，意识到","v. 认识，辨别出；承认，意识到；（正式或在法律上）认可，承认；赞赏，公认；表扬，表彰；（会议或辩论主席）邀请……发言；（计算机等）自动识别（声音、印刷字体等）","ˈrekəɡnaɪz","ˈrekəɡnaɪz","09:20.86"
"179","Week 1","179","determine","v. 决定，控制；查明，确定","v. 决定，控制；查明，确定；下定决心；判决，裁定；求出，解出；限定；终止","dɪˈtɜːrmɪn","dɪˈtɜːmɪn","09:24.33"
"180","Week 1","180","critic","n. 批评家，评论员；批评者，反对……的人","n. 批评家，评论员；批评者，反对……的人","ˈkrɪtɪk","ˈkrɪtɪk","09:27.13"
"181","Week 1","181","strategy","n. （尤指为获得某物制定长期的）策略，行动计划；战略，战略学","n. （尤指为获得某物制定长期的）策略，行动计划；战略，战略学","ˈstrætədʒi","ˈstrætədʒi","09:30.36"
"182","Week 1","182","revenue","n. （企业、组织的）收入，收益；（政府的）税收","n. （企业、组织的）收入，收益；（政府的）税收；税务局，税务署（the revenue）","ˈrevənuː","ˈrevənjuː","09:33.65"
"183","Week 1","183","aware","adj. 知道的，明白的；察觉到的，意识到的","adj. 知道的，明白的；察觉到的，意识到的；有……意识的，有……知识的","əˈwer","əˈweə(r)","09:36.61"
"184","Week 1","184","dramatic","adj. 巨大而突然的，急剧的；激动人心的，引人注目的，给人深刻印象的","adj. 巨大而突然的，急剧的；激动人心的，引人注目的，给人深刻印象的；有关戏剧的，戏剧表演的；夸张的","drəˈmætɪk","drəˈmætɪk","09:39.36"
"185","Week 1","185","respond","v. （口头或书面）回答，回应；作出反应，回应；n. （教堂用语）应答，唱和；（建筑）壁联（与墙相连支承拱的半柱或半墩，尤指在拱廊两端）","v. （口头或书面）回答，回应；作出反应，回应；（对某种治疗）有良好反应；（桥牌）（对同伴的叫牌）作应叫；（会众对牧师）应答，唱和；承担责任 | n. （教堂用语）应答，唱和；（建筑）壁联（与墙相连支承拱的半柱或半墩，尤指在拱廊两端）","rɪˈspɑːnd","rɪˈspɒnd","09:42.26"
"186","Week 1","186","former","adj. 旧时的；以前的，前……；n. 模子，模型；形成某事的人（或事）；pron. （两者中的）前者","adj. 旧时的；以前的，前……；（两者中）前者的 | n. 模子，模型；形成某事的人（或事）；线圈架，绕线模；（机翼、机身的）翼肋 | pron. （两者中的）前者","ˈfɔːrmər","ˈfɔːmə(r)","09:45.48"
"187","Week 1","187","military","adj. 军事的，军队的；陆军的；n. 军人，军方","adj. 军事的，军队的；陆军的；军人般的，军人作风的 | n. 军人，军方","ˈmɪləteri","ˈmɪlətri","09:48.55"
"188","Week 1","188","senior","adj. 年龄大些的；（用在家庭内姓名相同的人名后表示）老，年长的；n. 较年长的人；老年人，长者","adj. 年龄大些的；（用在家庭内姓名相同的人名后表示）老，年长的；老年人的；（地位、水平或级别）较高的，高级的；（比赛）成人的，高水平的；大于一定年龄（通常为11岁）的学童的；（高中或大学）毕业年级的 | n. 较年长的人；老年人，长者；地位（或级别）较高者，上司；（中学或大学的）毕业班学生；资深成人运动员，高水平运动员","ˈsiːniər","ˈsiːniə(r)","09:51.55"
"189","Week 1","189","option","n. 可选择的事物；选择，选择权；v. 买卖（某物的）期权","n. 可选择的事物；选择，选择权；（将来的）买卖选择权利，期权；（计算机程序中的）选项；选修课；（购买新设备，尤其是汽车时提供的）附件，配件 | v. 买卖（某物的）期权","ˈɑːpʃ(ə)n","ˈɒpʃ(ə)n","09:54.41"
"190","Week 1","190","delight","n. 高兴；令人高兴的人或物，乐事；v. 使高兴；以……为乐","n. 高兴；令人高兴的人或物，乐事 | v. 使高兴；以……为乐","dɪˈlaɪt","dɪˈlaɪt","09:57.54"
"191","Week 1","191","cultivate","v. 开垦，耕作；栽培，培育","v. 开垦，耕作；栽培，培育；陶冶，培养；建立（友谊），结交","ˈkʌltɪveɪt","ˈkʌltɪveɪt","10:00.48"
"192","Week 1","192","negative","adj. 有害的，负面的；悲观的，消极的；n. 底片，负片；否定词，否定句；v. 拒绝，否定；推翻，证伪","adj. 有害的，负面的；悲观的，消极的；否定的，拒绝的；否定式的；（结果）阴性的；负极的，阴极的；负的，小于零的；亏损的；负像的，底片的；（天文）负的；（立法）自动生效的；Rh阴性的 | n. 底片，负片；否定词，否定句；坏处，害处；阴性结果；（逻）（对命题的）否定；负电；负数 | v. 拒绝，否定；推翻，证伪；消除，抵消","ˈneɡətɪv","ˈneɡətɪv","10:03.71"
"193","Week 1","193","consumption","n. 消费，消耗；食用，引用，吸入","n. 消费，消耗；食用，引用，吸入；专用；肺痨，肺结核","kənˈsʌmpʃ(ə)n","kənˈsʌmpʃ(ə)n","10:06.97"
"194","Week 1","194","occasion","n. （某事发生的）时刻，时候；时机，适当的机会；v. 引起，惹起","n. （某事发生的）时刻，时候；时机，适当的机会；特殊（或重大）场合，特殊（或重大）事件；理由，原因 | v. 引起，惹起","əˈkeɪʒn","əˈkeɪʒ(ə)n","10:10.09"
"195","Week 1","195","finance","n. 财政，金融；资金，财源；v. 提供资金；贷款购买，赊购","n. 财政，金融；资金，财源；财务事务，经济情况 | v. 提供资金；贷款购买，赊购","ˈfaɪnæns","ˈfaɪnæns","10:13.35"
"196","Week 1","196","insist","v. 坚决要求，执意坚持；坚称","v. 坚决要求，执意坚持；坚称","ɪnˈsɪst","ɪnˈsɪst","10:16.59"
"197","Week 1","197","emotional","adj. 情感的，情绪的；激动人心的，有感染力的","adj. 情感的，情绪的；激动人心的，有感染力的；情绪激动的（尤指哭泣），情感流露的；（人）易动感情的，感情用事的","ɪˈmoʊʃən(ə)l","ɪˈməʊʃən(ə)l","10:19.67"
"198","Week 1","198","enhance","v. 增强，提高，改善","v. 增强，提高，改善","ɪnˈhæns","ɪnˈhɑːns","10:22.52"
"199","Week 1","199","deliver","v. 投递，运送；履行，兑现","v. 投递，运送；履行，兑现；交付，移交；发表，宣布；接生，分娩；解救，拯救；投掷，击打；（法官或法庭）宣布（判决）；拉（选票）；发行，发布（计算机程序）；处理","dɪˈlɪvər","dɪˈlɪvə(r)","10:25.60"
"200","Week 1","200","fund","n. 基金，专款；资金，钱款；v. 资助，为……提供资金","n. 基金，专款；资金，钱款；基金会；储备量 | v. 资助，为……提供资金","fʌnd","fʌnd","10:28.63"
"201","Week 1","201","platform","n. 平台；讲台，舞台","n. 平台；讲台，舞台；讲台上的人（the platform）；（火车站的）月台；（公共汽车上供乘客上下车的）踏脚台；发言机会，论坛；契机；（政党的）纲领；厚底鞋；计算机平台；（海上）钻井平台；（供人上下小船的）水上平台；（火箭或导弹的）卫星发射平台","ˈplætfɔːrm","ˈplætfɔːm","10:31.59"
"202","Week 1","202","obtain","v. （尤指通过艰难的过程）得到，获得；（规则或情况）存在，通用","v. （尤指通过艰难的过程）得到，获得；（规则或情况）存在，通用","əbˈteɪn","əbˈteɪn","10:34.54"
"203","Week 1","203","fashion","n. 时髦打扮，流行装扮；时尚，时兴；v. （尤指用手工）制作，使成形；塑造","n. 时髦打扮，流行装扮；时尚，时兴；（做事的）方式；时装领域，时尚界 | v. （尤指用手工）制作，使成形；塑造","ˈfæʃ(ə)n","ˈfæʃ(ə)n","10:37.63"
"204","Week 1","204","enrich","v. 使充实，使丰富；使富裕，使富有","v. 使充实，使丰富；使富裕，使富有；使（土壤）肥沃；浓缩（核燃料中的原子）","ɪnˈrɪtʃ","ɪnˈrɪtʃ","10:41.33"
"205","Week 1","205","willing","adj. 愿意的，乐意的；乐于相助的，积极肯干的；v. 希望，想要（某事发生）；凭意志促使……做某事","adj. 愿意的，乐意的；乐于相助的，积极肯干的；出于自愿的，志愿的 | v. 希望，想要（某事发生）；凭意志促使……做某事；立遗嘱遗赠（will 的现在分词形式）","ˈwɪlɪŋ","ˈwɪlɪŋ","10:44.40"
"206","Week 1","206","margin","n. 页边空白；差额，幅度；v. 给……加上边；预付定金，交押金","n. 页边空白；差额，幅度；盈余，利润；余地，备用的时间（或空间、金钱等）；边缘，非主体部分；保证金，押金；额外报酬 | v. 给……加上边；预付定金，交押金；页边做注释或总结","ˈmɑːrdʒɪn","ˈmɑːdʒɪn","10:47.99"
"207","Week 1","207","source","n. 来源，出处；（问题的）原因，根源；v. （从某地）获得；找出……的来源","n. 来源，出处；（问题的）原因，根源；消息人士，信息来源；河流源头，发源地；源（代）码；（电子）源极，电源；（技）源 | v. （从某地）获得；找出……的来源","sɔːrs","sɔːs","10:51.34"
"208","Week 1","208","priority","n. 优先事项，最重要的事；优先，优先权，重点；adj. 优先的","n. 优先事项，最重要的事；优先，优先权，重点；优先通行权 | adj. 优先的","praɪˈɔːrəti","praɪˈɒrəti","10:54.37"
"209","Week 1","209","remarkable","adj. 引人注目的，非凡的","adj. 引人注目的，非凡的","rɪˈmɑːrkəb(ə)l","rɪˈmɑːkəb(ə)l","10:57.67"
"210","Week 1","210","expectation","n. 期待，预期；期望，指望","n. 期待，预期；期望，指望","ˌekspekˈteɪʃn","ˌekspekˈteɪʃ(ə)n","11:01.20"
"211","Week 1","211","typical","adj. 典型的，有代表性的；一贯的，平常的","adj. 典型的，有代表性的；一贯的，平常的；不出所料，特有的；象征性的","ˈtɪpɪk(ə)l","ˈtɪpɪk(ə)l","11:04.32"
"212","Week 1","212","release","v. 释放，放走；放开，松开；n. 释放，获释；排放，泄漏","v. 释放，放走；放开，松开；公布，发布；发行，上映；发泄，宣泄；排放（物质）；免除，解雇；放弃，让予；放松，使松弛 | n. 释放，获释；排放，泄漏；释放装置；表达，宣泄；解脱，轻松感；新发行的东西；发表，发布；（责任等的）免除； 放弃，让予； 传球；（设备的）松开","rɪˈliːs","rɪˈliːs","11:07.17"
"213","Week 1","213","despite","prep. 尽管，即使；不由自主地，忍不住地；n. 亵渎；轻蔑，鄙视；v. 蔑视；激怒","prep. 尽管，即使；不由自主地，忍不住地 | n. 亵渎；轻蔑，鄙视 | v. 蔑视；激怒","dɪˈspaɪt","dɪˈspaɪt","11:10.22"
"214","Week 1","214","circumstance","n. 条件，情况，环境；境况，经济状况；v. 处于某种情况","n. 条件，情况，环境；境况，经济状况；详情，原委；命运，境遇 | v. 处于某种情况","ˈsɜːrkəmstæns","ˈsɜːkəmstəns","11:13.37"
"215","Week 1","215","hire","v. 租用，租借；聘用，录用；n. 租借，租金；被雇用的人","v. 租用，租借；聘用，录用 | n. 租借，租金；被雇用的人","ˈhaɪər","ˈhaɪə(r)","11:16.81"
"216","Week 1","216","council","n. 委员会，理事会；政务委员会，地方议会；adj. 地方政府廉租的","n. 委员会，理事会；政务委员会，地方议会；会议；（教会的）集会 | adj. 地方政府廉租的","ˈkaʊns(ə)l","ˈkaʊns(ə)l","11:19.19"
"217","Week 1","217","exception","n. 例外，除外","n. 例外，除外","ɪkˈsepʃn","ɪkˈsepʃ(ə)n","11:22.55"
"218","Week 1","218","largely","adv. 很大程度上，主要地","adv. 很大程度上，主要地","ˈlɑːrdʒli","ˈlɑːdʒli","11:25.60"
"219","Week 1","219","beneficial","adj. 有益的，有利的；（与）权益（有关）的，有财产使用权的","adj. 有益的，有利的；（与）权益（有关）的，有财产使用权的","ˌbenɪˈfɪʃ(ə)l","ˌbenɪˈfɪʃ(ə)l","11:28.80"
"220","Week 1","220","extent","n. 程度；范围，长度","n. 程度；范围，长度","ɪkˈstent","ɪkˈstent","11:31.86"
"221","Week 1","221","talent","n. 天赋，才能；天才，人才","n. 天赋，才能；天才，人才；性感的人；（尤指古罗马人和古希腊人使用的重量和货币单位）塔兰特","ˈtælənt","ˈtælənt","11:34.68"
"222","Week 1","222","immediate","adj. 立刻的，即时的；目前的，紧迫的","adj. 立刻的，即时的；目前的，紧迫的；附近的，紧接的；（关系或级别）最接近的，直系的；（两者间）直接的；（感知，反应）直觉的","ɪˈmiːdiət","ɪˈmiːdiət","11:37.82"
"223","Week 1","223","poll","n. 民意调查，民意测验；选举投票，计票；v. 对……进行民意测验（调查）；获得（票数）","n. 民意调查，民意测验；选举投票，计票；投票数；投票点（the polls）；头顶，头皮；无角动物（尤指无角牛） | v. 对……进行民意测验（调查）；获得（票数）；（电信，计算机）轮询，探询；截掉（动物，尤指小牛）的角；修枝","poʊl","pəʊl","11:40.99"
"224","Week 1","224","clue","n. 线索，提示；理解，想法；v. 给（某人）提供线索，使（某人）了解","n. 线索，提示；理解，想法 | v. 给（某人）提供线索，使（某人）了解","kluː","kluː","11:43.45"
"225","Week 1","225","signal","n. 信号，暗号；标志，预示；v. 发信号，示意；标志，预示；adj. 重大的，显要的；作为信号的","n. 信号，暗号；标志，预示；（尤指铁路和公路上的）指示灯，信号灯；（无线电、电视等的）讯号，信号；起因，导火线；（桥牌）信号；（传递的）信息 | v. 发信号，示意；标志，预示；告知，表示；（车辆转方向时）打灯示意 | adj. 重大的，显要的；作为信号的","ˈsɪɡnəl","ˈsɪɡnəl","11:46.03"
"226","Week 1","226","conservation","n. 保护，保存；节约，防止浪费","n. 保护，保存；节约，防止浪费；守恒定律","ˌkɑːnsərˈveɪʃ(ə)n","ˌkɒnsəˈveɪʃ(ə)n","11:49.29"
"227","Week 1","227","frequent","adj. 频繁的，经常性的；间隔很近的；v. 常去，常出入于","adj. 频繁的，经常性的；间隔很近的 | v. 常去，常出入于","ˈfriːkwənt","ˈfriːkwənt","11:52.48"
"228","Week 1","228","colleague","n. 同事，同僚","n. 同事，同僚","ˈkɑːliːɡ","ˈkɒliːɡ","11:55.74"
"229","Week 1","229","numerous","adj. 众多的，许多的","adj. 众多的，许多的","ˈnuːmərəs","ˈnjuːmərəs","11:58.87"
"230","Week 1","230","necessarily","adv. 必定，必然；必要地","adv. 必定，必然；必要地","ˌnesəˈserəli","ˌnesəˈserəli","12:02.14"
"231","Week 1","231","minor","adj. 较小的，次要的，轻微的；（疾病）不严重的，（手术）小的；n. 未成年人；辅修课程；v. 辅修","adj. 较小的，次要的，轻微的；（疾病）不严重的，（手术）小的；小调的，小音阶的；未成年的；数量少的，范围小的；（逻）小（项）；（两兄弟或同姓男生中）年龄更小的 | n. 未成年人；辅修课程；（美国大学中的）辅修生；（乐）小调，小音程；（逻）小项，小前提；禾夜蛾 | v. 辅修","ˈmaɪnər","ˈmaɪnə(r)","12:05.67"
"232","Week 1","232","institution","n. 机构，团体；社会收容机构","n. 机构，团体；社会收容机构；制度，习俗；建立，制定；知名的人（或事物）","ˌɪnstɪˈtuːʃ(ə)n","ˌɪnstɪˈtjuːʃ(ə)n","12:08.67"
"233","Week 1","233","insurance","n. 保险；保险费","n. 保险；保险费；保险业；保险赔偿金，保险金；保险单；预防措施，安全保障","ɪnˈʃʊrəns","ɪnˈʃʊərəns","12:11.87"
"234","Week 1","234","ideal","adj. 理想的，最佳的；想象的，不切实际的；n. 理想；典范，完美典型","adj. 理想的，最佳的；想象的，不切实际的 | n. 理想；典范，完美典型","aɪˈdiːəl","aɪˈdiːəl","12:15.55"
"235","Week 1","235","popularity","n. 流行，普及，受欢迎","n. 流行，普及，受欢迎","ˌpɑːpjuˈlærəti","ˌpɒpjuˈlærəti","12:18.58"
"236","Week 1","236","competitive","adj. 竞争的；好竞争的，好胜的","adj. 竞争的；好竞争的，好胜的；有竞争力的","kəmˈpetətɪv","kəmˈpetətɪv","12:21.79"
"237","Week 1","237","budget","n. 预算；政府预算案；v. 制定预算，制定开支计划；计划，安排；adj. 廉价的，经济型的","n. 预算；政府预算案 | v. 制定预算，制定开支计划；计划，安排 | adj. 廉价的，经济型的","ˈbʌdʒɪt","ˈbʌdʒɪt","12:25.02"
"238","Week 1","238","fancy","v. 喜欢，想要；爱恋，爱慕；n. 喜欢，想要；想象，想象力，想象的事物；adj. 时髦的，奢华的；华丽的，花哨的","v. 喜欢，想要； 爱恋，爱慕； 认为……会成功（赢）； 认为，想象；自负，自命不凡（fancy oneself）； （表示惊奇或震惊）真想不到，竟然；爱恋，爱慕（常用于英式口语中）； 喜欢，想要（常用于英式口语中）；爱恋，爱慕（常用于英式口语中）；认为……会成功（赢） | n. 喜欢，想要；想象，想象力，想象的事物； （无根据的）想法，空想；花色小蛋糕；（赛马或其他体育比赛中）最被看好的人（或动物）； 喜爱的人（或事物）；（16和17世纪音乐用语）幻想曲；（无根据的）想法，空想 | adj. 时髦的，奢华的；华丽的，花哨的；复杂的，高难度的；（食品）特级的，优质的；娴熟的，巧妙的；（花）杂色的；（动物）供观赏的；（画，雕塑）凭想像创作的，想像出来的","ˈfænsi","ˈfænsi","12:28.55"
"239","Week 1","239","domestic","adj. 国内的，本国的；家用的，家庭的；n. 家庭纠纷，家庭矛盾；佣人，家仆","adj. 国内的，本国的；家用的，家庭的；喜爱家庭生活的，乐于操持家务的；非野生的，驯养的 | n. 家庭纠纷，家庭矛盾；佣人，家仆；国货，本地产品","dəˈmestɪk","dəˈmestɪk","12:31.62"
"240","Week 1","240","equal","adj. （在数量、大小、程度、价值方面）相等的，相同的；平等的，同等的；v. （在大小、数字、数量上）等于；比得上，达到；n. 同等的人，相等物","adj. （在数量、大小、程度、价值方面）相等的，相同的；平等的，同等的；胜任的，合适的；势均力敌的 | v. （在大小、数字、数量上）等于；比得上，达到；导致，结果为 | n. 同等的人，相等物","ˈiːkwəl","ˈiːkwəl","12:34.63"
"241","Week 1","241","attach","v. 系上，贴上，连接；附上（附件）","v. 系上，贴上，连接；附上（附件）；赋予，认为……具有； 和……在一起，缠着； 附带（条件)；附属，依附；与……有关联；委派；扣押（债务人或其财产)；使依恋","əˈtætʃ","əˈtætʃ","12:37.44"
"242","Week 1","242","capacity","n. 能力，才能；容积，容纳能力；adj. 无虚席的，满场的","n. 能力，才能；容积，容纳能力；职位，职责；功率，容积；生产量，生产能力 | adj. 无虚席的，满场的","kəˈpæsəti","kəˈpæsəti","12:40.63"
"243","Week 1","243","grant","v. 授予，给予；承认；n. 补助金，拨款；（政府给予的）土地","v. 授予，给予；承认 | n. 补助金，拨款；（政府给予的）土地；给予，授予；合法转让","ɡrænt","ɡrɑːnt","12:43.71"
"244","Week 1","244","prospect","n. 可能性，希望；预期，展望；v. 勘探，勘察；寻找（商业机会）","n. 可能性，希望；预期，展望；（尤指事业的）成功机会，前景；有望成功的人，有前途的人；可能的顾客，潜在的主顾；（尤指从高处看到的）景象，景色；潜在矿藏或矿床 | v. 勘探，勘察；寻找（商业机会）","ˈprɑːspekt","ˈprɒspekt","12:47.35"
"245","Week 1","245","concept","n. 概念，观念；adj. （围绕）某主题的；为表达一种想法而创造的；v. 想象，设想","n. 概念，观念 | adj. （围绕）某主题的；为表达一种想法而创造的 | v. 想象，设想","ˈkɑːnsept","ˈkɒnsept","12:51.96"
"246","Week 1","246","observe","v. 注意到，观察到；注视，监视","v. 注意到，观察到；注视，监视；（在科学研究中）观测，发现；说话，评论；遵守（规则、法律等）；庆祝（节日），纪念（某人或事件）；静默，默哀；举行，参加","əbˈzɜːrv","əbˈzɜːv","12:55.57"
"247","Week 1","247","mass","n. 团，块；大量，许多；adj. 民众的，大量的；v. （使）聚集，（使）集结","n. 团，块；大量，许多；（常指混乱的）一群，一堆；大量的东西；群众，平民百姓；大多数，多数；质量；（尤指罗马天主教的）弥撒；弥撒曲 | adj. 民众的，大量的 | v. （使）聚集，（使）集结","mæs","mæs","12:58.78"
"248","Week 1","248","positive","adj. 乐观的，有信心的；积极的，建设性的；n. 优势，优点；阳性结果","adj. 乐观的，有信心的；积极的，建设性的；良好的，有助益的；赞成的，支持的；确信的，肯定的；完全的，绝对的；证据确凿的，明确的；阳性的；正数的，大于零的；正电的，正极的；（摄影）正片的，正像的；（语法）（形容词，副词）原级的；（主哲）实证的，实在的；（占星）（风宫，火宫）积极的 | n. 优势，优点；阳性结果；正片；正极，阳极；正数；（语法）原级形容词，原级副词","ˈpɑːzətɪv","ˈpɒzətɪv","13:01.99"
"249","Week 1","249","tension","n. 紧张，焦虑；紧张关系，紧张局势；v. 使拉紧，使紧张","n. 紧张，焦虑；紧张关系，紧张局势；矛盾，冲突；（电线、绳子、肌肉等的）拉紧，绷紧；拉力，张力；（电影、书籍中的）紧张情绪，恐怖气氛；（编织的）针织密度；电压 | v. 使拉紧，使紧张","ˈtenʃ(ə)n","ˈtenʃ(ə)n","13:05.37"
"250","Week 1","250","evolve","v. 进化，演化；逐步发展，逐渐演变","v. 进化，演化；逐步发展，逐渐演变","ɪˈvɑːlv","ɪˈvɒlv","13:07.96"
"251","Week 2","1","eager","adj. 热切的，渴望的，渴求的","adj. 热切的，渴望的，渴求的","ˈiːɡər","ˈiːɡə(r)","00:02.10"
"252","Week 2","2","image","n. 形象，印象；影像，映像，图像；v. 作……的像，描绘……的形象；（以探测器或电磁束）扫描出……的直观图","n. 形象，印象；影像，映像，图像；比喻，意象；画像，塑像，雕像；酷似另一个人的人；（人或事物）外形，外表；像点；硬盘备份；（圣经）偶像 | v. 作……的像，描绘……的形象；（以探测器或电磁束）扫描出……的直观图；幻想，想像","ˈɪmɪdʒ","ˈɪmɪdʒ","00:04.28"
"253","Week 2","3","alert","adj. 警惕的，警觉的；机敏的，敏捷的；v. 向……报警，使警觉；提示，提醒（某人）；n. 警报，警示；警戒，警惕","adj. 警惕的，警觉的；机敏的，敏捷的；意识到，注意到（alert to） | v. 向……报警，使警觉；提示，提醒（某人） | n. 警报，警示；警戒，警惕；（电子设备的）提示信号；警戒期","əˈlɜːrt","əˈlɜːt","00:07.09"
"254","Week 2","4","citizen","n. 市民，城镇居民；公民，国民","n. 市民，城镇居民；公民，国民","ˈsɪtɪzn","ˈsɪtɪz(ə)n","00:09.92"
"255","Week 2","5","comment","n. 评论，意见；批评，指责；v. 评论，发表意见；（计算机）注解，把（部分程序）转成注解","n. 评论，意见；批评，指责；说明，写照；解说，注释；（计算机）注解 | v. 评论，发表意见；（计算机）注解，把（部分程序）转成注解","ˈkɑːment","ˈkɒment","00:12.85"
"256","Week 2","6","derive","v. 获得，取得；起源于，来自","v. 获得，取得；起源于，来自；提取，衍生（化学物质）","dɪˈraɪv","dɪˈraɪv","00:16.05"
"257","Week 2","7","dominate","v. 统治，支配；在……中占首要地位","v. 统治，支配；在……中占首要地位；俯视，高耸于；占绝对优势","ˈdɑːmɪneɪt","ˈdɒmɪneɪt","00:19.06"
"258","Week 2","8","recall","v. 记起，回想起；使想起，使想到；n. 记忆力，记性；召回","v. 记起，回想起；使想起，使想到；召回，叫回（某人）；召回（运动员），使归队； 收回（有问题的产品）；检索，调用（计算机储存的数据）； 罢免；使重新集中注意力； 撤销，废止（行动，决定） | n. 记忆力，记性；召回；（因产品有问题的）收回；（将运动员的）召回归队；（请愿后经投票对政府官员的）罢免；回索率，检索率；撤销","rɪˈkɔːl","rɪˈkɔːl","00:22.22"
"259","Week 2","9","entire","adj. 全部的，整个的；完全的，绝对的；n. 未经阉割的公马，种马","adj. 全部的，整个的；完全的，绝对的；（公马）未经阉割的；（叶子）全缘的，边缘光滑的 | n. 未经阉割的公马，种马","ɪnˈtaɪər","ɪnˈtaɪə(r)","00:25.22"
"260","Week 2","10","optimistic","adj. 乐观的，乐观主义的；（估计）过于乐观的，高估的","adj. 乐观的，乐观主义的；（估计）过于乐观的，高估的","ˌɑːptɪˈmɪstɪk","ˌɒptɪˈmɪstɪk","00:28.42"
"261","Week 2","11","motivate","v. 成为……的动机，是……的原因；激励，激发","v. 成为……的动机，是……的原因；激励，激发；申请","ˈmoʊtɪveɪt","ˈməʊtɪveɪt","00:31.92"
"262","Week 2","12","submit","v. 呈递，提交；屈服，不得已接受","v. 呈递，提交；屈服，不得已接受；建议，主张；使经受，使受到","səbˈmɪt","səbˈmɪt","00:35.36"
"263","Week 2","13","region","n. 地区，区域；行政区","n. 地区，区域；行政区；（首都以外的）地方（the regions）；身体部位；领域，界","ˈriːdʒən","ˈriːdʒən","00:38.52"
"264","Week 2","14","sum","n. 金额，款项；算术，简单计算；v. 概括，总结；求……的和，计算……的总数","n. 金额，款项；算术，简单计算；总数，总和；全部，一切（尤指数量不大）；计算失误；计算费用 | v. 概括，总结；求……的和，计算……的总数","sʌm; səm","sʌm","00:41.08"
"265","Week 2","15","series","n. 连续，一系列（事件）；（电视、广播等的）系列片，系列节目","n. 连续，一系列（事件）；（电视、广播等的）系列片，系列节目；丛书，系列出版物；（两队之间的）系列比赛；（电路的）串联；（同时发行的）一套邮票（或货币、硬币）；（由某一公司推出的）系列产品，（尤指）汽车系列；（年代地层学用语）统；（元素的）系；级数，序列项的总和；有共同特征的一组语音，系列（音）；音列","ˈsɪriːz","ˈsɪəriːz","00:43.87"
"266","Week 2","16","attribute","v. 把……归因于；认为是……所作；n. 属性，特质；标志，象征","v. 把……归因于；认为是……所作；认为……具有某种特质 | n. 属性，特质；标志，象征；定语","əˈtrɪbjuːt; ˈætrɪbjuːt","əˈtrɪbjuːt; ˈætrɪbjuːt","00:46.99"
"267","Week 2","17","characteristic","n. 特征，特点，特色；adj. 独特的，典型的","n. 特征，特点，特色 | adj. 独特的，典型的","ˌkærəktəˈrɪstɪk","ˌkærəktəˈrɪstɪk","00:51.46"
"268","Week 2","18","personality","n. 个性，性格；魅力，品格（如活力、友好、幽默等）","n. 个性，性格；魅力，品格（如活力、友好、幽默等）；（地方或事物的）特色；有突出个性的人；名人","ˌpɜːrsəˈnæləti","ˌpɜːsəˈnæləti","00:55.18"
"269","Week 2","19","announce","v. 宣布，公布；声称，郑重地说","v. 宣布，公布；声称，郑重地说；（尤指通过广播）通知；播报，讲解（体育赛事）；通报……的到来；显示；告知；宣布竞选公职","əˈnaʊns","əˈnaʊns","00:58.35"
"270","Week 2","20","requirement","n. 要求，必要条件；需要（要求）的事物","n. 要求，必要条件；需要（要求）的事物","rɪˈkwaɪərmənt","rɪˈkwaɪəmənt","01:01.69"
"271","Week 2","21","income","n. 收入，收益","n. 收入，收益","ˈɪnkʌm","ˈɪnkʌm","01:05.43"
"272","Week 2","22","employer","n. 雇主","n. 雇主","ɪmˈplɔɪər","ɪmˈplɔɪə(r)","01:08.43"
"273","Week 2","23","crisis","n. 危机，紧要关头；决定性时刻，关键时刻；adj. 用于处理危机的","n. 危机，紧要关头；决定性时刻，关键时刻；（病情的）转折点，危象 | adj. 用于处理危机的","ˈkraɪsɪs","ˈkraɪsɪs","01:11.53"
"274","Week 2","24","assume","v. 假定，假设，认为；装出，做出","v. 假定，假设，认为；装出，做出；承担，就职；呈现，具有；夺取，篡夺","əˈsuːm","əˈsjuːm","01:14.59"
"275","Week 2","25","intelligence","n. 智力，才智；智能","n. 智力，才智；智能；情报，谍报；情报机构","ɪnˈtelɪdʒəns","ɪnˈtelɪdʒəns","01:17.66"
"276","Week 2","26","immigrant","n. （外来）移民，侨民；adj. 移民的，迁入的","n. （外来）移民，侨民 | adj. 移民的，迁入的","ˈɪmɪɡrənt","ˈɪmɪɡrənt","01:21.06"
"277","Week 2","27","gender","n. 性别；（语法中的）性","n. 性别；（语法中的）性；（总称）男性，女性","ˈdʒendər","ˈdʒendə(r)","01:23.89"
"278","Week 2","28","executive","adj. 行政的，有执行权的；高档的，豪华的；n. 主管，经理；行政部门，执行委员会","adj. 行政的，有执行权的；高档的，豪华的；供主管人员使用的；（有关）经营管理的，领导的 | n. 主管，经理；行政部门，执行委员会","ɪɡˈzekjətɪv","ɪɡˈzekjətɪv","01:26.81"
"279","Week 2","29","scale","n. 规模，范围；等级，级别；v. 攀登，翻越；刮鳞；adj. （模型或复制品）按比例缩小的","n. 规模，范围；等级，级别；刻度，标度；秤；比例，比例尺；音阶；鳞，鳞片；水垢；牙垢；天平盘；天秤（星）座（the Scales）；（加热后金属上形成的）氧化皮；（数）进位制；（摄）影调范围 | v. 攀登，翻越；刮鳞；剔除（牙垢）；（按比例）缩小（或放大）；（尤指皮肤）生成鳞屑；（成片状）脱落，剥落；称得重量为；（数量，财产） 按一定比例调节；估算（树木的）产木材量 | adj. （模型或复制品）按比例缩小的","skeɪl","skeɪl","01:30.38"
"280","Week 2","30","massive","adj. 大而重的，结实的；非常严重的；n. （某一地区的年轻人群体）嬉蹦音乐迷（或丛林爵士音乐迷）","adj. 大而重的，结实的；非常严重的；大量的，大规模的；特别成功的，非常有影响的；（岩石或地层）均匀构造的，大块的；（矿物）外观非晶质的；极好的，非常妙的 | n. （某一地区的年轻人群体）嬉蹦音乐迷（或丛林爵士音乐迷）","ˈmæsɪv","ˈmæsɪv","01:33.42"
"281","Week 2","31","request","n. 要求，请求；要求的事，点播的歌曲；v. 请求，要求；要求（某人）做……，请求（某人）做……","n. 要求，请求；要求的事，点播的歌曲；（要求计算机提供信息或执行另一任务的）指令 | v. 请求，要求；要求（某人）做……，请求（某人）做……；点播（乐曲）","rɪˈkwest","rɪˈkwest","01:36.59"
"282","Week 2","32","resident","n. 居民，住户；（旅馆的）住宿者；adj. （在某地）居住的，居留的；常驻的","n. 居民，住户；（旅馆的）住宿者；住院医生； 寄宿制学校学生；（英国政府派驻半独立国家的） 特派代表；驻外特工；留鸟，无迁徙习性的蝴蝶（或其他动物） | adj. （在某地）居住的，居留的；常驻的；属于（某个群体）的；（鸟、蝴蝶等）非迁徙性的；（计算机程序、文件等在存储器中）驻留的","ˈrezɪdənt","ˈrezɪdənt","01:39.81"
"283","Week 2","33","capture","v. 俘获，捕获；夺取，占领；n. 捕获，被捕获；被捕获的人（或物）","v. 俘获，捕获；夺取，占领；吸引，引起；记录，体现；拍摄，录制；吃掉（国际象棋棋子）；使（数据）保存于电脑中；俘获（原子，亚原子粒）；（河流）袭夺 | n. 捕获，被捕获；被捕获的人（或物）；占领，攻占；夺取，抢占；（数据）存储","ˈkæptʃər","ˈkæptʃə(r)","01:42.89"
"284","Week 2","34","secure","adj. 稳固的，可靠的；严密把守的，牢固的；v. （尤指经过努力而）获得，得到；使安全，保护","adj. 稳固的，可靠的；严密把守的，牢固的；安全的，稳妥的；（对自己和自己的能力）有自信的；感到有保障的，没有顾虑的；固定住的，系牢的；秘密的 | v. （尤指经过努力而）获得，得到；使安全，保护；缚牢，将（某物）固定；确保，保证；为（债务或贷款）作抵押，作保；（外科）压迫（血管）止血；停止工作；船抛锚","sɪˈkjʊr","sɪˈkjʊə(r)","01:45.85"
"285","Week 2","35","fascinate","v. （尤指蛇）以眼神震慑（人，动物），使无法动弹；深深吸引，迷住","v. （尤指蛇）以眼神震慑（人，动物），使无法动弹；深深吸引，迷住","ˈfæsɪneɪt","ˈfæsɪneɪt","01:48.83"
"286","Week 2","36","prosperity","n. 繁荣，成功","n. 繁荣，成功","prɑːˈsperəti","prɒˈsperəti","01:52.12"
"287","Week 2","37","possibility","n. 可能，可能性；可能的选项，可能的途径","n. 可能，可能性；可能的选项，可能的途径；发展前景，潜能；可能发生的事；机会，契机","ˌpɑːsəˈbɪləti","ˌpɒsəˈbɪləti","01:55.15"
"288","Week 2","38","threaten","v. 威胁，恐吓；危及，对……构成威胁","v. 威胁，恐吓；危及，对……构成威胁；预示凶兆，有……危险","ˈθret(ə)n","ˈθret(ə)n","01:58.48"
"289","Week 2","39","characterize,-ise","v. 描述，刻画；成为……的特征，是……的典型","v. 描述，刻画；成为……的特征，是……的典型","ˈkærəktəraɪz","ˈkærəktəraɪz","02:01.69"
"290","Week 2","40","attempt","v. 努力，尝试；n. 试图，努力；企图杀害","v. 努力，尝试 | n. 试图，努力；企图杀害；（运动员创造记录的）尝试，冲击","əˈtempt","əˈtempt","02:05.05"
"291","Week 2","41","ambitious","adj. 有抱负的，野心勃勃的；费劲的，艰巨的","adj. 有抱负的，野心勃勃的；费劲的，艰巨的；热望的","æmˈbɪʃəs","æmˈbɪʃəs","02:08.19"
"292","Week 2","42","contest","n. 比赛，竞赛；争夺，竞争；v. 争辩，提出异议；争取赢得，角逐","n. 比赛，竞赛；争夺，竞争；争论，争执 | v. 争辩，提出异议；争取赢得，角逐","ˈkɑːntest","ˈkɒntest","02:11.27"
"293","Week 2","43","costly","adj. 昂贵的，值钱的；造成严重损失的，代价大的","adj. 昂贵的，值钱的；造成严重损失的，代价大的","ˈkɔːstli","ˈkɒstli","02:15.57"
"294","Week 2","44","mechanic","n. 机械工，机修工；劳工，工匠；adj. 手工的","n. 机械工，机修工；劳工，工匠；方法，手段 | adj. 手工的","məˈkænɪk; mɪˈkænɪk","məˈkænɪk; mɪˈkænɪk","02:18.45"
"295","Week 2","45","revolution","n. （思想、工作方式等的）彻底变革；（使用武力、暴力的）革命","n. （思想、工作方式等的）彻底变革；（使用武力、暴力的）革命；旋转；旋转一周；（马克思主义）共产主义革命（The Revolution）；循环","ˌrevəˈluːʃ(ə)n","ˌrevəˈluːʃn","02:21.58"
"296","Week 2","46","liberal","adj. 思想开明的；自由主义的，支持变革的；n. 思想开明的人；自由主义者，支持变革的人","adj. 思想开明的；自由主义的，支持变革的；（加拿大、英国等国）自由党的；慷慨的，大量给予的；通识（教育）的，文科的；不确切的，不拘泥字面的；自由主义神学的 | n. 思想开明的人；自由主义者，支持变革的人；（加拿大、英国等国的）自由党党员，自由党支持者","ˈlɪbərəl","ˈlɪbərəl","02:24.71"
"297","Week 2","47","technical","adj. 工艺的，技术的；专业的，专门的；n. （车后架设有机枪的）小卡车","adj. 工艺的，技术的；专业的，专门的；严格按照法律意义的，严格按字面解释的；（尤指体育或艺术等活动）技巧（上）的；与机器（或系统）运行相关的，技术性的 | n. （车后架设有机枪的）小卡车","ˈteknɪk(ə)l","ˈteknɪk(ə)l","02:27.93"
"298","Week 2","48","schedule","n. 计划（表），进度表；（公共汽车、火车等的）时间表；v. 安排，预定；列入，收进（正式目录、清单等中）","n. 计划（表），进度表；（公共汽车、火车等的）时间表；（价目、费用等的）清单，一览表；（电视或电台的）节目表；（学校的）课程表； 附件（尤指表格、单据等）；（英国所得税制的）报税单 | v. 安排，预定；列入，收进（正式目录、清单等中）； 把（建筑物）列为文物保护单位","ˈskedʒuːl","ˈʃedjuːl","02:31.27"
"299","Week 2","49","generous","adj. 慷慨的，大方的；大量的，丰富的","adj. 慷慨的，大方的；大量的，丰富的；宽宏大量的","ˈdʒenərəs","ˈdʒenərəs","02:35.10"
"300","Week 2","50","economist","n. 经济学家","n. 经济学家","ɪˈkɑːnəmɪst","ɪˈkɒnəmɪst","02:37.92"
"301","Week 2","51","string","n. 线，细绳，带子；一连串（类似事件）；v. 用线穿，串起；使排成一排，把……连在一起；adj. 由弦乐器组成的，弦乐器的；线织的，线的","n. 线，细绳，带子；一连串（类似事件）；一系列（类似的事物）；字符串，信息串；一串；弦；弦乐器，弦乐组；（网拍的）羊肠线，网线；小队，候补队员；特定条件（或限制）；（类似细绳的）细长物；（蔬菜、肉等食物的）纤维；（物理）一种假设的亚原子粒子；楼梯侧基板（stringboard 的简称） | v. 用线穿，串起；使排成一排，把……连在一起；悬挂，系，扎；给（乐器或球拍）串弦；去掉（豆荚）的筋；当特约记者；确定击球顺序；拖延……的时间；欺骗 | adj. 由弦乐器组成的，弦乐器的；线织的，线的","strɪŋ","strɪŋ","02:41.37"
"302","Week 2","52","broaden","v. 增长（经验、知识等）；变宽，变阔","v. 增长（经验、知识等）；变宽，变阔；（使）扩大影响","ˈbrɔːdn","ˈbrɔːdn","02:44.21"
"303","Week 2","53","vital","adj. 至关重要的，必不可少的；生机勃勃的，充满活力的；n. 身体的重要内脏，维持生命的重要器官（vitals）","adj. 至关重要的，必不可少的；生机勃勃的，充满活力的；生命的，维持生命所必需的 | n. 身体的重要内脏，维持生命的重要器官（vitals）","ˈvaɪt(ə)l","ˈvaɪt(ə)l","02:47.07"
"304","Week 2","54","recruit","v. 招聘，招收（新成员）；招募（新兵）；n. 新兵；新成员","v. 招聘，招收（新成员）；招募（新兵）；说服，动员；（通过招募）组成，组建； 恢复（数量、力气等） | n. 新兵；新成员","rɪˈkruːt","rɪˈkruːt","02:49.97"
"305","Week 2","55","assign","v. 分派，布置（工作、任务）；分配（某物）","v. 分派，布置（工作、任务）；分配（某物）；指派，派遣；确定（价值、功能、时间、地点）；转让（财产、权利）","əˈsaɪn","əˈsaɪn","02:52.98"
"306","Week 2","56","resolve","v. 解决（问题或困难）；决定，下定决心；n. 决心，坚定的信念；正式决定，决议","v. 解决（问题或困难）；决定，下定决心；作出决议，表决；分解，转化；（使）（症状、病情）消散，消退；解析，解离；分析；（不协和音）转向协和；（当远处物体看得更清楚时）变成；（光学仪器等）分辨；辨析（图表或光谱峰值） | n. 决心，坚定的信念；正式决定，决议；决定要做的事","rɪˈzɑːlv","rɪˈzɒlv","02:56.15"
"307","Week 2","57","historical","adj. （有关）历史的；历史学的","adj. （有关）历史的；历史学的；（书籍、电影或图片）描述历史的，基于史实的；按历史顺序排列的","hɪˈstɔːrɪk(ə)l","hɪˈstɒrɪk(ə)l","02:59.14"
"308","Week 2","58","reservation","n. 保留，保护；（房间，座位等的）预订","n. 保留，保护；（房间，座位等的）预订；（美国印第安人的）居留地，保留地；（野生动物）保护区；（财产转让的）权益保留；圣餐保留（指弥撒完毕后部分圣餐留给病人或作为礼拜之用）；存疑，保留；（罗马天主教高级圣职人员的）赦罪权的保留；（教皇的）任命权保留","ˌrezərˈveɪʃ(ə)n","ˌrezəˈveɪʃn","03:03.51"
"309","Week 2","59","creation","n. 创造，创建；作品，创作","n. 创造，创建；作品，创作；（上帝）创造天地；宇宙，世界，天地万物；授予，册封","kriˈeɪʃ(ə)n","kriˈeɪʃ(ə)n","03:07.08"
"310","Week 2","60","creative","adj. 创造（性）的，创作的；有创造力的，有想象力的；n. 创作者；创意，创作素材","adj. 创造（性）的，创作的；有创造力的，有想象力的 | n. 创作者；创意，创作素材","kriˈeɪtɪv","kriˈeɪtɪv","03:10.21"
"311","Week 2","61","intention","n. 意图，目的，打算；愈合","n. 意图，目的，打算；愈合；意念","ɪnˈtenʃ(ə)n","ɪnˈtenʃ(ə)n","03:13.18"
"312","Week 2","62","confidence","n. 自信，信心；信任，信赖","n. 自信，信心；信任，信赖；把握，肯定；保密，机密；秘密，知心话","ˈkɑːnfɪdəns","ˈkɒnfɪdəns","03:16.37"
"313","Week 2","63","generate","v. 产生，引起","v. 产生，引起","ˈdʒenəreɪt","ˈdʒenəreɪt","03:19.73"
"314","Week 2","64","perspective","n. （观察问题的）视角，观点；透视（画）法；adj. 透视的","n. （观察问题的）视角，观点；透视（画）法；（几何）透视关系，投影比例；洞察力，判断力；景观，远景；角度；（声音）立体效果 | adj. 透视的","pərˈspektɪv","pəˈspektɪv","03:22.97"
"315","Week 2","65","otherwise","adv. 否则，不然；除此以外，在其他方面；adj. 不是那样的，另外情况下的","adv. 否则，不然；除此以外，在其他方面；不同地，另外地；以其他方式，用别的方法 | adj. 不是那样的，另外情况下的","ˈʌðərwaɪz","ˈʌðəwaɪz","03:25.90"
"316","Week 2","66","ingredient","n. （食品的）成分，原料；要素，因素；adj. 构成组成部分的","n. （食品的）成分，原料；要素，因素 | adj. 构成组成部分的","ɪnˈɡriːdiənt","ɪnˈɡriːdiənt","03:29.31"
"317","Week 2","67","recession","n. （经济的）衰退（期）；退后，撤回","n. （经济的）衰退（期）；退后，撤回；（天文）退行；凹处","rɪˈseʃ(ə)n","rɪˈseʃ(ə)n","03:32.66"
"318","Week 2","68","inform","v. 通知，告知；告发，检举（inform on）","v. 通知，告知；告发，检举（inform on）；赋特征于，渗透；了解，熟悉；影响","ɪnˈfɔːrm","ɪnˈfɔːm","03:35.60"
"319","Week 2","69","poverty","n. 贫穷，贫困；贫乏，低劣","n. 贫穷，贫困；贫乏，低劣；个人财产权的放弃（作为宗教誓约的一部分）","ˈpɑːvərti","ˈpɒvəti","03:38.80"
"320","Week 2","70","implication","n. 可能的影响（或作用、结果）；含意，暗指","n. 可能的影响（或作用、结果）；含意，暗指；牵连，涉及","ˌɪmplɪˈkeɪʃ(ə)n","ˌɪmplɪˈkeɪʃn","03:41.94"
"321","Week 2","71","exposure","n. 暴露，接触；曝光，揭发","n. 暴露，接触；曝光，揭发；报道，宣传；单张胶片；曝光时间，曝光量；受冻；朝向","ɪkˈspoʊʒər","ɪkˈspəʊʒə(r)","03:45.42"
"322","Week 2","72","principle","n. （行为）准则，（道德）原则；道义，正直","n. （行为）准则，（道德）原则；道义，正直；基本原则，基本法则；（机器等或自然界的）原理，定律；（宗教或政治的）主义，信条；起源，本原；本质，实质；（化）成分，要素","ˈprɪnsəp(ə)l","ˈprɪnsəp(ə)l","03:48.49"
"323","Week 2","73","overall","adj. 总的，全面的；所有的，包括一切的；adv. 全部，总共；总的说来，大体上；n. （工作时穿的）罩衣；（上下连身的）工作服，防护服（overalls）","adj. 总的，全面的；所有的，包括一切的 | adv. 全部，总共； 总的说来，大体上 | n. （工作时穿的）罩衣；（上下连身的）工作服，防护服（overalls）；背带工装裤（overalls）；骑马裤，紧身制服裤（overalls）","ˌoʊvərˈɔːl","ˌəʊvərˈɔːl","03:51.48"
"324","Week 2","74","entertain","v. 使有兴趣，使快乐；心存，怀有（想法、希望、感觉等）","v. 使有兴趣，使快乐；心存，怀有（想法、希望、感觉等）；招待，请客","ˌentərˈteɪn","ˌentəˈteɪn","03:55.29"
"325","Week 2","75","folk","n. 人们；家人，双亲；adj. 民俗的，传统的；流传民间的，普通百姓的","n. 人们；家人，双亲；民间音乐；诸位，大伙儿 | adj. 民俗的，传统的；流传民间的，普通百姓的","foʊk","fəʊk","03:58.75"
"326","Week 2","76","sensitive","adj. 过敏的，易受影响的；灵敏的；n. 具有超自然通灵能力的人","adj. 过敏的，易受影响的；灵敏的；善解人意的，体恤的；（问题、话题）敏感的，须谨慎对待的；机密的，保密的；理解的，意识到的；（对艺术、音乐、文学等）感受力强的，有悟性的；需保护的；小心谨慎的；（照相材料）感光的；（市场）脆弱的；神经过敏的，敏感的 | n. 具有超自然通灵能力的人","ˈsensətɪv","ˈsensətɪv","04:01.68"
"327","Week 2","77","aggressive","adj. 好斗的，挑衅的；积极进取的","adj. 好斗的，挑衅的；积极进取的；非常严重的；强烈的","əˈɡresɪv","əˈɡresɪv","04:04.89"
"328","Week 2","78","mount","v. 组织，开展；爬上，登上；n. 山，山峰；坐骑，马","v. 组织，开展；爬上，登上；骑上；增多，增加，上升；增强，加剧；镶嵌，裱贴，安置；上演，展出；爬上（雌性动物的背）进行交配；设置（岗哨），担任（警卫）；把（观察对象）固定于显微镜的载玻片 | n. 山，山峰；坐骑，马；登，骑；（相片）框，（艺术品）装帧，衬托纸；底座，底架；（贴邮票用的）透明胶纸；（显微镜观察的）封片；掌丘","maʊnt","maʊnt","04:07.94"
"329","Week 2","79","corporation","n. 社团，公司，法人（团体）；市政当局","n. 社团，公司，法人（团体）；市政当局","ˌkɔːrpəˈreɪʃ(ə)n","ˌkɔːpəˈreɪʃ(ə)n","04:11.15"
"330","Week 2","80","thus","adv. 因此；这样，以此种方式","adv. 因此；这样，以此种方式；到如此程度","ðʌs","ðʌs","04:14.22"
"331","Week 2","81","exhibit","v. 表现出；卖弄，炫耀；n. 展品；（法庭上出示的）证物","v. 表现出；卖弄，炫耀；提出（证据等）；展览，展出 | n. 展品；（法庭上出示的）证物；展览，展出","ɪɡˈzɪbɪt","ɪɡˈzɪbɪt","04:17.50"
"332","Week 2","82","discount","n. 减价，折扣；（汇票或期票到期前转手的）贴现率；adj. 打折的，减价出售的；v. 打折，减价；不重视，忽视","n. 减价，折扣；（汇票或期票到期前转手的）贴现率 | adj. 打折的，减价出售的 | v. 打折，减价；不重视，忽视；否定，怀疑；贴现；（持票人或受票人）把（票据）贴现","ˈdɪskaʊnt","ˈdɪskaʊnt","04:20.81"
"333","Week 2","83","convenient","adj. 方便的，便利的；附近的，方便到达的","adj. 方便的，便利的；附近的，方便到达的；适当的","kənˈviːniənt","kənˈviːniənt","04:25.32"
"334","Week 2","84","qualify","v. （使）有权去做；取得资格，达到标准","v. （使）有权去做；取得资格，达到标准；获得参赛资格；使合格，胜任；符合，可算作；具体说明，使语气缓和；修饰，限定","ˈkwɑːlɪfaɪ","ˈkwɒlɪfaɪ","04:29.00"
"335","Week 2","85","reference","n. 提及，谈到；参考，查阅；adj. 参考的，用于查阅的；文献索引的，参照的；v. 列出……的参考书目；提及，提到","n. 提及，谈到；参考，查阅；（引自书或诗歌的）引言，引文；引文的作者，参考书目；（帮助或意见的）征求，征询； (为方便查询所用的）标记，编号；推荐信，介绍信；介绍人，推荐人 | adj. 参考的，用于查阅的；文献索引的，参照的 | v. 列出……的参考书目；提及，提到；引用，参照（某书或某作者）","ˈrefrəns","ˈrefrəns","04:31.82"
"336","Week 2","86","participation","n. 参加，参与","n. 参加，参与","pɑːrˌtɪsɪˈpeɪʃ(ə)n","pɑːˌtɪsɪˈpeɪʃn","04:35.23"
"337","Week 2","87","reputation","n. 名誉，名声","n. 名誉，名声","ˌrepjuˈteɪʃ(ə)n","ˌrepjuˈteɪʃ(ə)n","04:38.52"
"338","Week 2","88","compete","v. 竞争，对抗；争夺","v. 竞争，对抗；争夺；参加比赛","kəmˈpiːt","kəmˈpiːt","04:42.03"
"339","Week 2","89","guarantee","v. 确保，保证；担保，为……作保；n. 保证，担保；保修单，质量保证书","v. 确保，保证；担保，为……作保；保修，包换 | n. 保证，担保；保修单，质量保证书；担保金，抵押品","ˌɡærənˈtiː","ˌɡærənˈtiː","04:44.96"
"340","Week 2","90","restore","v. 恢复（某种情况或感受）；使复原，使复位","v. 恢复（某种情况或感受）；使复原，使复位；修复，整修；重新采用，恢复使用；归还","rɪˈstɔːr","rɪˈstɔː(r)","04:48.12"
"341","Week 2","91","federal","adj. 联邦（制）的；（与）联邦政府（有关）的；n. 联邦探员，联邦政府官员；（美国南北战争时期）北部联邦政府支持者","adj. 联邦（制）的；（与）联邦政府（有关）的；中央集权式的；（美国内战时期）北部联邦政府的 | n. 联邦探员，联邦政府官员；（美国南北战争时期）北部联邦政府支持者","ˈfedərəl","ˈfedərəl","04:51.14"
"342","Week 2","92","efficient","adj. 生效的，效率高的；（人）有能力的，能胜任的","adj. 生效的，效率高的；（人）有能力的，能胜任的","ɪˈfɪʃ(ə)nt","ɪˈfɪʃ(ə)nt","04:54.13"
"343","Week 2","93","efficiency","n. 效率，效能；（机器的）功率","n. 效率，效能；（机器的）功率","ɪˈfɪʃ(ə)nsi","ɪˈfɪʃ(ə)nsi","04:57.13"
"344","Week 2","94","criminal","n. 罪犯；adj. 犯法的，犯罪的；刑事的","n. 罪犯 | adj. 犯法的，犯罪的；刑事的；应受责备的，可耻的；罪犯的，犯人的；（行为或情形）令人遗憾的，令人震惊的","ˈkrɪmɪn(ə)l","ˈkrɪmɪn(ə)l","05:00.13"
"345","Week 2","95","solar","adj. 太阳的，和太阳有关的；（与）太阳能（有关）的；n. （中世纪房屋的）屋顶室，顶层房间","adj. 太阳的，和太阳有关的；（与）太阳能（有关）的 | n. （中世纪房屋的）屋顶室，顶层房间","ˈsoʊlər","ˈsəʊlə(r)","05:03.00"
"346","Week 2","96","obvious","adj. 明显的，显然的；明确表示的，毫不掩饰的","adj. 明显的，显然的；明确表示的，毫不掩饰的；平淡无奇的，缺乏想象力的；合情合理的，当然的","ˈɑːbviəs","ˈɒbviəs","05:05.96"
"347","Week 2","97","flexible","adj. 灵活的；柔韧的，易弯曲的","adj. 灵活的；柔韧的，易弯曲的","ˈfleksəb(ə)l","ˈfleksəb(ə)l","05:09.00"
"348","Week 2","98","feature","n. 特点，特征；五官，面貌（特征）；v. 以……为特色，以……为主要组成；起重要作用，占重要地位","n. 特点，特征；五官，面貌（特征）；地貌；特写，专题节目；正片； 特点，特征 | v. 以……为特色，以……为主要组成；起重要作用，占重要地位；放映，上演；担任主演","ˈfiːtʃər","ˈfiːtʃə(r)","05:12.18"
"349","Week 2","99","widespread","adj. 普遍的，广泛的","adj. 普遍的，广泛的","ˌwaɪdˈspred","ˈwaɪdspred","05:15.11"
"350","Week 2","100","craft","n. 工艺，手艺；船，艇，飞行器；v. 精心制作","n. 工艺，手艺；船，艇，飞行器；诡计，骗术；行业，职业；手工艺品 | v. 精心制作","kræft","krɑːft","05:18.63"
"351","Week 2","101","ease","n. 容易；舒适，自在；v. 减轻，缓和，放松；缓缓移动","n. 容易；舒适，自在 | v. 减轻，缓和，放松；缓缓移动；使容易；降低；使离职；熟悉","iːz","iːz","05:21.73"
"352","Week 2","102","tough","adj. （物质，物体）坚韧的，坚固的；（政策或行动）强硬的，严厉的；n. 恶棍；v. 坚持，忍受，忍耐；adv. 坚强地，坚定地","adj. （物质，物体）坚韧的，坚固的；（政策或行动）强硬的，严厉的；吃苦耐劳的，坚韧不拔的；顽固的，固执的；困难的，棘手的；艰难的，困苦的，难熬的；（食物）老的，不易切开的，嚼不动的；（人）粗暴的，粗鲁的；（地区）充满暴力与犯罪的；不幸的，倒霉的，活该（表示不同情） | n. 恶棍 | v. 坚持，忍受，忍耐 | adv. 坚强地，坚定地","tʌf","tʌf","05:24.44"
"353","Week 2","103","prompt","v. 促使，导致；鼓励，提示（说话者）；n. （给演员的）提词；（计算机屏幕上显示准备接受指令的）提示；adj. 迅速的，立刻的；（人）利索的，敏捷的；adv. 准时地","v. 促使，导致；鼓励，提示（说话者）；（计算机上）提示；（给演员）提词，提白 | n. （给演员的）提词；（计算机屏幕上显示准备接受指令的）提示； 鼓励，催促；（付款通知单上的）付款期限 | adj. 迅速的，立刻的；（人）利索的，敏捷的；及时的，准时的；（商品）即期要送的，即期要付的 | adv. 准时地","prɑːmpt","prɒmpt","05:27.31"
"354","Week 2","104","species","n. （动植物的）种，物种；种类；adj. 原种的","n. （动植物的）种，物种；种类；（具有相同特征的）一类人；（化学，物理）核素；（圣餐中用的）面包和圣酒 | adj. 原种的","ˈspiːʃiːz","ˈspiːʃiːz","05:30.19"
"355","Week 2","105","criticize,-ise","v. 批评，指责；评论","v. 批评，指责；评论","ˈkrɪtɪsaɪz","ˈkrɪtɪsaɪz","05:33.20"
"356","Week 2","106","confuse","v. 使糊涂，使迷惑；混淆，弄错","v. 使糊涂，使迷惑；混淆，弄错；使复杂化","kənˈfjuːz","kənˈfjuːz","05:36.24"
"357","Week 2","107","mood","n. 心境，情绪；气氛，情感基调","n. 心境，情绪；气氛，情感基调；心情不好，坏脾气；想（做某事），有兴致（做某事）；（尤指音乐）激发……情感的，暗示……心境的；（群体的）态度，意愿；表达语气的动词屈折变化；（语法的）式，语气； 想（做某事），有兴致（做某事）","muːd","muːd","05:39.20"
"358","Week 2","108","code","n. 密码，暗码；（邮政）编码，（电话）区号；v. 把……编码（或编号）；把……译成密码","n. 密码，暗码；（邮政）编码，（电话）区号；（计算机）编码；道德准则，行为规范；法典，法规 | v. 把……编码（或编号）；把……译成密码；（给计算机）编写指令","koʊd","kəʊd","05:42.21"
"359","Week 2","109","transport","n. 运输，运送；交通工具，运输方式；v. （用交通工具）运输，运送；（以自然方式）运输，传播","n. 运输，运送；交通工具，运输方式；交通运输系统；（运送部队、给养等的）运输船，运输机；强烈的感情，狂喜；流放犯 | v. （用交通工具）运输，运送；（以自然方式）运输，传播；使产生身临其境的感觉；流放，放逐（犯人）；使狂喜，使（某人）充满强烈情感（尤指快乐）","ˈtrænspɔːrt","ˈtrænspɔːt","05:44.93"
"360","Week 2","110","represent","v. 代表；为……代言（辩护）","v. 代表；为……代言（辩护）；代表（选区、政党、群体）任国会议员（或其他立法机构议员）；代表（国家、学校、城镇等参加比赛）；作为某人的代表（尤指在正式场合或仪式中）；等于，相当于；（符号或象征）代表，表示；象征，体现；展示，描绘；（尤指不真实地）描述，描写；扮演；明确讲述，清楚说明；声称；正式提出（意见、抗议等）","ˌreprɪˈzent","ˌreprɪˈzent","05:49.67"
"361","Week 2","111","emotion","n. 情感，情绪；激情，强烈的情感","n. 情感，情绪；激情，强烈的情感","ɪˈmoʊʃ(ə)n","ɪˈməʊʃ(ə)n","05:52.98"
"362","Week 2","112","volunteer","n. 志愿者，义务工作者；自告奋勇者，主动做某事的人；v. 自愿做，义务做，无偿做；志愿服役，志愿参军；adj. 志愿（者）的","n. 志愿者，义务工作者；自告奋勇者，主动做某事的人；志愿兵，义勇兵；自生植物；无因受益人 | v. 自愿做，义务做，无偿做；志愿服役，志愿参军；主动提供（信息），主动说出（或建议）；自作主张地说，（未经当事人同意）举荐 | adj. 志愿（者）的","ˌvɑːlənˈtɪr","ˌvɒlənˈtɪə(r)","05:55.77"
"363","Week 2","113","independent","adj. 自治的，独立的；自立的，自力更生的；n. 独立自主者，独立团体；无党派政治家","adj. 自治的，独立的；自立的，自力更生的；公正的，不受他人影响的；分离的，单独的；私营的；无党派的；有主见的，有独立见解的 | n. 独立自主者，独立团体；无党派政治家；公理会教友","ˌɪndɪˈpendənt","ˌɪndɪˈpendənt","05:59.04"
"364","Week 2","114","shock","n. 令人震惊的事；吃惊，震惊；v. 使震惊，使难以置信；（言语或行为）（使）愤慨，（使）生气；adj. 令人震惊的，令人大感意外的（尤用于新闻报道）；浓密的，蓬乱的","n. 令人震惊的事；吃惊，震惊；休克；电击，触电；减震器；（对经济、传统、生活方式的）冲击，撞击；（爆炸、地震等引起的）剧烈震动；浓密的头发；愤怒，生气；冲击力 ；（竖放在地里促使谷物更快晒干和成熟的）禾束堆 | v. 使震惊，使难以置信；（言语或行为）（使）愤慨，（使）生气；使触电，使遭电击；使恐惧（或厌恶）；使生理休克；把......堆成禾束堆 | adj. 令人震惊的，令人大感意外的（尤用于新闻报道）；浓密的，蓬乱的","ʃɑːk","ʃɒk","06:02.21"
"365","Week 2","115","confident","adj. （性格，态度）自信的，充满信心的；坚信的，肯定的；n. 密友，知己","adj. （性格，态度）自信的，充满信心的；坚信的，肯定的 | n. 密友，知己","ˈkɑːnfɪdənt","ˈkɒnfɪdənt","06:05.27"
"366","Week 2","116","survive","v. （经历事故、战争或疾病后）活下来，幸存；比……活得久，比……长寿","v. （经历事故、战争或疾病后）活下来，幸存；比……活得久，比……长寿；挺过，艰难度过；幸免于难，留存；（靠很少的钱）继续维持生活；设法对付（困难或令人不愉快的事）","sərˈvaɪv","səˈvaɪv","06:08.01"
"367","Week 2","117","propose","v. 提议，建议；提出（理论或解释）","v. 提议，建议；提出（理论或解释）；提名，推荐；计划，打算；求婚；（向立法机构或委员会）提交（动议）；提议祝（酒）","prəˈpoʊz","prəˈpəʊz","06:11.27"
"368","Week 2","118","register","n. 登记表，注册簿；注册员；v. 登记，注册；（正式地或公开地）发表意见，提出主张","n. 登记表，注册簿；注册员；（人或乐器的）声区，音区；（适合特定场合使用的）语体风格，语域；（印刷，摄影）套准，叠合；现金出纳机；（电子设备的）寄存器；（供暖或制冷设备的）调风口，节气门；（设计图案组成的）条，局部 | v. 登记，注册；（正式地或公开地）发表意见，提出主张；流露出，表达出；注意到，受到注意；（仪器上）显出，显示；把……挂号邮寄；取得（结果），得（分）；（印刷，摄影）套准，叠合","ˈredʒɪstər","ˈredʒɪstə(r)","06:14.21"
"369","Week 2","119","preserve","v. 保护，维护；保持，维持；n. 果酱，腌菜；（某人或某个团体的）专属领域，独有活动","v. 保护，维护；保持，维持；腌制，保存（食物）；禁止他人捕猎 | n. 果酱，腌菜；（某人或某个团体的）专属领域，独有活动；动物保护区，外人禁入的猎地","prɪˈzɜːrv","prɪˈzɜːv","06:17.49"
"370","Week 2","120","behave","v. 行为，表现；起反应，起作用","v. 行为，表现；起反应，起作用；守规矩，举止得体","bɪˈheɪv","bɪˈheɪv","06:20.69"
"371","Week 2","121","discipline","n. 纪律，风纪；惩罚，处分；v. 惩罚，处分；训练，管教","n. 纪律，风纪；惩罚，处分；训导，管教；训练，锻炼；自制力，自律能力；（尤指大学的）科目，学科 | v. 惩罚，处分；训练，管教","ˈdɪsəplɪn","ˈdɪsəplɪn","06:23.40"
"372","Week 2","122","portion","n. （某物的）一部分；（尤指餐馆中食物的）一份，一客；v. 分配；给（新娘）嫁妆","n. （某物的）一部分；（尤指餐馆中食物的）一份，一客；（责任、过失、职责等的）一份，一部分；（根据法律赠与或遗留给继承人的）一份财产； 命运，天数 | v. 分配； 给（新娘）嫁妆","ˈpɔːrʃ(ə)n","ˈpɔːʃ(ə)n","06:26.53"
"373","Week 2","123","whereas","conj. （表示对比）但是，然而；鉴于（用于文件的开头）；n. 序言，开场白；条件语句","conj. （表示对比）但是，然而；鉴于（用于文件的开头） | n. 序言，开场白；条件语句","ˌwerˈæz","ˌweərˈæz","06:29.50"
"374","Week 2","124","legal","adj. 法律允许的，合法的；与法律有关的，法律的","adj. 法律允许的，合法的；与法律有关的，法律的；（与衡平法相对）普通法或成文法确认的；神学律法的，与神学律法有关的；（纸张）标准大小的","ˈliːɡ(ə)l","ˈliːɡ(ə)l","06:33.16"
"375","Week 2","125","intense","adj. 很大的，十分强烈的；严肃紧张的，激烈的","adj. 很大的，十分强烈的；严肃紧张的，激烈的；热情的，热切的；专注的，认真的","ɪnˈtens","ɪnˈtens","06:35.65"
"376","Week 2","126","atmosphere","n. （包围地球或其他行星的）大气，大气层；（房间或其他场所内的）空气","n. （包围地球或其他行星的）大气，大气层；（房间或其他场所内的）空气；气氛，环境；情调，感染力","ˈætməsfɪr","ˈætməsfɪə(r)","06:38.95"
"377","Week 2","127","settle","v. 解决，结束（争端等）；确定，决定；n. 高背扶手木长椅","v. 解决，结束（争端等）；确定，决定；定居，安家；殖民，移居于；安置，安顿；（使）平静，（使）安定；降落，停留；（使）沉降，下陷；付清，结算；处理，分配（财产）；笼罩，稳定下来；把......放好，安放；（无可奈何地）接受（或答应） | n. 高背扶手木长椅","ˈset(ə)l","ˈset(ə)l","06:42.27"
"378","Week 2","128","intelligent","adj. 聪明的；有智力的","adj. 聪明的；有智力的；智能的","ɪnˈtelɪdʒənt","ɪnˈtelɪdʒənt","06:45.03"
"379","Week 2","129","suspect","v. 猜想，认为（某事有可能）；怀疑……有罪，认为……有嫌疑；n. 嫌疑犯，可疑分子；（某坏事物的）可能导致者；adj. 不可靠的，不可信的；可疑的，可能有危险的","v. 猜想，认为（某事有可能）；怀疑……有罪，认为……有嫌疑；不信任，怀疑……的真实性 | n. 嫌疑犯，可疑分子；（某坏事物的）可能导致者 | adj. 不可靠的，不可信的；可疑的，可能有危险的；有问题的，运转不好的","səˈspekt","səˈspekt","06:48.72"
"380","Week 2","130","justify","v. 是……的正当理由；对……作出解释，为……辩解","v. 是……的正当理由；对……作出解释，为……辩解；使（文本）对齐；（在上帝的眼中）称义，使有义；证明合法；整理版面","ˈdʒʌstɪfaɪ","ˈdʒʌstɪfaɪ","06:53.27"
"381","Week 2","131","behavio(u)r","n. 行为，举止，态度；活动方式，特点，特性","n. 行为，举止，态度；活动方式，特点，特性；习惯","bɪˈheɪvjər","bɪˈheɪvjə(r)","06:56.84"
"382","Week 2","132","primarily","adv. 主要地，首要地，根本地","adv. 主要地，首要地，根本地","praɪˈmerəli","praɪˈmerəli","06:59.98"
"383","Week 2","133","label","n. 标签，标牌；称号，绰号；v. 贴标签；把……不公正地称为","n. 标签，标牌；称号，绰号；商标，品牌；唱片公司；（计算机）标记；示踪剂；带垂饰的横带 | v. 贴标签；把……不公正地称为；用示踪剂使（物质等）示踪","ˈleɪb(ə)l","ˈleɪb(ə)l","07:02.92"
"384","Week 2","134","bankrupt","adj. 破产的，倒闭的；沦丧的，无价值的；v. 使破产，使极其贫困；n. 破产者","adj. 破产的，倒闭的；沦丧的，无价值的 | v. 使破产，使极其贫困 | n. 破产者","ˈbæŋkrʌpt","ˈbæŋkrʌpt","07:05.51"
"385","Week 2","135","strategic","adj. 战略（性）的， 策略（上）的；（计划或战略上）有用的，重要的","adj. 战略（性）的， 策略（上）的；（计划或战略上）有用的，重要的；（武器、战争或地方）战略性的，有战略优势的","strəˈtiːdʒɪk","strəˈtiːdʒɪk","07:08.72"
"386","Week 2","136","sponsor","n. 赞助者，赞助商；（培训或教育的）资助者；v. 赞助（活动、节目等）；为慈善活动捐资，为义赛捐款","n. 赞助者，赞助商；（培训或教育的）资助者；（慈善活动的）捐款者，捐资机构；法案的倡议者；担保人，保证人；（宗教事宜中的）引领人 | v. 赞助（活动、节目等）； 为慈善活动捐资，为义赛捐款；倡议，提交（法案等）；主办，促成；纵容；为……担保","ˈspɑːnsər","ˈspɒnsə(r)","07:12.21"
"387","Week 2","137","convenience","n. 方便，便利；便利的事物，便利设施","n. 方便，便利；便利的事物，便利设施；公共厕所","kənˈviːniəns","kənˈviːniəns","07:15.37"
"388","Week 2","138","dependent","adj. 依赖的，依靠的；取决于；n. 受供养者","adj. 依赖的，依靠的；取决于；有瘾的 | n. 受供养者","dɪˈpendənt","dɪˈpendənt","07:18.39"
"389","Week 2","139","extend","v. 延伸；扩大，延长","v. 延伸；扩大，延长；持续；包括，波及；提供，表示；伸出；使竭尽全力；对……估价；继承（面向对象语言中的一种概念）","ɪkˈstend","ɪkˈstend","07:21.45"
"390","Week 2","140","prosperous","adj. 繁荣的，富足的","adj. 繁荣的，富足的","ˈprɑːspərəs","ˈprɒspərəs","07:24.28"
"391","Week 2","141","rarely","adv. 罕有，很少；异乎寻常地，极度","adv. 罕有，很少；异乎寻常地，极度","ˈrerli","ˈreəli","07:27.61"
"392","Week 2","142","resort","n. 旅游胜地，度假胜地；求助的方法，采用的手段；v. 诉诸，求助于；常去，（成群结队地）去","n. 旅游胜地，度假胜地；求助的方法，采用的手段；采用，诉诸，求助 | v. 诉诸，求助于；常去，（成群结队地）去","rɪˈzɔːrt","rɪˈzɔːt","07:30.73"
"393","Week 2","143","energetic","adj. 精力充沛的，充满活力的；积极的","adj. 精力充沛的，充满活力的；积极的；（活动）剧烈的，费力气的；高能的","ˌenərˈdʒetɪk","ˌenəˈdʒetɪk","07:33.69"
"394","Week 2","144","mystery","n. 难以理解（或解释）的事物，奥秘；神秘的人（或事物）；adj. 神秘的，身份不明的","n. 难以理解（或解释）的事物，奥秘；神秘的人（或事物）；不可思议；疑案小说（或电影、戏剧）；（宗教信仰的）奥义，真谛；圣餐礼 | adj. 神秘的，身份不明的","ˈmɪstəri","ˈmɪst(ə)ri","07:37.25"
"395","Week 2","145","estimate","v. 估计；判断，评价；n. 估计，估价；估价单","v. 估计；判断，评价 | n. 估计，估价；估价单；看法，判断","ˈestɪmət; ˈestɪmeɪt","ˈestɪmət; ˈestɪmeɪt","07:40.39"
"396","Week 2","146","strip","v. 除去，撕掉（外皮或表层）；夺去，剥夺（地位，权力，财产）；n. （纸、金属、织物等）条，带；带状地带","v. 除去，撕掉（外皮或表层）；夺去，剥夺（地位，权力，财产）；脱衣服，脱光……的衣服；表演脱衣舞；为（奶牛）收奶；拆卸，拆开（机器、车辆或引擎 ）；拆散（汽车等）卖零件；使空无一物，搬光（家具、设备等）；（使）（螺丝或齿轮）受损；（为利润）出售（公司资产）；分离（债券的）息票使二者分开出售；（子弹出膛时因膛面磨损而）不旋转 | n. （纸、金属、织物等）条，带；带状地带；（比赛时穿的）队服，球衣；商业街；脱衣舞；连环漫画；（定时播出的）广播节目；飞机跑道","strɪp","strɪp","07:45.17"
"397","Week 2","147","dozen","n. 一打，十二个；大量，许多","n. 一打，十二个；大量，许多；十多个","ˈdʌz(ə)n","ˈdʌz(ə)n","07:48.61"
"398","Week 2","148","survival","n. 继续生存，存活，幸存；遗留物，幸存物，残存物；adj. 幸存的，赖以生存的，救生用的","n. 继续生存，存活，幸存；遗留物，幸存物，残存物 | adj. 幸存的，赖以生存的，救生用的","sərˈvaɪv(ə)l","səˈvaɪv(ə)l","07:52.17"
"399","Week 2","149","scene","n. 事发地，现场；事件，场面","n. 事发地，现场；事件，场面；（戏剧、书、电影等的）片段，情节；（戏剧的）一场；（戏剧）布景；活动领域，圈子；（某地方或图画中的）景色，景象；（当众）发脾气，吵闹；同性恋者常去的社交场所","siːn","siːn","07:55.38"
"400","Week 2","150","justice","n. 公平，正义；公道，合理","n. 公平，正义；公道，合理；司法，法律制裁；法官","ˈdʒʌstɪs","ˈdʒʌstɪs","07:58.12"
"401","Week 2","151","exert","v. 运用，施加（影响）；努力，尽力（exert oneself）","v. 运用，施加（影响）；努力，尽力（exert oneself）","ɪɡˈzɜːrt","ɪɡˈzɜːt","08:01.54"
"402","Week 2","152","industrial","adj. 工业的，产业的；有很多产业的，工业发达的；n. 从事工业的公司；工业股票","adj. 工业的，产业的；有很多产业的，工业发达的；工业用的，用于工业的；（与）工业摇滚（有关）的；因勤劳而得到的 | n. 从事工业的公司；工业股票；工业工人","ɪnˈdʌstriəl","ɪnˈdʌstriəl","08:04.70"
"403","Week 2","153","extreme","adj. 极大的，极度的；极端的，严重的；n. （观点或行为方式的）极端；（事物的）极度","adj. 极大的，极度的；极端的，严重的；过分的，偏激的；尽头的，末端的；极限的，从事极限运动的 | n. （观点或行为方式的）极端；（事物的）极度；端顶，端词","ɪkˈstriːm","ɪkˈstriːm","08:08.11"
"404","Week 2","154","constant","adj. 持续不断的，经常发生的；恒定的，不变的；n. 常数，恒量；不变的事物","adj. 持续不断的，经常发生的；恒定的，不变的；忠诚的，忠实的 | n. 常数，恒量；不变的事物","ˈkɑːnstənt","ˈkɒnstənt","08:11.29"
"405","Week 2","155","realistic","adj. 务实的，实事求是的；实际的，现实可行的","adj. 务实的，实事求是的；实际的，现实可行的；写实的，逼真的；实在论的","ˌriːəˈlɪstɪk","ˌriːəˈlɪstɪk","08:14.63"
"406","Week 2","156","conference","n. （大型、正式的）会议，研讨会；（小型正式的）商讨，讨论","n. （大型、正式的）会议，研讨会；（小型正式的）商讨，讨论；体育协会（或联合会）","ˈkɑːnfərəns","ˈkɒnfərəns","08:17.55"
"407","Week 2","157","transaction","n. 交易，买卖，业务；（学术团体会议的）议事录，公报","n. 交易，买卖，业务；（学术团体会议的）议事录，公报；（人与人之间的）交流，相互影响；事务（元），事项","trænˈzækʃ(ə)n","trænˈzækʃ(ə)n","08:20.72"
"408","Week 2","158","committee","n. 委员会；受托人，监护人","n. 委员会；受托人，监护人；精神病者监护人","kəˈmɪti","kəˈmɪti","08:24.08"
"409","Week 2","159","revise","v. 改变，修正；修改，修订（书刊、估算等）；n. 修订，校订；（印刷）改样","v. 改变，修正；修改，修订（书刊、估算等）；温习，复习 | n. 修订，校订；（印刷）改样","rɪˈvaɪz","rɪˈvaɪz","08:27.07"
"410","Week 2","160","literature","n. 文学，文学作品；（某一学科的）文献，著述","n. 文学，文学作品；（某一学科的）文献，著述；印刷品，宣传品","ˈlɪtərətʃʊr; ˈlɪtrətʃər; ˈlɪtrətʃʊr","ˈlɪtrətʃə(r); ˈlɪtərətʃə","08:30.12"
"411","Week 2","161","sacrifice","n. 牺牲，献出；献祭，供奉；v. 牺牲，献出；献祭，以……为祭品","n. 牺牲，献出；献祭，供奉；祭牲，供品；基督的献身（指耶稣被钉在十字架上）；（天主教作为献祭圣体和圣血，或新教表示感恩的）圣餐礼；（棋）（为战略或战术原因所作出的）弃子，弃卒；（棒球中）牺牲打（sacrifice bunt/fly）；（桥牌）（指在对方叫到进局定约之后的）牺牲性叫牌（sacrifice bid） | v. 牺牲，献出；献祭，以……为祭品；（棋）（故意）弃子，弃卒；（棒球）做牺牲打；（棒球）以牺牲打使（跑垒者）进垒；（桥牌）作牺牲性叫牌；亏本出售","ˈsækrɪfaɪs","ˈsækrɪfaɪs","08:33.27"
"412","Week 2","162","presence","n. 出席，存在；（某人的）所在地方","n. 出席，存在；（某人的）所在地方；感觉中的存在物（如鬼魂）；驻扎部队，驻扎的警力；风度，气质；（公司在某地的）工人（或产品），势力","ˈprez(ə)ns","ˈprez(ə)ns","08:36.80"
"413","Week 2","163","style","n. 方式，作风；款式，样式；v. 设计，给……造型；称呼，命名","n. 方式，作风；款式，样式；（尤指服装上的）风尚，流行式样；风格，体；轻松优雅的方式；生活方式；发型；气派，优雅格调；文风，文体；称号，称谓；（植）（花的）花柱；（无脊椎动物的）尾片，尾须 | v. 设计，给……造型；称呼，命名；使合潮流；用刻刀作装饰画","staɪl","staɪl","08:39.84"
"414","Week 2","164","bound","adj. 必然的，肯定的；受约束的，有义务的；v. 跳跃，蹦跳着走；形成……的边界，划界；n. 界限，限制；蹦跳，跳跃；v. 捆绑；使团结","adj. 必然的，肯定的；受约束的，有义务的；被……所限制的，被……所束缚的；要到……去的，驶往……的；装订好的，有封面的；（与……）紧密相连的，关系密切；准备就绪的；（语法要素）黏附的 | v. 跳跃，蹦跳着走；形成……的边界，划界；限制，约束；突然增长，急剧上升；（尤指圆形的物体）弹回，弹开 | n. 界限，限制；蹦跳，跳跃 | v. 捆绑；使团结；凝结（bind 的过去式和过去分词形式）","baʊnd","baʊnd","08:42.82"
"415","Week 2","165","similarly","adv. 相似地；同样，也","adv. 相似地；同样，也","ˈsɪmələrli","ˈsɪmələli","08:45.70"
"416","Week 2","166","virtual","adj. 几乎……的，实质上的；（在计算机或互联网上存在或出现的）虚拟的，模拟的","adj. 几乎……的，实质上的；（在计算机或互联网上存在或出现的）虚拟的，模拟的；（光学）虚的，虚拟的；（机械学）虚的；（物理）虚的","ˈvɜːrtʃuəl","ˈvɜːtʃuəl","08:48.96"
"417","Week 2","167","virtually","adv. 事实上，几乎；虚拟地，模拟地","adv. 事实上，几乎；虚拟地，模拟地","ˈvɜːrtʃuəli","ˈvɜːtʃuəli","08:52.01"
"418","Week 2","168","location","n. 地点，位置；（电影的）外景拍摄地","n. 地点，位置；（电影的）外景拍摄地；定位；（计算机内存里的）地址","loʊˈkeɪʃ(ə)n","ləʊˈkeɪʃn","08:55.00"
"419","Week 2","169","contribution","n. 贡献，促成作用；捐款，捐助","n. 贡献，促成作用；捐款，捐助；（保险金、养老金等的）定期缴款；稿件，投稿","ˌkɑːntrɪˈbjuːʃ(ə)n","ˌkɒntrɪˈbjuːʃ(ə)n","08:58.24"
"420","Week 2","170","discourage","v. 使泄气，使灰心；使打消念头，劝阻","v. 使泄气，使灰心；使打消念头，劝阻；阻碍","dɪsˈkɜːrɪdʒ","dɪsˈkʌrɪdʒ","09:01.66"
"421","Week 2","171","moreover","adv. 此外，而且","adv. 此外，而且","mɔːrˈoʊvər","mɔːrˈəʊvə(r)","09:04.86"
"422","Week 2","172","gather","vt. &vi. 聚集，召集；收集，采集","vt.&vi. 聚集，召集；收集，采集；认为，推断；增加（速度、力量等）；给……打褶；收紧，拉近","ˈɡæðər","ˈɡæðə(r)","09:08.05"
"423","Week 2","173","somewhat","adv. 稍微，有点；pron. 几分；某物","adv. 稍微，有点 | pron. 几分；某物","ˈsʌmwʌt","ˈsʌmwɒt","09:11.03"
"424","Week 2","174","distinguish","v. 使有别于；看清，认出","v. 使有别于；看清，认出；区别，分清","dɪˈstɪŋɡwɪʃ","dɪˈstɪŋɡwɪʃ","09:13.88"
"425","Week 2","175","psychological","adj. 心理的，精神的；心理学的，关于心理学的","adj. 心理的，精神的；心理学的，关于心理学的；由焦虑（或悲伤）引起的，存在于心理上的","ˌsaɪkəˈlɑːdʒɪk(ə)l","ˌsaɪkəˈlɒdʒɪk(ə)l","09:16.97"
"426","Week 2","176","surround","v. 围绕，环绕；（军队，警察等）包围；n. （物品的）边，饰边；周围的事物，环境","v. 围绕，环绕；（军队，警察等）包围；与……紧密相连（或相关）；喜欢结交（某类人），身边总有（某类东西） | n. （物品的）边，饰边；周围的事物，环境","səˈraʊnd","səˈraʊnd","09:20.34"
"427","Week 2","177","origin","n. 起源，起因；出身，血统","n. 起源，起因；出身，血统；（原）产地；肌肉起端；神经（或血管）起端；（数）原点","ˈɔːrɪdʒɪn","ˈɒrɪdʒɪn","09:23.59"
"428","Week 2","178","define","v. 给……下定义，解释；阐明，使清楚","v. 给……下定义，解释；阐明，使清楚；标明……界限，明确显出……轮廓；是……的特征，为……的特色","dɪˈfaɪn","dɪˈfaɪn","09:26.64"
"429","Week 2","179","specialist","n. 专家；专科医生；adj. 专业的；专门的","n. 专家；专科医生；美国陆军专业人员（高于一等兵低于下士的军衔） | adj. 专业的；专门的；专家的","ˈspeʃəlɪst","ˈspeʃəlɪst","09:29.67"
"430","Week 2","180","impress","v. 使钦佩，使留下深刻印象；使意识到（重要性或严重性等）；n. 压印，印记","v. 使钦佩，使留下深刻印象；使意识到（重要性或严重性等）；使铭记；压，压印；外加（电流，电势）；传送；强征 | n. 压印，印记","ɪmˈpres","ɪmˈpres","09:32.96"
"431","Week 2","181","impression","n. 印象，感想；影响，作用","n. 印象，感想；影响，作用；印象画；（对名人的）滑稽模仿；（通常有悖事实的）感觉，假象；压印，印记；印次；（网络广告）印象数","ɪmˈpreʃ(ə)n","ɪmˈpreʃ(ə)n","09:35.92"
"432","Week 2","182","dictate","v. 命令，规定；影响，支配；n. 命令，规定","v. 命令，规定；影响，支配；口述，使听写 | n. 命令，规定","ˈdɪkteɪt","dɪkˈteɪt","09:39.53"
"433","Week 2","183","faculty","n. 机能；天赋，才能","n. 机能；天赋，才能；（高等院校的）系，院； 全体教员；（某行业，尤指医学行业的）全体从业人员；（尤指来自教会当权者的）特许证，许可证","ˈfæk(ə)lti","ˈfæk(ə)lti","09:44.89"
"434","Week 2","184","electric","adj. 电的；令人激动的；n. 电路系统；电气交通工具","adj. 电的；令人激动的；电子扩音的 | n. 电路系统；电气交通工具","ɪˈlektrɪk","ɪˈlektrɪk","09:48.10"
"435","Week 2","185","bet","v. 打赌，赌博；敢肯定；n. 下注；赌金；abbr. 在……之间（between）","v. 打赌，赌博；敢肯定 | n. 下注；赌金；预计，猜想；有可能成功的人选（或备选行动） | abbr. 在……之间（between）","bet","bet","09:51.50"
"436","Week 2","186","salary","n. 薪金，薪水；v. 给……薪金","n. 薪金，薪水 | v. 给……薪金","ˈsæləri","ˈsæləri","09:54.52"
"437","Week 2","187","humanity","n. 人类（总称）；人性，人的属性","n. 人类（总称）；人性，人的属性；人道，仁慈；（历史、哲学、文学等）人文学科","hjuːˈmænəti","hjuːˈmænəti","09:57.37"
"438","Week 2","188","limited","adj. 有限的；受限的；n. 高级快车；v. 限制（limit 的过去式和过去分词形式）","adj. 有限的；受限的；受宪法限制的；（公司）有限责任的 (=Ltd) | n. 高级快车 | v. 限制（limit 的过去式和过去分词形式）","ˈlɪmɪtɪd","ˈlɪmɪtɪd","10:00.80"
"439","Week 2","189","refer","v. 提到，谈及（refer to）；描述，涉及（refer to）","v. 提到，谈及（refer to）；描述，涉及（refer to）；查阅，参考（refer to）；将……送交给（以求获得帮助等）；让（某人）注意；把……归因于；（考试中）淘汰（应试者）","rɪˈfɜːr","rɪˈfɜː(r)","10:03.70"
"440","Week 2","190","expose","v. 暴露，使显露；使面临，使遭受（危险或不快）；n. 揭露，曝光","v. 暴露，使显露；使面临，使遭受（危险或不快）；揭露，揭发；接触，体验；露出，显露（感情）；使（胶卷）曝光；弃（婴孩）于户外让其死去 | n. 揭露，曝光","ɪkˈspoʊz","ɪkˈspəʊz","10:06.73"
"441","Week 2","191","element","n. 基本部分，要素；元素","n. 基本部分，要素；元素；有点，少量；一群人；恶劣天气（the elements）；基本原理；适宜的环境；电热元件，电热丝；（基督教圣餐中的）面包和酒","ˈelɪmənt","ˈelɪmənt","10:10.20"
"442","Week 2","192","journal","n. 杂志，期刊，报纸；日记，日志","n. 杂志，期刊，报纸；日记，日志；（会计）日记账","ˈdʒɜːrn(ə)l","ˈdʒɜːn(ə)l","10:13.16"
"443","Week 2","193","division","n. 分开，分配；除法","n. 分开，分配；除法；部门；分歧，不和；分界线；（军队编制中的）师；（英国议会的）分组表决；（足球等体育运动中联赛的）级","dɪˈvɪʒ(ə)n","dɪˈvɪʒ(ə)n","10:16.02"
"444","Week 2","194","temporary","adj. 暂时的，临时的；短期的，短暂的；n. 临时雇员，临时工","adj. 暂时的，临时的；短期的，短暂的 | n. 临时雇员，临时工","ˈtempəreri","ˈtemprəri","10:19.02"
"445","Week 2","195","depict","v. 描述，描绘","v. 描述，描绘","dɪˈpɪkt","dɪˈpɪkt","10:22.16"
"446","Week 2","196","remind","v. 提醒，使想起；（因相像）使联想起（remind sb. of）","v. 提醒，使想起；（因相像）使联想起（remind sb. of）","rɪˈmaɪnd","rɪˈmaɪnd","10:25.31"
"447","Week 2","197","route","n. 路线，航线；道路，路途；v. 按特定路线发送（车辆、货物或乘客）；以......线路发送（电话或其他电子信号）","n. 路线，航线；道路，路途；常规路线，固定路线；（尤指作为送货工作的）例行拜访，递送路线；途径，方法；（用于美国城市间干线公路编号前）公路（Route） | v. 按特定路线发送（车辆、货物或乘客）；以......线路发送（电话或其他电子信号）","ruːt","ruːt","10:28.33"
"448","Week 2","198","routine","n. 常规，惯例；生活乏味，无聊；adj. 常规的，例行的；平常的，毫不特别的；v. 按惯例安排","n. 常规，惯例；生活乏味，无聊；（演出中的）一套动作，一系列笑话（等）；（为达到特定目的的）老一套，俗套；（计算机）例行程序 | adj. 常规的，例行的；平常的，毫不特别的；平淡乏味的 | v. 按惯例安排","ruːˈtiːn","ruːˈtiːn","10:31.43"
"449","Week 2","199","precious","adj. 宝贵的，珍贵的；珍视的，重要的；n. （用作称呼）宝贝，亲爱的；adv. 非常，极其","adj. 宝贵的，珍贵的；珍视的，重要的；珍稀的，珍奇的；（表示气愤）宝贝似的；（言行）矫揉造作的，过分讲究的；可爱的，讨人喜欢的 | n. （用作称呼）宝贝，亲爱的 | adv. 非常，极其","ˈpreʃəs","ˈpreʃəs","10:34.61"
"450","Week 2","200","retire","v. （令）退职，（使）退休；（专业运动员）退役；n. 退休，退隐","v. （令）退职，（使）退休；（专业运动员）退役；（因受伤、生病而）退出比赛；使（击球手）出局； 退出，离开（去安静的地方）； 睡觉，就寝；（陪审团）退庭表决；（军队）撤退；命令（部队）撤退；停止使用，使报废；收回（票据，纸币），使停止流通；清偿，付清（债务） | n. 退休，退隐","rɪˈtaɪər","rɪˈtaɪə(r)","10:37.56"
"451","Week 2","201","yield","v. 产生（收益、效益等），产生（结果）；出产（天然产品，农产品，工业产品）；n. 产量；收益，利润，红利（或股息）率","v. 产生（收益、效益等），产生（结果）；出产（天然产品，农产品，工业产品）；屈服，让步；放弃，让出；给（大路上的车辆）让路；（受压）活动，弯曲，折断；被……替代；请（某人）讲话；停止争论 | n. 产量；收益，利润，红利（或股息）率","jiːld","jiːld","10:40.48"
"452","Week 2","202","alternative","n. 可供选择的事物，替代物；adj. 可替代的，备选的；非传统的，另类的","n. 可供选择的事物，替代物 | adj. 可替代的，备选的；非传统的，另类的；（两者）互不相容的，非此即彼的","ɔːlˈtɜːrnətɪv","ɔːlˈtɜːnətɪv","10:43.43"
"453","Week 2","203","sustainable","adj. （计划、方法、体制）可持续的，持续性的；（自然资源）可持续的，不破坏环境的","adj. （计划、方法、体制）可持续的，持续性的；（自然资源）可持续的，不破坏环境的 ；站得住脚的","səˈsteɪnəb(ə)l","səˈsteɪnəb(ə)l","10:46.76"
"454","Week 2","204","reflect","v. 反射（光、热或声音）；反映，照出（影像）","v. 反射（光、热或声音）；反映，照出（影像）；显示，表明；深思，反省；深思后认为，深思后说；引起（某种）看法，带来影响","rɪˈflekt","rɪˈflekt","10:50.18"
"455","Week 2","205","racial","adj. 种族关系的，种族之间的；人种的，种族的","adj. 种族关系的，种族之间的；人种的，种族的","ˈreɪʃ(ə)l","ˈreɪʃ(ə)l","10:53.16"
"456","Week 2","206","slip","v. 滑倒，失足；滑落，脱落；n. 疏漏，差错；小纸条","v. 滑倒，失足；滑落，脱落；溜走，悄悄地走；偷偷塞进；滑行，打滑；下降，变差；陷入；迅速穿上，迅速脱下；摆脱，挣脱；飞逝，过得飞快；被（某人）忘记；放出（动物，尤指猎狗）；（身体部分）移位，脱臼；（编织）挑过一针不结；略微松动（汽车离合器）；（动物）流产 | n. 疏漏，差错；小纸条；滑，滑倒；滑动；衬裙；（击球员后侧的）守场员；（制陶器用的）泥浆，泥釉；（飞机飞行中的）侧滑；牵狗皮带；（两个码头之间）泊位；（编织）挑针；变糟，下跌；接枝，插枝；瘦小的年轻人","slɪp","slɪp","10:55.83"
"457","Week 2","207","stimulate","v. 促进，激发（某事物）；激发，鼓励","v. 促进，激发（某事物）；激发，鼓励；使（身体，生物系统）兴奋，刺激；起刺激作用","ˈstɪmjuleɪt","ˈstɪmjuleɪt","10:58.87"
"458","Week 2","208","foundation","n. 地基，基础；基本原理，根据","n. 地基，基础；基本原理，根据；基金会；建立，创办；（化妆打底用的）粉底霜","faʊnˈdeɪʃ(ə)n","faʊnˈdeɪʃ(ə)n","11:02.17"
"459","Week 2","209","setting","n. （某事发生的）环境，场合；（戏剧、小说或电影的）场景，背景；v. （小心地）放置；嵌入（表面）","n. （某事发生的）环境，场合；（戏剧、小说或电影的）场景，背景；舞台布景；（设备的）档位；（宝石的）镶嵌底座；（为诗、祷文等谱写的）乐曲；（供一人用的）一副餐具 | v. （小心地）放置；嵌入（表面）；（电影、戏剧、故事等）以……为背景（set 的现在分词形式）","ˈsetɪŋ","ˈsetɪŋ","11:05.20"
"460","Week 2","210","panic","n. 恐慌，惊慌；人心惶惶，惶恐不安；adj. 恐慌的；v. （使）恐慌，（使）惊慌失措","n. 恐慌，惊慌；人心惶惶，惶恐不安；忙乱，慌乱；粟，稷，糜子 | adj. 恐慌的 | v. （使）恐慌，（使）惊慌失措","ˈpænɪk","ˈpænɪk","11:08.14"
"461","Week 2","211","nevertheless","adv. 然而，不过","adv. 然而，不过","ˌnevərðəˈles","ˌnevəðəˈles","11:11.41"
"462","Week 2","212","inquire","v. 调查，查究；询问，打听","v. 调查，查究；询问，打听","ɪnˈkwaɪər","ɪnˈkwaɪə(r)","11:14.73"
"463","Week 2","213","twist","v. 使弯曲；（使）扭曲变形；n. 扭动，转动；弯曲处，拐弯处","v. 使弯曲；（使）扭曲变形；扭动身体；扭伤（脚踝等）；旋转，转动；编织，捻在一起；缠绕；歪曲，曲解；蜿蜒，曲折；欺诈；牌面朝上 | n. 扭动，转动；弯曲处，拐弯处；转折，变化；螺旋形物体；扭摆舞（the twist）；扭歪，（性格）反常；（棉，丝） 合股线；混合酒；欺诈；（棍棒或其他物体） 扭转度；扭转力，转矩；绕轴旋转前进","twɪst","twɪst","11:17.93"
"464","Week 2","214","emphasize,-ise","v. 强调，着重；重读（单词或短语）","v. 强调，着重；重读（单词或短语）；使突出（或明显）","ˈemfəsaɪz","ˈemfəsaɪz","11:20.60"
"465","Week 2","215","structure","n. 结构，构造；结构体，（尤指）大型建筑物；v. 计划，组织，安排","n. 结构，构造；结构体，（尤指）大型建筑物；周密安排，精心组织；机构，组织，体系 | v. 计划，组织，安排","ˈstrʌktʃər","ˈstrʌktʃə(r)","11:24.00"
"466","Week 2","216","stock","n. 现货，存货；储备物，备用物；v. 备有，存有；摆满，供应；adj. 老一套的，陈腐的；（商店）库存的，常备的","n. 现货，存货；储备物，备用物；股本，资本；股份，股票；公债，公债券；家畜，牲畜；种族，家系；高汤，原汤；手足枷（stocks）；柄，枪托；名声，声望；紫罗兰；接穗，砧木；根茎，根状茎；保留剧目轮演剧团；信任，相信；铁路上使用的所有车辆；（胶卷）原片；发剩下的牌；（商品的）原材料；锚杆；主轴台，主轴箱（headstock 的简写）；尾架，尾座（tailstock 的简写）；白色领结，白色领带；（牧师衣领下系的）黑色领带；船台（stocks） | v. 备有，存有；摆满，供应；为（枪等火器）装枪托；出新芽 | adj. 老一套的，陈腐的；（商店）库存的，常备的；（有关）电影资料镜头的","stɑːk","stɒk","11:27.77"
"467","Week 2","217","overtake","v. 追上， 赶上并超过（汽车或人）；（发展或增长）超越，超过","v. 追上， 赶上并超过（汽车或人）；（发展或增长）超越，超过；突然降临于，意外发生在；（情感等）压倒，使难以承受","ˌoʊvərˈteɪk","ˌəʊvəˈteɪk","11:31.00"
"468","Week 2","218","assumption","n. 假定，假设；取得，承担","n. 假定，假设；取得，承担","əˈsʌmpʃ(ə)n","əˈsʌmpʃn","11:34.47"
"469","Week 2","219","resume","v. 恢复（职位），回到（座位）；继续说，接着说；n. 梗概，摘要（résumé或resumé）；简历，履历（résumé或resumé）","v. 恢复（职位），回到（座位）；继续说，接着说；概述；（中断后）重新开始，继续 | n. 梗概，摘要（résumé或resumé）；简历，履历（résumé或resumé）","rɪˈzuːm; ˈrezəmeɪ","rɪˈzjuːm; ˈrezjuːmeɪ","11:37.32"
"470","Week 2","220","induce","v. 引诱，诱使；引起，导致","v. 引诱，诱使；引起，导致；给（孕妇）引产，（用药物）催生；归纳出","ɪnˈduːs","ɪnˈdjuːs","11:41.95"
"471","Week 2","221","stability","n. 稳定（性），稳固（性）；坚定，恒心","n. 稳定（性），稳固（性）；坚定，恒心","stəˈbɪləti","stəˈbɪləti","11:45.39"
"472","Week 2","222","vehicle","n. 交通工具，车辆；（实现目的的）工具，媒介","n. 交通工具，车辆；（实现目的的）工具，媒介；（为展露主演者才华而）度身定制的创作（电影、电视节目、歌曲等）；赋形药，调漆料；（个人，组织从事经营、尤指投资的）公司","ˈviːəkl; ˈviːhɪkl","ˈviːəkl","11:48.24"
"473","Week 2","223","orbit","n. （环绕地球、太阳等运行的）轨道；势力范围，影响范围；v. 沿轨道运行，环绕……运行；使（卫星）进入轨道","n. （环绕地球、太阳等运行的）轨道；势力范围，影响范围；眼眶，眼窝 | v. 沿轨道运行，环绕……运行；使（卫星）进入轨道","ˈɔːrbɪt","ˈɔːbɪt","11:51.40"
"474","Week 2","224","junior","adj. 年龄较小的；地位（或级别）低的，资历较浅的；n. 较年幼者，年少者；地位（或级别）较低者，下属","adj. 年龄较小的；地位（或级别）低的，资历较浅的；（体育运动）青少年的；（7-11岁的）学童的；（学校或学校的一部分) 为11或13岁以下儿童设立的；（四年制大学或中学）三年级学生的；小（用于与父亲同名者的名字之后） | n. 较年幼者，年少者；地位（或级别）较低者，下属；（高中或大学的）三年级学生；青少年运动员；男孩，（尤指）儿子；（英国的）小学生","ˈdʒuːniər","ˈdʒuːniə(r)","11:54.45"
"475","Week 2","225","transfer","v. （使）转移，搬迁；转移（感情），传染（疾病），转让（权力等）；n. 转移，转让，调动；（运动员）转会","v. （使）转移，搬迁；转移（感情），传染（疾病），转让（权力等）；（使）调动，转职；转会，使转会（尤指职业足球队）；（将所得学分）转到（另一所学校）；转接（电话）；将（钱）转到（另一个账户上）；转让（财产，权利），移交（责任）；转用；转存，转录（资料、音乐等），改编；（旅途中）转乘，换乘；转印（图画，图案）；（通过延伸、隐喻）转变（词义，短语义） | n. 转移，转让，调动；（运动员）转会；转换，过渡；已调动的人，已转移的东西；（旅行中）转乘，转搭；转车票，换乘票；纸上可转印的图画或图案；迁移（将已习得的行为在新的情况下应用）","trænsˈfɜːr","trænsˈfɜː(r)","11:57.54"
"476","Week 2","226","devote","v. 献身，致力；用于","v. 献身，致力；用于","dɪˈvoʊt","dɪˈvəʊt","12:01.69"
"477","Week 2","227","eliminate","v. 剔除，根除；对……不予考虑，把……排除在外","v. 剔除，根除；对……不予考虑，把……排除在外；（比赛中）淘汰；铲除，杀害；（生理）排除，排泄；消去","ɪˈlɪmɪneɪt","ɪˈlɪmɪneɪt","12:04.76"
"478","Week 2","228","normally","adv. 通常，平常；正常地","adv. 通常，平常；正常地；正交地","ˈnɔːrməli","ˈnɔːməli","12:07.93"
"479","Week 2","229","statistic","n. 统计数字，统计资料；统计学（statistics）；adj. 统计的，统计学的（同 statistical）","n. 统计数字，统计资料；统计学（statistics）；（一项）统计数据 | adj. 统计的，统计学的（同 statistical）","stəˈtɪstɪk","stəˈtɪstɪk","12:10.78"
"480","Week 2","230","evolution","n. 进化（论）；演变，发展","n. 进化（论）；演变，发展；（气体的）释放，（热量的）散发；队形变换，位置变换；开方","ˌevəˈluːʃ(ə)n","ˌiːvəˈluːʃ(ə)n","12:14.49"
"481","Week 2","231","threat","n. 威胁，恐吓；构成威胁的人（或事物）；v. 威胁","n. 威胁，恐吓；构成威胁的人（或事物）；凶兆，征兆；（律）恐吓，威胁 | v. 威胁","θret","θret","12:17.60"
"482","Week 2","232","mission","n. （尤指赴他国的）使命，重要任务；职责，天职；vi. 作艰苦的长途旅行（尤指去许多地方）；派遣","n. （尤指赴他国的）使命，重要任务；职责，天职；（军用飞机或航天火箭的）飞行任务；军事行动；（一个组织的）目的，宗旨；外交使团，代表团；驻外机构，使馆；（尤指在海外的）传教，布道；传教团，布道团；布道所，传教所 | vi. 作艰苦的长途旅行（尤指去许多地方）；派遣；向……传教","ˈmɪʃ(ə)n","ˈmɪʃ(ə)n","12:20.79"
"483","Week 2","233","negotiation","n. 谈判，协商；转让","n. 谈判，协商；转让","nɪˌɡoʊʃiˈeɪʃ(ə)n","nɪˌɡəʊʃiˈeɪʃn","12:23.85"
"484","Week 2","234","statement","n. 声明，报告；说明，说法，表态；vt. 对儿童进行特殊教育评估认定","n. 声明，报告；说明，说法，表态；结算单，报表；（某观点的） 表达；（嫌犯或证人向警方提供的） 陈述，证词；（文字）陈述，表述；评估报告（英国地方教育主管部门针对儿童的特殊需要而提出意见）；（乐）（作品主题或旋律的）呈现；（计算机程序中的）语句 | vt. 对儿童进行特殊教育评估认定","ˈsteɪtmənt","ˈsteɪtmənt","12:27.25"
"485","Week 2","235","urge","v. 敦促，催促，力劝；竭力主张，强烈要求；n. 强烈的欲望，冲动；推动力","v. 敦促，催促，力劝；竭力主张，强烈要求；驱赶，鞭策；鼓励，激励（~ sb. on） | n. 强烈的欲望，冲动；推动力","ɜːrdʒ","ɜːdʒ","12:30.69"
"486","Week 2","236","era","n. 时代，年代，纪元","n. 时代，年代，纪元","ˈɪrə","ˈɪərə","12:33.54"
"487","Week 2","237","curriculum","n. 课程","n. 课程","kəˈrɪkjələm","kəˈrɪkjələm","12:35.87"
"488","Week 2","238","deadline","n. 最后期限，截止日期；（监狱周围的）死线","n. 最后期限，截止日期；（监狱周围的）死线","ˈdedlaɪn","ˈdedlaɪn","12:39.38"
"489","Week 2","239","stretch","v. （使）变大，拉长；（布料）可伸缩，有弹性；n. （土地或水域的）一片，一段；（时间）连续的一段，持续；adj. （织物）有弹性的，有弹力的","v. （使）变大，拉长；（布料）可伸缩，有弹性；伸展肢体；伸出，伸长（胳膊或腿）；拉紧，拽紧；（时间上）延续；（空间上）延伸，绵延；使竭尽所能，使施展本领；耗尽，竭尽（财力或物力）；（使）延长使用，节俭地使用；（资金，资源）足够，够用；放宽，放松；夸大，夸张；涉及，囊括 | n. （土地或水域的）一片，一段；（时间）连续的一段，持续；（肢体）伸展，伸开；弹性，伸缩性；服刑期；（终点前的）直线跑道；言过其实的话；困难的任务，苛求的任务；加长轿车；抢风航行的距离 | adj. （织物）有弹性的，有弹力的","stretʃ","stretʃ","12:42.34"
"490","Week 2","240","panel","n. 专家咨询组，专题讨论小组；（门等的）镶板，嵌板；v. 用（木板、金属板等）覆盖，镶","n. 专家咨询组，专题讨论小组；（门等的）镶板，嵌板；控制板，仪表盘；（车身的）金属板；（衣服上的）镶条，饰片；画板；陪审团；国民保健制度（原国民健康保险）医师名单；被告 | v. 用（木板、金属板等）覆盖，镶","ˈpæn(ə)l","ˈpæn(ə)l","12:45.20"
"491","Week 2","241","procedure","n. 手续，步骤；（商业、法律或政治上的）程序","n. 手续，步骤；（商业、法律或政治上的）程序；外科手术；（电脑的）应用程式","prəˈsiːdʒər","prəˈsiːdʒə(r)","12:48.28"
"492","Week 2","242","regardless","adv. 不顾，不加理会；不管怎样，无论如何；adj. 不管的，不注意的","adv. 不顾，不加理会；不管怎样，无论如何 | adj. 不管的，不注意的","rɪˈɡɑːrdləs","rɪˈɡɑːdləs","12:51.58"
"493","Week 2","243","arise","v. 产生，出现；起源（于），由……引出","v. 产生，出现；起源（于），由……引出；起床，起立；上升","əˈraɪz","əˈraɪz","12:54.87"
"494","Week 2","244","spouse","n. 配偶；v. 和……结婚","n. 配偶 | v. 和……结婚","spaʊs","spaʊs","12:57.98"
"495","Week 2","245","secondary","adj. （教育）中等的，中学的；次要的， 第二位的；n. 副手，下属；第二防线","adj. （教育）中等的，中学的；次要的， 第二位的；（疾病、感染）继发性的，第二期的；间接的；（化学反应）副的；（有机化合物）二代的；（主要指胺）仲的；（电）次级的；（地质）中生代的（Secondary） | n. 副手，下属；第二防线；中学（secondary school 的简称）；（鸟）次级飞羽（secondary feather 的简称）；（变压器中的）次级线圈；（地质）中生代（the Secondary）","ˈsekənderi","ˈsekənd(ə)ri","13:00.92"
"496","Week 2","246","stuff","n. 东西，物品；基本特征，特质，根本；v. 塞进，填进；填满，装满","n. 东西，物品；基本特征，特质，根本；（某人从事的）活动，事情；原材料；投球能力；作品，乐曲，艺术；胡说八道，废话，荒谬的想法；饮料，毒品；毛料，呢绒 | v. 塞进，填进；填满，装满；填作料，填馅；制作（动物）标本；（使）吃撑，吃足；不稀罕，不在乎；把同样的印刷品装进（信封）；把伪造选票投入（票箱）；性交（一个男人和一个女人性交）","stʌf","stʌf","13:03.88"
"497","Week 2","247","ceremony","n. 仪式，典礼；礼节，礼仪，客套","n. 仪式，典礼；礼节，礼仪，客套","ˈserəmoʊni","ˈserəməni","13:07.07"
"498","Week 2","248","transform","v. 使改观，使变形，使转化；变换（电流）的电压；n. （数，语言学）变换式，转换句；（数，语言学）转换规则","v. 使改观，使变形，使转化；变换（电流）的电压；（数）变换（数学实体） | n. （数，语言学）变换式，转换句；（数，语言学）转换规则","trænsˈfɔːrm","trænsˈfɔːm","13:09.64"
"499","Week 2","249","hinder","v. 阻碍，妨碍；adj. （尤指身体部位）后面的","v. 阻碍，妨碍 | adj. （尤指身体部位）后面的","ˈhɪndər","ˈhɪndə(r)","13:13.91"
"500","Week 2","250","leadership","n. 领导，领导地位；领导才能","n. 领导，领导地位；领导才能；领导人员，领导层；领先地位","ˈliːdərʃɪp","ˈliːdəʃɪp","13:15.95"
"501","Week 3","1","joint","adj. 联合的，共同的，共有的；连带的；n. 关节；（一般带有骨头的）一大块肉；v. 把……切成带骨的大块肉；接合，联合","adj. 联合的，共同的，共有的；连带的 | n. 关节；（一般带有骨头的）一大块肉；（两个物体或部分的）接合处，接缝；廉价娱乐场所，下等娱乐场所；大麻烟卷 | v. 把……切成带骨的大块肉；接合，联合；使有接头","dʒɔɪnt","dʒɔɪnt","00:01.95"
"502","Week 3","2","relieve","v. 缓解（疼痛或不快的感觉）；减轻（问题的严重性）","v. 缓解（疼痛或不快的感觉）；减轻（问题的严重性）；接替，替下；调剂，排遣； 给（城镇）解围，解救；救济，救援；使某人摆脱（烦人的责任）；免去，解除；上厕所，排便","rɪˈliːv","rɪˈliːv","00:04.63"
"503","Week 3","3","web","n. （蜘蛛）网；网状物，错综复杂的事物；v. 用网（或网状物）覆盖；使中圈套","n. （蜘蛛）网；网状物，错综复杂的事物；网络；（鸟兽的）蹼；连接板，金属薄条（片）；（连续印刷用）一卷纸；（制造卷筒纸的造纸机上的）无端金属丝网；织物 | v. 用网（或网状物）覆盖；使中圈套；形成网","web","web","00:07.72"
"504","Week 3","4","status","n. 法律地位（或身份）；（尤指在社会中的）地位，身份","n. 法律地位（或身份）；（尤指在社会中的）地位，身份；高级职位，社会上层地位；重视（或崇尚）程度；状况，情形","ˈsteɪtəs; ˈstætəs","ˈsteɪtəs","00:10.75"
"505","Week 3","5","cite","v. 引用，援引；引证，引以为例；n. 引用，引文","v. 引用，援引；引证，引以为例；传唤，传讯；嘉奖，表彰 | n. 引用，引文","saɪt","saɪt","00:13.80"
"506","Week 3","6","unexpected","adj. 想不到的，意外的","adj. 想不到的，意外的","ˌʌnɪkˈspektɪd","ˌʌnɪkˈspektɪd","00:16.71"
"507","Week 3","7","technique","n. 技巧，工艺；（尤指体育或艺术方面的）技巧，技术","n. 技巧，工艺；（尤指体育或艺术方面的）技巧，技术","tekˈniːk","tekˈniːk","00:19.87"
"508","Week 3","8","rational","adj. （想法、决定等）合理的，基于理性的；（人）理性的，理智的；n. 有理数","adj. （想法、决定等）合理的，基于理性的；（人）理性的，理智的；富有理性的；（数）有理的，有理数的 | n. 有理数","ˈræʃ(ə)nəl","ˈræʃ(ə)nəl","00:23.38"
"509","Week 3","9","embrace","v. 拥抱；欣然接受，乐意采纳；n. 拥抱；接受，信奉","v. 拥抱；欣然接受，乐意采纳；包括，涉及；围绕，环绕 | n. 拥抱；接受，信奉","ɪmˈbreɪs","ɪmˈbreɪs","00:26.13"
"510","Week 3","10","encounter","v. 遭遇；偶遇，邂逅；n. 偶遇，邂逅；经历，体验","v. 遭遇；偶遇，邂逅 | n. 偶遇，邂逅；经历，体验；冲突；比赛，交锋","ɪnˈkaʊntər","ɪnˈkaʊntə(r)","00:29.21"
"511","Week 3","11","offend","v. 得罪，冒犯；令人不悦，令人不舒服","v. 得罪，冒犯；令人不悦，令人不舒服； 犯罪，违法； 违犯，违反","əˈfend","əˈfend","00:32.31"
"512","Week 3","12","annoy","v. 使恼怒，使烦恼；打扰，骚扰","v. 使恼怒，使烦恼；打扰，骚扰；侵扰","əˈnɔɪ","əˈnɔɪ","00:35.67"
"513","Week 3","13","strike","v. 击，撞；（用手或武器等）打；n. 罢工，罢市，罢课；袭击，攻击","v. 击，撞；（用手或武器等）打；罢工；突然想到，突然意识到；突击，袭击，进攻；（疾病、灾难等）侵袭；让（某人）觉得；引起（强烈感情）；达成，达到；行进；（时钟）敲响；发现（黄金，矿物，石油）；铸造，冲制；删除；踢球，击球；使处于特定状态；摆出（姿态）；照在……上；弹奏，奏出；划（火柴）, 击出（火星）；拆除（帐篷、帆等）；生根，附着；（渔）急拉钓线把鱼钩住；来到 | n. 罢工，罢市，罢课；袭击，攻击；击，踢；（石油等宝贵资源的）发现；（投出的）好球；（棒球中的）击空；（十柱保龄球）一投全倒；不利因素；拒绝，抗拒；（地层、断层等地质特征的）走向","straɪk","straɪk","00:38.39"
"514","Week 3","14","react","v. （作出）反应；起化学反应","v. （作出）反应；起化学反应； (对食物等）不良反应，过敏；（股票价格）回跌","riˈækt","riˈækt","00:41.53"
"515","Week 3","15","criticism","n. 批评，批判；意见","n. 批评，批判；意见；评论，评价；（对文学作品和历史文献的）考证","ˈkrɪtɪsɪzəm","ˈkrɪtɪsɪzəm","00:44.27"
"516","Week 3","16","specifically","adv. 特意，专门地；明确地，具体地","adv. 特意，专门地；明确地，具体地；具体来说，确切地说；局限性地；专门；（生）种的","spəˈsɪfɪkli","spəˈsɪfɪkli","00:46.97"
"517","Week 3","17","optional","adj. 可选择的，选修的","adj. 可选择的，选修的","ˈɑːpʃən(ə)l","ˈɒpʃən(ə)l","00:50.41"
"518","Week 3","18","channel","n. 频道，电视频道；管道，通道，航道；v. 引导，把……用于；输送，传送","n. 频道，电视频道；管道，通道，航道；渠道，手段；沟渠，沟槽；河床；海峡；信道；电子沟道；输液道 | v. 引导，把……用于；输送，传送；通灵；努力赶上，受启发；形成凹槽","ˈtʃæn(ə)l","ˈtʃæn(ə)l","00:53.63"
"519","Week 3","19","bargain","n. 便宜货，减价品；协议，交易；v. 讨价还价，谈判","n. 便宜货，减价品；协议，交易 | v. 讨价还价，谈判","ˈbɑːrɡən","ˈbɑːɡən","00:56.55"
"520","Week 3","20","distribute","v. 分发，分配；配送，分销","v. 分发，分配；配送，分销；散布，使分布；（印刷）拆（版）还字；周延","dɪˈstrɪbjuːt","dɪˈstrɪbjuːt","00:59.35"
"521","Week 3","21","execute","v. 执行，实施；处决","v. 执行，实施；处决；完成，表演（高难度动作）；制作（艺术作品）；（计算机）执行指令（或程序）","ˈeksɪkjuːt","ˈeksɪkjuːt","01:02.68"
"522","Week 3","22","interpret","v. 解释，说明；口译","v. 解释，说明；口译；把……理解为；演绎","ɪnˈtɜːrprət","ɪnˈtɜːprət","01:06.09"
"523","Week 3","23","interpretation","n. 解释，理解；表演，演奏，艺术处理","n. 解释，理解；表演，演奏，艺术处理；口译","ɪnˌtɜːrprəˈteɪʃ(ə)n","ɪnˌtɜːprəˈteɪʃ(ə)n","01:09.27"
"524","Week 3","24","command","v. 命令，下令；统率，指挥；n. 命令，指示；（计算机的）指令","v. 命令，下令；统率，指挥；博得，赢得；控制，掌管；居高临下，俯瞰；值（高价） | n. 命令，指示；（计算机的）指令；控制，管辖；指挥权，控制权；兵团，军区；指挥部，司令部；掌握，精通","kəˈmænd","kəˈmɑːnd","01:13.05"
"525","Week 3","25","spoil","v. 破坏，糟蹋；溺爱，宠坏；n. 赃物，战利品（the spoils）；成功所带来的好处（spoils）","v. 破坏，糟蹋；溺爱，宠坏；善待，格外关照；（食物）变质，腐败；使（选票）作废；极度渴望，跃跃欲试；抢劫（人，地方），掠夺 | n. 赃物，战利品（the spoils）；成功所带来的好处（spoils）；（开掘时挖出的）废土，废泥土","spɔɪl","spɔɪl","01:16.20"
"526","Week 3","26","technology","n. 科技，技术；技术设备，先进机器","n. 科技，技术；技术设备，先进机器；技术学，工艺学；术语","tekˈnɑːlədʒi","tekˈnɒlədʒi","01:19.02"
"527","Week 3","27","excess","n. 超过，过量；越轨行为，暴行；adj. 过多的，超额的；额外的，附加的","n. 超过，过量；越轨行为，暴行；无节制，无度；（保险中的）免赔额 | adj. 过多的，超额的；额外的，附加的","ɪkˈses","ɪkˈses","01:22.48"
"528","Week 3","28","violence","n. 暴力，暴行；（言行的）狂暴，激烈，愤怒","n. 暴力，暴行；（言行的）狂暴，激烈，愤怒；巨大的破坏力","ˈvaɪələns","ˈvaɪələns","01:26.40"
"529","Week 3","29","vision","n. 幻想，想象；幻觉，幻象；v. 想像","n. 幻想，想象；幻觉，幻象；构想，展望；眼力，远见卓识；视力，视觉；视野；美好的人（或事物）；（电视或电影的）图像 | v. 想像","ˈvɪʒ(ə)n","ˈvɪʒ(ə)n","01:30.23"
"530","Week 3","30","regulate","v. （用规则条例）控制，管理；调节，调整","v. （用规则条例）控制，管理；调节，调整；监控，监管；校准，对准（时钟或其他仪器）","ˈreɡjuleɪt","ˈreɡjuleɪt","01:33.04"
"531","Week 3","31","regulation","n. 规章制度，规则；（运用规则条例的）管理，控制；adj. （使用或穿戴）符合规定的，正规的；公式化的，用俗套话堆砌而成的","n. 规章制度，规则；（运用规则条例的）管理，控制 | adj. （使用或穿戴）符合规定的，正规的； 公式化的，用俗套话堆砌而成的","ˌreɡjuˈleɪʃn","ˌreɡjuˈleɪʃ(ə)n","01:36.23"
"532","Week 3","32","aspect","n. 方面，特色；朝向，方位；v. （行星与另一天体）形成角度关系","n. 方面，特色；朝向，方位；外表，外观；（动词的）体 | v. （行星与另一天体）形成角度关系","ˈæspekt","ˈæspekt","01:39.40"
"533","Week 3","33","distress","n. 忧虑，悲伤；贫困；v. 使悲伤，使忧虑；使（家具，皮革）有仿磨损的痕迹","n. 忧虑，悲伤；贫困；危难，险情；（肉体的）剧痛 | v. 使悲伤，使忧虑；使（家具，皮革）有仿磨损的痕迹","dɪˈstres","dɪˈstres","01:42.35"
"534","Week 3","34","subject","n. 主题，话题；学科，科目，课程；v. 使臣服，征服，压服；使经受，使遭受；adj. 隶属的，臣服的；可能受……影响的，易遭受……的","n. 主题，话题；学科，科目，课程；主语；（绘画、摄影等的）主题，题材；实验对象；（批评、学习、调查的）对象；国民；起因；（逻）主词，主项，主概念；（乐）主旋律；（哲）主体，主观；中心实体 | v. 使臣服，征服，压服；使经受，使遭受 | adj. 隶属的，臣服的；可能受……影响的，易遭受……的；受……支配的，服从于……的；取决于，视……而定","ˈsʌbdʒekt","ˈsʌbdʒɪkt","01:45.70"
"535","Week 3","35","nonsense","n. 荒谬的想法（看法），胡说；愚蠢的行为，胡闹；adj. 无意义的，荒谬的；int. 胡说，废话","n. 荒谬的想法（看法），胡说；愚蠢的行为，胡闹；无意义的话（字句） | adj. 无意义的，荒谬的 | int. 胡说，废话","ˈnɑːnsens","ˈnɒns(ə)ns","01:50.87"
"536","Week 3","36","interact","v. 相互交流，互动；相互作用，相互影响","v. 相互交流，互动；相互作用，相互影响","ˌɪntərˈækt","ˌɪntərˈækt","01:54.62"
"537","Week 3","37","observation","n. 观察，监视；观察力；adj. 用于观察的","n. 观察，监视；观察力；观察资料，观察结果；言论，评论；遵守，奉行；测天 | adj. 用于观察的","ˌɑːbzərˈveɪʃ(ə)n","ˌɒbzəˈveɪʃ(ə)n","01:57.97"
"538","Week 3","38","extension","n. 延伸，扩展；展期，延长期","n. 延伸，扩展；展期，延长期；扩建部分，延伸部分；（电话）分机；扩展名；（为非全日制学生开设的）进修部；牵伸（术）；外延；广延（性）","ɪkˈstenʃ(ə)n","ɪkˈstenʃ(ə)n","02:01.54"
"539","Week 3","39","manufacture","v. （用机器大量）生产，制造；编造，捏造；n. 大量制造，批量生产；工业品","v. （用机器大量）生产，制造；编造，捏造；生成，产生（一种物质） | n. 大量制造，批量生产；工业品；制造业","ˌmænjuˈfæktʃər","ˌmænjuˈfæktʃə(r)","02:04.54"
"540","Week 3","40","analysis","n. 分析；化验分析","n. 分析；化验分析；心理分析，精神分析；分析报告","əˈnæləsɪs","əˈnæləsɪs","02:08.08"
"541","Week 3","41","core","n. 果核；中心部分；v. 给……去核；adj. 核心的，最重要的；基础的，必修的","n. 果核；中心部分；核心，要点；骨干，核心成员；地核，天体的核心；核反应堆堆芯；芯体 | v. 给……去核 | adj. 核心的，最重要的；基础的，必修的","kɔːr","kɔː(r)","02:11.32"
"542","Week 3","42","inner","adj. 内部的，靠近中心的；内心的，未表达出来的；n. 内部，内里；靶子内圈","adj. 内部的，靠近中心的；内心的，未表达出来的；存在于性格中的，骨子里的；隐蔽的，内在的 | n. 内部，内里；靶子内圈；命中靶子内圈的一发","ˈɪnər","ˈɪnə(r)","02:14.16"
"543","Week 3","43","liquid","n. 液体，液态物；流音；adj. 液态的，液化的；（资金等）流动的，易变为现金的","n. 液体，液态物；流音 | adj. 液态的，液化的；（资金等）流动的，易变为现金的；流畅自如的，舒展的；明亮的，清澈的；清脆的，流畅的；（市场）活跃的；液态的，液化的","ˈlɪkwɪd","ˈlɪkwɪd","02:16.44"
"544","Week 3","44","mysterious","adj. 不可思议的，难以理解的；（人）神秘的，陌生的","adj. 不可思议的，难以理解的；（人）神秘的，陌生的；保密的，故弄玄虚的","mɪˈstɪriəs","mɪˈstɪəriəs","02:19.65"
"545","Week 3","45","possibly","adv. 可能，或许；（用于强调惊讶或震惊）怎么，究竟","adv. 可能，或许；（用于强调惊讶或震惊）怎么，究竟；怎么可能，绝不可能（用于否定句，表强调）；能不能，能否（用于礼貌地请求）；尽量，尽可能","ˈpɑːsəbli","ˈpɒsəbli","02:23.01"
"546","Week 3","46","grab","v. 攫取，抓住；（尤指匆忙地）取，吃，喝；n. 攫取，赚取；抓具，抓斗","v. 攫取，抓住；（尤指匆忙地）取，吃，喝；霸占，强夺；利用，抓住（机会）；引人注意，吸引 | n. 攫取，赚取；抓具，抓斗；抓取（或截获、采集）的图像","ɡræb","ɡræb","02:26.21"
"547","Week 3","47","classical","adj. 经典的，传统的；和古希腊与古罗马文化相关的","adj. 经典的，传统的；和古希腊与古罗马文化相关的；（音乐）古典的；文科的，人文科学的；典型的，有代表性的；相对论和量子力学理论前的概念、理论的，古典力学的","ˈklæsɪk(ə)l","ˈklæsɪk(ə)l","02:29.02"
"548","Week 3","48","interrupt","v. 打断，打扰；使暂停，使中断","v. 打断，打扰；使暂停，使中断；阻断，遮挡","ˌɪntəˈrʌpt","ˌɪntəˈrʌpt","02:31.99"
"549","Week 3","49","spill","v. （使）洒出，泼出，溢出；（东西）倒出，洒落；n. 洒出（量），溢出（量）；（从马、自行车上等的）摔下，跌下","v. （使）洒出，泼出，溢出；（东西）倒出，洒落；涌出，蜂拥而出；（光线）透进，倾泻在……上；向（某人）说出秘密；使（某人）从马上（或自行车上）摔下来；（球赛中）掉球；（航海）减少（帆）的受风压力（多指把帆放松） | n. 洒出（量），溢出（量）；（从马、自行车上等的）摔下，跌下；职位空缺；（点火用的）纸捻，木片；小塞子","spɪl","spɪl","02:35.39"
"550","Week 3","50","charm","n. 魅力，魔力；护身符，咒语；v. 吸引，迷住；诱使，哄诱","n. 魅力，魔力；护身符，咒语；小挂件，小饰物；粲，粲数 | v. 吸引，迷住；诱使，哄诱；向……施魔法，用魔法控制；有魔力","tʃɑːrm","tʃɑːm","02:38.11"
"551","Week 3","51","illustrate","v. 加插图于；说明，阐明","v. 加插图于；说明，阐明；证明，证实","ˈɪləstreɪt","ˈɪləstreɪt","02:41.17"
"552","Week 3","52","bureau","n. 局，处，科；办事处，办公室","n. 局，处，科；办事处，办公室；五斗橱，衣柜；书桌","ˈbjʊroʊ","ˈbjʊərəʊ","02:44.21"
"553","Week 3","53","survey","n. 民意调查，民意测验；考察，调查；v. 做民意测验，做民意调查；（尤指认真地）审视，检查","n. 民意调查，民意测验；考察，调查；（对课题或情况的）全面考察，概述；测量，勘测；测绘图，勘测记录；测量部门； （尤指为欲购房者所做的）房屋鉴定；查勘报告 | v. 做民意测验，做民意调查；（尤指认真地）审视，检查；测量，勘测； （尤指为可能的买家）查勘，检视（建筑物的状况）；全面评述，概述","ˈsɜːrveɪ","ˈsɜːveɪ","02:47.12"
"554","Week 3","54","indispensable","adj. 不可或缺的，必需的；不能撇开的，责无旁贷的；n. 不可缺少之物，必不可少的人","adj. 不可或缺的，必需的；不能撇开的，责无旁贷的 | n. 不可缺少之物，必不可少的人","ˌɪndɪˈspensəb(ə)l","ˌɪndɪˈspensəb(ə)l","02:51.18"
"555","Week 3","55","volume","n. 体积，容积；总数，总量；adj. 大量的；v. 以卷的形式发出；成团卷起","n. 体积，容积；总数，总量；音量，响度；（控制音量的）旋钮，控制杆；（成套图书中的）卷，册；（期刊）合订本；书籍；（写在羊皮纸或纸草纸上的）书卷；（尤指头发的）厚，多 | adj. 大量的 | v. 以卷的形式发出；成团卷起","ˈvɑːljəm","ˈvɒljuːm","02:55.01"
"556","Week 3","56","emphasis","n. 重要性，重点强调；重读，强调","n. 重要性，重点强调；重读，强调；（表达的）强有力","ˈemfəsɪs","ˈemfəsɪs","02:57.86"
"557","Week 3","57","particle","n. 微粒；极少量","n. 微粒；极少量；粒子（原子的极微小成分，如电子、质子或中子）；（数）质点；（语法中的）小品词","ˈpɑːrtɪk(ə)l","ˈpɑːtɪk(ə)l","03:01.15"
"558","Week 3","58","output","n. 产量，作品；产生，生产过程；v. 输出","n. 产量，作品；产生，生产过程；输出功率；（计算机的）输出信息；输出端 | v. 输出","ˈaʊtpʊt","ˈaʊtpʊt","03:03.96"
"559","Week 3","59","penalty","n. （因违反法律、规定或合同而受到的）处罚，刑罚；（行为、环境带来的）不利后果，苦难","n. （因违反法律、规定或合同而受到的）处罚，刑罚；（行为、环境带来的）不利后果，苦难；（体育运动中对犯规者的）判罚，处罚；（足球、橄榄球及类似运动中的）罚球；（桥牌）（叫牌者未完成定约时的）罚分","ˈpenəlti","ˈpenəlti","03:07.49"
"560","Week 3","60","temper","n. 坏脾气，暴躁脾气；心情，情绪；v. 使缓和，使温和；使（金属）回火，锻造","n. 坏脾气，暴躁脾气；心情，情绪；怒气，火气；（时代的）气息，特征；（人或动物的）性格，性情；（钢等的）硬度，回火性；沉着，冷静 | v. 使缓和，使温和；使（金属）回火，锻造；给（钢琴等）调音，调整（音阶）；回火，调和","ˈtempər","ˈtempə(r)","03:10.37"
"561","Week 3","61","decent","adj. 像样的，尚好的；得体的，合宜的","adj. 像样的，尚好的；得体的，合宜的；穿好衣服的；正派的，规矩的；待人宽厚的，和善的","ˈdiːsnt","ˈdiːsnt","03:13.50"
"562","Week 3","62","component","n. 组成部分，成分，部件；adj. 组成的，构成的","n. 组成部分，成分，部件 | adj. 组成的，构成的","kəmˈpoʊnənt","kəmˈpəʊnənt","03:16.31"
"563","Week 3","63","insult","v. 侮辱，冒犯；损害，危害；n. 侮辱，冒犯；（医）（对组织、器官的）损伤","v. 侮辱，冒犯；损害，危害 | n. 侮辱，冒犯；（医）（对组织、器官的）损伤","ɪnˈsʌlt; ˈɪnsʌlt","ɪnˈsʌlt; ˈɪnsʌlt","03:19.57"
"564","Week 3","64","medium","n. 媒介，媒体；方法，手段；adj. 中等的，中间的，适中的；五分熟的，半熟的","n. 媒介，媒体；方法，手段；（艺术创作）材料，素材；灵媒，巫师；培养基；环境；中等，中号；存储（或打印）介质；（颜料）溶剂（如油或水）；（品质、状态）中等，中庸 | adj. 中等的，中间的，适中的；五分熟的，半熟的；（程度、强度或数量）平均的；（颜色）不深不浅的，适中的；（投球，投球手）中速的","ˈmiːdiəm","ˈmiːdiəm","03:24.63"
"565","Week 3","65","prominent","adj. 重要的，著名的；显眼的，突出的；n. 舟蛾（=prominent moth）","adj. 重要的，著名的；显眼的，突出的；突起的，高耸的 | n. 舟蛾（=prominent moth）","ˈprɑːmɪnənt","ˈprɒmɪnənt","03:27.82"
"566","Week 3","66","poison","n. 毒药；有害的思想；v. 毒杀；在……下毒；adj. 有毒的","n. 毒药；有害的思想；恶毒的言辞（或行动）；（化）抑制剂；（物理）中子吸收剂 | v. 毒杀；在……下毒；毒化，败坏；污染（环境）；抑制 | adj. 有毒的","ˈpɔɪzn","ˈpɔɪz(ə)n","03:31.28"
"567","Week 3","67","infer","v. 推断，推论；暗示，暗指","v. 推断，推论；暗示，暗指","ɪnˈfɜːr","ɪnˈfɜː(r)","03:34.16"
"568","Week 3","68","annual","adj. 一年一度的；年度的；n. 一年生植物；年刊，年鉴","adj. 一年一度的；年度的；（植物）一年生的 | n. 一年生植物；年刊，年鉴","ˈænjuəl","ˈænjuəl","03:37.20"
"569","Week 3","69","substantial","adj. 大量的，价值巨大的；牢固的，结实的；n. 重要材料","adj. 大量的，价值巨大的；牢固的，结实的；基本的，实质性的；（饭菜）丰盛的；重要的，真实的；有地位的，富有的 | n. 重要材料","səbˈstænʃ(ə)l","səbˈstænʃ(ə)l","03:40.08"
"570","Week 3","70","giant","n. （传说中的）巨人；高大健壮的人；adj. 巨大的，伟大的","n. （传说中的）巨人；高大健壮的人；巨兽，巨型植物；大公司，大国；卓越人物，伟人；（天文）巨星 | adj. 巨大的，伟大的","ˈdʒaɪənt","ˈdʒaɪənt","03:43.53"
"571","Week 3","71","echo","n. 回声，回音，余音绕梁；重复，附和，共鸣；v. 回响，发出回声；重复，附和","n. 回声，回音，余音绕梁；重复，附和，共鸣；相似之处，再现；回声插入；（话语结构和内容的）重复；（桥牌）回声信号 | v. 回响，发出回声；重复，附和","ˈekoʊ","ˈekəʊ","03:46.72"
"572","Week 3","72","doubtful","adj. 怀疑的，不确定的；未必的，不大可能的","adj. 怀疑的，不确定的；未必的，不大可能的；不可靠的","ˈdaʊtf(ə)l","ˈdaʊtf(ə)l","03:49.55"
"573","Week 3","73","impose","v. 强制推行，强制实行；把（自己的观点、信仰等）强加于","v. 强制推行，强制实行；把（自己的观点、信仰等）强加于；打扰，麻烦；把（活字页）拼版；欺骗","ɪmˈpoʊz","ɪmˈpəʊz","03:52.26"
"574","Week 3","74","superior","adj. （规模或实力）更大的，更强的，(在品质上)更好的；（尤用于广告中指产品或服务）高质量的，优质的；n. 上级，上司；优胜者，高手","adj. （规模或实力）更大的，更强的，(在品质上)更好的；（尤用于广告中指产品或服务）高质量的，优质的；上级的，（在级别、重要性或职位上）更高的；有优越感的，高傲的，傲慢的；在其他器官之上的；（字母，数字，符号）上标的；（花的子房）上位的，（子房）在萼上的 | n. 上级，上司；优胜者，高手；修道院院长（或其他宗教机构的负责人）；（印刷）上标字母（或数字、符号）","suːˈpɪriər","suːˈpɪəriə(r)","03:55.65"
"575","Week 3","75","campaign","n. （有计划的）活动，运动；战役，战斗；v. 领导（参加）运动，从事竞选活动","n. （有计划的）活动，运动；战役，战斗 | v. 领导（参加）运动，从事竞选活动","kæmˈpeɪn","kæmˈpeɪn","03:59.31"
"576","Week 3","76","engagement","n. 婚约，订婚；约会，约定","n. 婚约，订婚；约会，约定；交战，战斗；演出任务；聘用，雇用；参加，从事；(与……的)密切关系，(对……的)了解；啮合；（与……的）密切关系，（对……的）了解","ɪnˈɡeɪdʒmənt","ɪnˈɡeɪdʒmənt","04:02.28"
"577","Week 3","77","infant","n. 婴儿，幼儿；（英国学校里四至七岁的）学童；adj. 供婴幼儿用的；初期的，初创期的","n. 婴儿，幼儿；（英国学校里四至七岁的）学童；未成年人 | adj. 供婴幼儿用的；初期的，初创期的；四岁至七岁幼儿的","ˈɪnfənt","ˈɪnfənt","04:05.43"
"578","Week 3","78","curious","adj. 好奇的，求知欲强的；稀奇的，不寻常的","adj. 好奇的，求知欲强的；稀奇的，不寻常的；爱挑剔的","ˈkjʊriəs","ˈkjʊəriəs","04:08.73"
"579","Week 3","79","curiosity","n. 好奇心，求知欲；珍品，奇事","n. 好奇心，求知欲；珍品，奇事","ˌkjʊriˈɑːsəti","ˌkjʊəriˈɒsəti","04:11.40"
"580","Week 3","80","cable","n. 电缆；钢缆，缆绳；v. 给……安装有线电视；给……发电报","n. 电缆；钢缆，缆绳；电报；有线电视 | v. 给……安装有线电视；给……发电报","ˈkeɪb(ə)l","ˈkeɪb(ə)l","04:14.87"
"581","Week 3","81","fiction","n. 小说；虚构的事，谎言","n. 小说；虚构的事，谎言；杜撰，编造","ˈfɪkʃ(ə)n","ˈfɪkʃ(ə)n","04:17.64"
"582","Week 3","82","tragedy","n. 悲惨事件，惨剧；悲剧（作品）","n. 悲惨事件，惨剧；悲剧（作品）；不幸，遗憾；令人非常烦乱（或生气）的情形","ˈtrædʒədi","ˈtrædʒədi","04:20.41"
"583","Week 3","83","quote","v. 引用，引述；举例说明；n. 引文，引语；报价，开价","v. 引用，引述；举例说明；将......描述为；开价，报价；为（股票、黄金或外汇）报价；为......打出（某投注赔率）； 为（企业的股份）上市，挂牌 | n. 引文，引语；报价，开价；（股票）报价，牌价；（建成某物或修理某物的）报价单；引号（quotes）","kwoʊt","kwəʊt","04:23.31"
"584","Week 3","84","feasible","adj. 可行的，办得到的；很可能会发生的","adj. 可行的，办得到的；很可能会发生的","ˈfiːzəb(ə)l","ˈfiːzəb(ə)l","04:26.30"
"585","Week 3","85","literary","adj. 文学的，文学上的；书面的","adj. 文学的，文学上的；书面的；爱好文学的，从事文学研究（或写作）的","ˈlɪtəreri","ˈlɪtərəri","04:29.26"
"586","Week 3","86","evaluate","v. 评价，评估，估值；求（方程式，公式，函数）的数值","v. 评价，评估，估值；求（方程式，公式，函数）的数值","ɪˈvæljueɪt","ɪˈvæljueɪt","04:32.52"
"587","Week 3","87","demonstrate","v. 证明；示范，演示","v. 证明；示范，演示；表露；游行，示威","ˈdemənstreɪt","ˈdemənstreɪt","04:35.89"
"588","Week 3","88","rival","n. 竞争对手，敌手；可与之匹敌者，可与之相比的人（或物）；v. 与......相匹敌，比得上；adj. 竞争的，对抗的","n. 竞争对手，敌手；可与之匹敌者，可与之相比的人（或物） | v. 与......相匹敌，比得上 | adj. 竞争的，对抗的","ˈraɪv(ə)l","ˈraɪv(ə)l","04:39.41"
"589","Week 3","89","commute","v. 通勤，上下班往返；减轻（刑罚）；n. 通勤，上下班交通路程","v. 通勤，上下班往返；减轻（刑罚）；代偿；（两个运算，两个量）可交换 | n. 通勤，上下班交通路程","kəˈmjuːt","kəˈmjuːt","04:42.03"
"590","Week 3","90","modest","adj. 不太多的，适中的；谦虚的，谦逊的","adj. 不太多的，适中的；谦虚的，谦逊的；保守的，端庄的；不错的；（服装）不显身材的；羞怯的，腼腆的","ˈmɑːdɪst","ˈmɒdɪst","04:44.90"
"591","Week 3","91","landscape","n. （陆上，尤指乡村的）风景，景色；形势，情形；v. 对……做景观美化，美化……的环境；从事景观美化工作；adj. 横向列印的","n. （陆上，尤指乡村的）风景，景色；形势，情形；（陆上或乡村）风景画；横向打印格式 | v. 对……做景观美化，美化……的环境；从事景观美化工作 | adj. 横向列印的","ˈlændskeɪp","ˈlændskeɪp","04:48.13"
"592","Week 3","92","negotiate","v. （尤指在商业或政治上）谈判，磋商，洽谈；商定，达成协议","v. （尤指在商业或政治上）谈判，磋商，洽谈；商定，达成协议；顺利通过，成功越过；解决（难题）；议付，洽兑；转让（支票、汇票或票据）","nɪˈɡoʊʃieɪt","nɪˈɡəʊʃieɪt","04:51.72"
"593","Week 3","93","equip","v. 装备，配备；使有所准备，使能够胜任","v. 装备，配备；使有所准备，使能够胜任","ɪˈkwɪp","ɪˈkwɪp","04:55.03"
"594","Week 3","94","genuine","adj. 真正的，非伪造的；真诚的，真心的","adj. 真正的，非伪造的；真诚的，真心的","ˈdʒenjuɪn","ˈdʒenjuɪn","04:57.94"
"595","Week 3","95","highlight","v. 突出，强调；用亮色突出；n. 最好（或最精彩、最激动人心）的部分；挑染的头发","v. 突出，强调；用亮色突出；挑染 | n. 最好（或最精彩、最激动人心）的部分；挑染的头发；强光部分","ˈhaɪlaɪt","ˈhaɪlaɪt","05:00.87"
"596","Week 3","96","entitle","v. 给予（某人）权利，给（某人）资格；给......命名，给......题名","v. 给予（某人）权利，给（某人）资格；给......命名，给......题名","ɪnˈtaɪt(ə)l","ɪnˈtaɪt(ə)l","05:04.14"
"597","Week 3","97","appetite","n. 食欲，胃口；欲望，爱好","n. 食欲，胃口；欲望，爱好","ˈæpɪtaɪt","ˈæpɪtaɪt","05:07.02"
"598","Week 3","98","slight","adj. 轻微的，少量的；（人）瘦小的，纤弱的；v. 怠慢，轻视；破坏，摧毁（防御工事）；n. 冒犯，冷落","adj. 轻微的，少量的；（人）瘦小的，纤弱的；（尤指创作）不深奥的，不重要的 | v. 怠慢，轻视；破坏，摧毁（防御工事） | n. 冒犯，冷落","slaɪt","slaɪt","05:10.20"
"599","Week 3","99","emerge","v. 浮现，出现；显露，知悉","v. 浮现，出现；显露，知悉；恢复过来，幸存下来；形成，兴起","ɪˈmɜːrdʒ","ɪˈmɜːdʒ","05:13.33"
"600","Week 3","100","architecture","n. 建筑设计，建筑风格；建筑学","n. 建筑设计，建筑风格；建筑学；结构；计算机的体系结构，架构","ˈɑːrkɪtektʃər","ˈɑːkɪtektʃə(r)","05:16.33"
"601","Week 3","101","conclude","v. 断定，推断出；结束，终止","v. 断定，推断出；结束，终止；达成，做成，完成；决定","kənˈkluːd","kənˈkluːd","05:18.82"
"602","Week 3","102","qualification","n. （通过考试或学习课程取得的）资格，学历；（胜任某一工作或职位所需的）资历，技能条件","n. （通过考试或学习课程取得的）资格，学历；（胜任某一工作或职位所需的）资历，技能条件；获得资格，达到标准；先决条件，正式要求；限制，限定性条件；（语法）（尤指对名词等的）限定，修饰","ˌkwɑːlɪfɪˈkeɪʃ(ə)n","ˌkwɒlɪfɪˈkeɪʃ(ə)n","05:21.33"
"603","Week 3","103","specify","v. 明确指出；具体说明","v. 明确指出；具体说明；把……列入说明书","ˈspesɪfaɪ","ˈspesɪfaɪ","05:24.40"
"604","Week 3","104","relief","n. （因恐惧、忧虑或痛苦的消除而感到的）宽慰，轻松；（疼痛或不快的）减轻，缓解","n. （因恐惧、忧虑或痛苦的消除而感到的）宽慰，轻松；（疼痛或不快的）减轻，缓解；救济品（如食品、衣物、金钱等）；换班的人，替换者；浮雕，浮雕品；军事援助，解围；税款减免（权）；（暂时的）缓解（物），（短时间的）调剂；（对困苦、不公正遭遇等的）依法补偿；（高峰时或紧急需要时的）临时加班公交车，机动车；凸现（用线条、颜色或明暗表现的立体效果）；（地形的）凹凸，高低；轮廓分明，对比鲜明；突出的品质，令人注目的特征","rɪˈliːf","rɪˈliːf","05:27.88"
"605","Week 3","105","combination","n. 结合体，联合体；结合，联合","n. 结合体，联合体；结合，联合；（用于开锁的）数码组合；化合作用；两用（或多用的）物品；衫裤相连的内衣；组合；附边车的摩托车","ˌkɑːmbɪˈneɪʃ(ə)n","ˌkɒmbɪˈneɪʃ(ə)n","05:30.78"
"606","Week 3","106","perceive","vt. 认为，理解；察觉，注意到","vt. 认为，理解；察觉，注意到；意识到","pərˈsiːv","pəˈsiːv","05:34.08"
"607","Week 3","107","preference","n. 偏爱，偏好；更喜欢的人（或物）","n. 偏爱，偏好；更喜欢的人（或物）；优待，优先（权）；（尤指债务偿付）优先偿还权","ˈprefrəns","ˈprefrəns","05:37.06"
"608","Week 3","108","restrict","v. 限制，控制（大小、数量、范围）；限制（活动或行为），妨碍","v. 限制，控制（大小、数量、范围）；限制（活动或行为），妨碍；约束，管束；（以法规）限制；封锁（消息）","rɪˈstrɪkt","rɪˈstrɪkt","05:40.38"
"609","Week 3","109","counter","n. 柜台；对立面；v. 反驳，驳斥；抵制，抵消；adv. 相反地，对立地；逆向地；adj. 反面的，对立的","n. 柜台；对立面；计数器，计算器；（棋盘游戏的）筹码；记分冰壶 | v. 反驳，驳斥；抵制，抵消；（拳击）还击；逆向移动 | adv. 相反地，对立地；逆向地 | adj. 反面的，对立的","ˈkaʊntər","ˈkaʊntə(r)","05:43.50"
"610","Week 3","110","approve","v. 同意，赞成；批准，通过","v. 同意，赞成；批准，通过；核准；喜欢，赞赏；证明，显示；使（废品或公共土地）升值","əˈpruːv","əˈpruːv","05:46.29"
"611","Week 3","111","percentage","n. 百分比，百分率；部分，比例","n. 百分比，百分率；部分，比例；利润分成，提成；利益，好处","pərˈsentɪdʒ","pəˈsentɪdʒ","05:49.58"
"612","Week 3","112","proposal","n. 提议，建议；提案","n. 提议，建议；提案；（计划、建议等的）提出；求婚","prəˈpoʊz(ə)l","prəˈpəʊz(ə)l","05:52.60"
"613","Week 3","113","spite","n. 恶意，怨恨；不顾，尽管；vt. 刁难，使恼怒","n. 恶意，怨恨；不顾，尽管；不由自主地 | vt. 刁难，使恼怒","spaɪt","spaɪt","05:55.61"
"614","Week 3","114","confirm","v. 确定，确认；证实，证明","v. 确定，确认；证实，证明；批准，认可；使坚定，加强；给（某人）施坚信礼","kənˈfɜːrm","kənˈfɜːm","05:58.80"
"615","Week 3","115","reap","v. 获得，收获；收割（庄稼等）","v. 获得，收获；收割（庄稼等）","riːp","riːp","06:01.58"
"616","Week 3","116","arrest","v. 逮捕，拘留；阻止，抑制；n. 逮捕，拘留；停止，终止","v. 逮捕，拘留；阻止，抑制；吸引；心跳停止 | n. 逮捕，拘留；停止，终止","əˈrest","əˈrest","06:04.82"
"617","Week 3","117","complaint","n. 抱怨，投诉；不满的缘由，抱怨的问题","n. 抱怨，投诉；不满的缘由，抱怨的问题；疾病，不适","kəmˈpleɪnt","kəmˈpleɪnt","06:07.53"
"618","Week 3","118","thumb","n. 拇指；（手套的）拇指部分；v. 竖起大拇指请求搭便车；用拇指摸，用拇指捋","n. 拇指；（手套的）拇指部分；（灵长目动物或其他哺乳动物的）第一指；竖起大拇指，翘起大拇指（以表示赞成或说明没问题）；将拇指指向（所谈论的对象） | v. 竖起大拇指请求搭便车；用拇指摸，用拇指捋；用拇指示意；用拇指翻动，翻阅","θʌm","θʌm","06:10.47"
"619","Week 3","119","oppose","v. 反抗，阻碍；与……竞争，与……角逐","v. 反抗，阻碍；与……竞争，与……角逐","əˈpoʊz","əˈpəʊz","06:13.14"
"620","Week 3","120","keen","adj. 渴望的，热衷的；喜爱的，着迷的；v. （为死者）恸哭，哀号；n. 痛哭，挽歌","adj. 渴望的，热衷的；喜爱的，着迷的；热情的，热心的；（兴趣或感情）浓厚的，强烈的；思维敏捷的，敏锐的；（目光或听觉）灵敏的；（战斗或竞争）激烈的，紧张的；（价格）低廉的，有竞争力的；寒冷刺骨的；锋利的，锐利的；（气味、光或声音）有穿透力的，强烈的，明净的 | v. （为死者）恸哭，哀号 | n. 痛哭，挽歌","kiːn","kiːn","06:16.47"
"621","Week 3","121","horizon","n. 地平线；眼界","n. 地平线；眼界；地平圈；地层；层位","həˈraɪz(ə)n","həˈraɪz(ə)n","06:19.36"
"622","Week 3","122","ongoing","adj. 持续存在的，仍在进行的，不断发展的","adj. 持续存在的，仍在进行的，不断发展的","ˈɑːnɡoʊɪŋ","ˈɒnɡəʊɪŋ","06:22.42"
"623","Week 3","123","target","n. 目标，指标；（攻击的）目标；v. 把……作为攻击目标，把……作为批评的对象；面向，把……对准（某群体）","n. 目标，指标；（攻击的）目标；（批评、嘲笑等的）对象；靶子；目标受众，受影响的人（或群体）； 圆形小盾；（语音）目标 | v. 把……作为攻击目标，把……作为批评的对象；面向，把……对准（某群体）；将（钱款或援助）用于","ˈtɑːrɡɪt","ˈtɑːɡɪt","06:25.52"
"624","Week 3","124","welfare","n. 幸福，安康；福利救济，社会福利；adj. 福利的；接受社会救济的","n. 幸福，安康；福利救济，社会福利；（给失业者和穷人的）福利救济金 | adj. 福利的；接受社会救济的","ˈwelfer","ˈwelfeə(r)","06:28.55"
"625","Week 3","125","lobby","v. 游说（政治家或政府）；n. 游说团体，活动集团；大堂，大厅","v. 游说（政治家或政府） | n. 游说团体，活动集团；大堂，大厅；（旨在对政治家施加影响的）游说；（英国议会的）接见厅，表决厅","ˈlɑːbi","ˈlɒbi","06:31.49"
"626","Week 3","126","witness","n. （尤指犯罪或事故的）目击者；（法庭等的）证人；v. 目击，目睹；见证，经历（事件、变化等）","n. （尤指犯罪或事故的）目击者；（法庭等的）证人；（签署正式文件的）见证人，连署人；宗教信仰声明，见证；见证人（声明自己笃信基督教的人）；证据，证言；证明标志 | v. 目击，目睹；见证，经历（事件、变化等）；在（正式文件）上签名，连署；作见证（公开声明自己对基督教的信仰）；证明，表明；为…...作证；作证，作证人","ˈwɪtnəs","ˈwɪtnəs","06:34.89"
"627","Week 3","127","dilemma","n. （进退两难的）窘境，困境；二难推理，两刀论法","n. （进退两难的）窘境，困境；二难推理，两刀论法","dɪˈlemə","dɪˈlemə","06:37.54"
"628","Week 3","128","symptom","n. （医） 症状；（大问题的）迹象，征兆，征候","n. （医） 症状；（大问题的）迹象，征兆，征候","ˈsɪmptəm","ˈsɪmptəm","06:40.63"
"629","Week 3","129","theory","n. 学说，理论；（某一学科基于的）理论，原理","n. 学说，理论；（某一学科基于的）理论，原理；观点，见解","ˈθiːəri","ˈθɪəri","06:43.85"
"630","Week 3","130","confusion","n. 困惑，不明确；混淆，混同","n. 困惑，不明确；混淆，混同；慌乱，窘迫；混乱局面，乱成一团","kənˈfjuːʒ(ə)n","kənˈfjuːʒn","06:46.75"
"631","Week 3","131","opposition","n. （强烈的） 反对，反抗；对手，竞争者（the opposition）","n. （强烈的） 反对，反抗；对手，竞争者（the opposition）；反对党，在野党（ the Opposition）；对立，对立的事物；（天文，占星）冲","ˌɑːpəˈzɪʃ(ə)n","ˌɒpəˈzɪʃ(ə)n","06:49.80"
"632","Week 3","132","postpone","v. 推迟，延缓；把……放在次要地位","v. 推迟，延缓；把……放在次要地位；把……放在后面","poʊˈspoʊn","pəˈspəʊn","06:53.00"
"633","Week 3","133","recovery","n. 康复，痊愈；戒除","n. 康复，痊愈；戒除；恢复，复苏；（供刚做完手术的病人使用的）监护室；（被拿走或失去的东西的）复得，找回；收回的物品（资金）；（破损车辆或坠毁飞机）回收修理；（高尔夫）挽回败局之击，复原之击（击回球道或球穴区）；（美橄）重新获球；（划船，自行车赛，游泳）还原至预备姿势（如回桨等）；回收利用（能源、化工品等）","rɪˈkʌvəri","rɪˈkʌvəri","06:56.06"
"634","Week 3","134","bare","adj. 赤裸的；光秃秃的；v. 使暴露，使露出；adv. 非常，许多","adj. 赤裸的；光秃秃的；无遮盖的，无装饰的；仅最基本的 | v. 使暴露，使露出 | adv. 非常，许多","ber","beə(r)","06:59.12"
"635","Week 3","135","barely","adv. 勉强才能；几乎不，几乎没有","adv. 勉强才能；几乎不，几乎没有；刚刚；仅仅，只有；贫乏地，光秃秃；公开地，不加掩饰地","ˈberli","ˈbeəli","07:01.77"
"636","Week 3","136","flash","v. 闪光，闪亮；（快速）出示，显示；n. 闪光；闪光灯；adj. 阔气的，爱显摆的；突然而短暂的","v. 闪光，闪亮；（快速）出示，显示；飞驰，掠过；闪现；迅速播出，传送（信息）；突然显露（强烈情感）；当众暴露（性器官）；（为引人注目而）展示，炫耀；（尤指用无线电或光波）通信，联络 | n. 闪光；闪光灯；闪现；（军装上的）肩章；网站动画程序；花哨，噱头；突然理解，顿悟；（感情的）突发；炫耀财富，夸富；（产品包装上用来吸引顾客眼光的）色带，突显区域；（模塑过程中的）溢料，溢边；（尤指为帮助行船而从堰闸里放出的）水流；飞快的一瞥；（模塑过程中的）溢料，溢边 | adj. 阔气的，爱显摆的；突然而短暂的；非常有才能的，杰出的","flæʃ","flæʃ","07:04.65"
"637","Week 3","137","handwriting","n. 手写，书写；笔迹，书法；v. 手写，书写（handwrite 的现在分词形式）","n. 手写，书写；笔迹，书法；手稿 | v. 手写，书写（handwrite 的现在分词形式）","ˈhændraɪtɪŋ","ˈhændraɪtɪŋ","07:07.55"
"638","Week 3","138","sensible","adj. 理智的，合理的；朴素而实用的；n. 可感觉到的东西","adj. 理智的，合理的； 朴素而实用的；可感觉到的，明显的 | n. 可感觉到的东西","ˈsensəb(ə)l","ˈsensəb(ə)l","07:10.77"
"639","Week 3","139","plot","n. 阴谋，密谋；情节；v. 密谋，暗中策划；（在地图上）画出，标出","n. 阴谋，密谋；情节；（专用的）小块地；（表现两个变量关系的）图表；图表，地图；底层平面图 | v. 密谋，暗中策划；（在地图上）画出，标出；构思（情节）；绘制（曲线）；绘制（图表）；在图表上标记，布置；用图表说明；计划，制订","plɑːt","plɒt","07:14.01"
"640","Week 3","140","facilitate","v. 使更容易，使便利；促进，推动","v. 使更容易，使便利；促进，推动","fəˈsɪlɪteɪt","fəˈsɪlɪteɪt","07:17.05"
"641","Week 3","141","protest","n. 抗议，反对；抗议活动；v. （公开）反对，抗议；坚决表示，严正申明","n. 抗议，反对；抗议活动；声明，断言；（多指来自公证人的）拒付证书 | v. （公开）反对，抗议；坚决表示，严正申明； 声明拒付（账单），拒付","ˈproʊtest","ˈprəʊtest","07:20.61"
"642","Week 3","142","renew","v. 重新开始，中止后继续；恢复，重新建立（关系）","v. 重新开始，中止后继续；恢复，重新建立（关系）；使（受到损毁或丢失后）重获新生；更换，更新；重申，重复强调；延长（执照、合同等）的有效期，使续签","rɪˈnuː","rɪˈnjuː","07:25.62"
"643","Week 3","143","considerable","adj. 相当大的，相当重要的；（人）显要的，值得尊敬的","adj. 相当大的，相当重要的；（人）显要的，值得尊敬的","kənˈsɪdərəb(ə)l","kənˈsɪdərəb(ə)l","07:28.49"
"644","Week 3","144","artistic","adj. 艺术的，艺术家的；有艺术鉴赏力的，有艺术天赋的","adj. 艺术的，艺术家的；有艺术鉴赏力的，有艺术天赋的；有艺术性的，精美的","ɑːrˈtɪstɪk","ɑːˈtɪstɪk","07:32.14"
"645","Week 3","145","manner","n. 态度，举止；礼貌","n. 态度，举止；礼貌；方式；（文学或艺术的）风格；习俗；种类；（语法）方式状语，方式副词","ˈmænər","ˈmænə(r)","07:35.16"
"646","Week 3","146","equality","n. 均等，平等；等式","n. 均等，平等；等式","iˈkwɑːləti","iˈkwɒləti","07:37.86"
"647","Week 3","147","congress","n. 国会，议会；代表大会","n. 国会，议会；代表大会；美国国会（Congress）","ˈkɑːŋɡrəs","ˈkɒŋɡres","07:41.50"
"648","Week 3","148","strengthen","v. 使（情感、决心等）更强烈，使（关系）更加紧密；巩固（地位），加强（实力）","v. 使（情感、决心等）更强烈，使（关系）更加紧密；巩固（地位），加强（实力）；（货币）升值；增强（体质）；为……提供更有力的理由（证据）；（风力或水力）变强；使（法令或处罚）更有效；加强，加固（物体或结构）","ˈstreŋ(k)θ(ə)n","ˈstreŋ(k)θn","07:44.57"
"649","Week 3","149","charity","n. 慈善组织，慈善机构；慈善事业","n. 慈善组织，慈善机构；慈善事业；仁慈，宽厚；赈济，施舍","ˈtʃærəti","ˈtʃærəti","07:47.84"
"650","Week 3","150","destination","n. 目的地，终点，目标；adj. 作为目的地的","n. 目的地，终点，目标 | adj. 作为目的地的","ˌdestɪˈneɪʃ(ə)n","ˌdestɪˈneɪʃn","07:50.56"
"651","Week 3","151","intellectual","adj. 智力的，理智的；才智超群的；n. 知识分子","adj. 智力的，理智的；才智超群的；需智力的；思想的，思维的 | n. 知识分子","ˌɪntəˈlektʃuəl","ˌɪntəˈlektʃuəl","07:53.57"
"652","Week 3","152","inadequate","adj. 不充分的，不足的，不够好的；不能胜任的，信心不足的","adj. 不充分的，不足的，不够好的；不能胜任的，信心不足的","ɪnˈædɪkwət","ɪnˈædɪkwət","07:56.87"
"653","Week 3","153","concerning","prep. 关于，涉及；adj. 让人不安的，令人担忧的；v. 有关，关于；影响","prep. 关于，涉及 | adj. 让人不安的，令人担忧的 | v. 有关，关于；影响；使担心（concern 的现在分词形式）","kənˈsɜːrnɪŋ","kənˈsɜːnɪŋ","08:00.29"
"654","Week 3","154","fame","n. 名誉，名气；v. 使闻名，使有名望","n. 名誉，名气 | v. 使闻名，使有名望","feɪm","feɪm","08:03.49"
"655","Week 3","155","anxiety","n. 焦虑，忧虑；令人焦虑的事","n. 焦虑，忧虑；令人焦虑的事；渴望；焦虑症","æŋˈzaɪəti","æŋˈzaɪəti","08:06.31"
"656","Week 3","156","weaken","v. （使）虚弱，（使）衰弱；（使）变弱，削弱","v. （使）虚弱，（使）衰弱；（使）变弱，削弱；使（肯定程度）减弱，动摇，犹豫；（使）（大楼 、结构体等）不结实；（使）（股票等）疲弱，疲软","ˈwiːkən","ˈwiːkən","08:09.65"
"657","Week 3","157","undertake","v. 承担，从事；承诺，答应","v. 承担，从事；承诺，答应；在内侧行驶时赶上并超越（另一辆车）","ˌʌndərˈteɪk","ˌʌndəˈteɪk","08:12.67"
"658","Week 3","158","appliance","n. 家用电器，装置；应用","n. 家用电器，装置；应用；消防车","əˈplaɪəns","əˈplaɪəns","08:15.70"
"659","Week 3","159","seize","v. 抓住，捉住；（用武力）夺取，占领","v. 抓住，捉住；（用武力）夺取，占领；逮捕，捉拿；没收，扣押；把握（机会等）；（感觉、疼痛）侵袭，控制；吸引（注意力），唤起（想象力）；理解，掌握；意识到，得知（be seized of）；（有活动部件的机器，机器的活动部件）咬住，卡住；依法占有（be seized of）；具有（财产）的终身保有权（be seized of）","siːz","siːz","08:18.69"
"660","Week 3","160","contemporary","adj. 当代的，现代的；同时期的，同时代的；n. 同时代的人；同龄人，同辈","adj. 当代的，现代的；同时期的，同时代的 | n. 同时代的人；同龄人，同辈","kənˈtempəreri","kənˈtemp(ə)rəri","08:21.40"
"661","Week 3","161","ignorance","n. 无知，愚昧","n. 无知，愚昧","ˈɪɡnərəns","ˈɪɡnərəns","08:25.04"
"662","Week 3","162","error","n. 错误，差错；（棒球、网球等运动中的）失误","n. 错误，差错；（棒球、网球等运动中的）失误","ˈerər","ˈerə(r)","08:28.02"
"663","Week 3","163","overwhelm","v. （感情上）使受不了，使不知所措；使大吃一惊","v. （感情上）使受不了，使不知所措；使大吃一惊；压垮，使应接不暇；打败，击垮； （水）漫过，淹没；压倒，制服","ˌoʊvərˈwelm","ˌəʊvəˈwelm","08:30.98"
"664","Week 3","164","certificate","n. 证明，证书；文凭，成绩合格证书；v. 发证书给……，用证书证明","n. 证明，证书；文凭，成绩合格证书；电影放映许可证 | v. 发证书给……，用证书证明","sərˈtɪfɪkət","səˈtɪfɪkət","08:33.96"
"665","Week 3","165","identity","n. 身份，本体；个性，特性","n. 身份，本体；个性，特性；同一性，一致；恒等运算，恒等式","aɪˈdentəti","aɪˈdentəti","08:37.66"
"666","Week 3","166","forum","n. 讨论会；（因特网上的）论坛，讨论区","n. 讨论会；（因特网上的）论坛，讨论区；法院，法庭；（古罗马）公共集会场所","ˈfɔːrəm","ˈfɔːrəm","08:40.63"
"667","Week 3","167","distinct","adj. 不同的，有区别的；清楚的，明显的","adj. 不同的，有区别的；清楚的，明显的；确切的","dɪˈstɪŋkt","dɪˈstɪŋkt","08:44.02"
"668","Week 3","168","enormous","adj. 巨大的，极大的；凶暴的，极恶的","adj. 巨大的，极大的；凶暴的，极恶的","ɪˈnɔːrməs","ɪˈnɔːməs","08:47.11"
"669","Week 3","169","appealing","adj. 吸引人的，有感染力的；恳求的，可怜的；v. 呼吁，恳求；上诉","adj. 吸引人的，有感染力的；恳求的，可怜的 | v. 呼吁，恳求；上诉；引起兴趣（appeal 的现在分词形式）","əˈpiːlɪŋ","əˈpiːlɪŋ","08:49.98"
"670","Week 3","170","catalog(ue)","n. 目录，目录册；一系列，一连串（坏事情）；v. 列入目录，编入目录；列举，记载","n. 目录，目录册；一系列，一连串（坏事情）；大学情况一览 | v. 列入目录，编入目录；列举，记载","ˈkætəlɔːɡ","ˈkætəlɒɡ","08:53.29"
"671","Week 3","171","obstacle","n. 障碍，阻碍；障碍物","n. 障碍，阻碍；障碍物","ˈɑːbstək(ə)l","ˈɒbstək(ə)l","08:56.27"
"672","Week 3","172","necessity","n. 必需品，必需的事物；必要，需要","n. 必需品，必需的事物；必要，需要；必然性，不可避免的情况","nəˈsesəti","nəˈsesəti","08:59.42"
"673","Week 3","173","tackle","v. 应付，解决（难题或局面）；与……交涉；n. （足球等中的）抢断球；（橄榄球或美式足球）擒抱摔倒","v. 应付，解决（难题或局面）；与……交涉；（足球、曲棍球等比赛中）抢断；（橄榄球等比赛中）擒抱并摔倒（对方球员）；擒获；对付，打（尤指罪犯）；质问，责问；反对，反抗 | n. （足球等中的）抢断球；（橄榄球或美式足球）擒抱摔倒；（美式足球中的）阻截队员；体育器械，（尤指）渔具；（吊起重物用的）索具，滑轮；男性性器官","ˈtæk(ə)l","ˈtæk(ə)l","09:02.47"
"674","Week 3","174","feedback","n. 反馈意见；（信号返回电子音响系统所致的）噪声","n. 反馈意见；（信号返回电子音响系统所致的）噪声；（返回机器、系统或者程序的）返回信息，返回电流","ˈfiːdbæk","ˈfiːdbæk","09:05.58"
"675","Week 3","175","initiative","n. 措施，倡议；主动性，积极性","n. 措施，倡议；主动性，积极性；主动权；（美国某些州的）公民立法提案程序","ɪˈnɪʃətɪv","ɪˈnɪʃətɪv","09:08.63"
"676","Week 3","176","capable","adj. 有能力的；有本领的，能干的","adj. 有能力的；有本领的，能干的；可以……的，容许……的","ˈkeɪpəb(ə)l","ˈkeɪpəb(ə)l","09:12.23"
"677","Week 3","177","logical","adj. 合情合理的；合乎逻辑的","adj. 合情合理的；合乎逻辑的；逻辑（上）的","ˈlɑːdʒɪk(ə)l","ˈlɒdʒɪk(ə)l","09:14.86"
"678","Week 3","178","personally","adv. 就个人而言；亲自地，本人地","adv. 就个人而言；亲自地，本人地；当面地，直接地；个别地，单个地；私人地，私下里；无礼地，冒犯地","ˈpɜːrsənəli","ˈpɜːsənəli","09:18.09"
"679","Week 3","179","bachelor","n. 未婚男子，单身汉；学士","n. 未婚男子，单身汉；学士；尚未交配的雄鸟","ˈbætʃələr","ˈbætʃələ(r)","09:21.53"
"680","Week 3","180","incline","v. （使）倾向于；点头；n. 斜坡，倾斜","v. （使）倾向于；点头；（使）倾斜；赞同（某人，某事） | n. 斜坡，倾斜","ɪnˈklaɪn","ɪnˈklaɪn","09:24.13"
"681","Week 3","181","impatient","adj. 不耐烦的，没有耐心的；迫不及待的，急切的","adj. 不耐烦的，没有耐心的；迫不及待的，急切的；（对不愉快的事）不能容忍，不愿接受","ɪmˈpeɪʃ(ə)nt","ɪmˈpeɪʃ(ə)nt","09:29.21"
"682","Week 3","182","neutral","adj. 中立的，不偏不倚的；中性的，不带感情色彩的；n. （车辆排挡的）空挡；中立者，中立国","adj. 中立的，不偏不倚的；中性的，不带感情色彩的；暗淡的，素净的；（化学中）中性的，非酸非碱的；不带电的 | n. （车辆排挡的）空挡；中立者，中立国；素净色，中和色；不活动，停滞；不带电的接触点","ˈnuːtrəl","ˈnjuːtrəl","09:32.85"
"683","Week 3","183","empire","n. 帝国；大企业，大集团","n. 帝国；大企业，大集团；君权，最高统治权","ˈempaɪər","ˈempaɪə(r)","09:35.64"
"684","Week 3","184","sympathy","n. 同情（心），理解；赞同，支持","n. 同情（心），理解；赞同，支持；（与某人的）同感，共鸣；和应","ˈsɪmpəθi","ˈsɪmpəθi","09:39.17"
"685","Week 3","185","overlook","v. 忽视，忽略；（工作、职位、提拔等）不考虑（某人）；n. 居高临下的位置，从高处能看到的景色；眺望","v. 忽视，忽略；（工作、职位、提拔等）不考虑（某人）；（对不良现象等）不予理会，视而不见；眺望，俯瞰；监督；检查；用邪恶的眼睛施魔法于 | n. 居高临下的位置，从高处能看到的景色；眺望","ˌoʊvərˈlʊk","ˌəʊvəˈlʊk","09:41.84"
"686","Week 3","186","forth","adv. 离去，外出；（带）来，（拿）出","adv. 离去，外出；（带）来，（拿）出；自……以后，向前；产生，得出","fɔːrθ","fɔːθ","09:44.99"
"687","Week 3","187","split","v. （使）分裂，（使）产生分歧；（使）分开，分成（不同部分）；n. 裂口，裂缝；分离，分裂，分歧；adj. 分裂的","v. （使）分裂，（使）产生分歧；（使）分开，分成（不同部分）；（使）撕裂；分担，分享；划破，割破；结束关系，分手；迅速离开；使（原子）产生核裂变；告发，揭发；（头）剧痛 | n. 裂口，裂缝；分离，分裂，分歧；分配，份额；区分，不同；劈叉；分开（或切开）的东西；错层式房屋；分段耗时；平局，连续打成平局的比赛 | adj. 分裂的","splɪt","splɪt","09:47.95"
"688","Week 3","188","silicon","n. 硅（一种化学元素，符号为 Si）","n. 硅（一种化学元素，符号为 Si）","ˈsɪlɪkən","ˈsɪlɪkən","09:51.15"
"689","Week 3","189","extraordinary","adj. 异乎寻常的，令人惊奇的；非凡的，卓越的；n. （公司正常业务活动之外的）非常账目，特支款项","adj. 异乎寻常的，令人惊奇的；非凡的，卓越的；特别的，临时的；特大（或多）的；特派的，特命的 | n. （公司正常业务活动之外的）非常账目，特支款项","ɪkˈstrɔːrdəneri","ɪkˈstrɔːd(ə)n(ə)ri","09:53.86"
"690","Week 3","190","notion","n. 概念，想法；缝纫用品","n. 概念，想法；缝纫用品；一时的念头，突发的奇想","ˈnoʊʃ(ə)n","ˈnəʊʃ(ə)n","09:57.16"
"691","Week 3","191","crude","adj. 粗略的，大概的；粗糙的，粗制的；n. 原油；天然的物质","adj. 粗略的，大概的；粗糙的，粗制的；冒犯的，粗俗的；天然的，自然的 | n. 原油；天然的物质","kruːd","kruːd","10:00.27"
"692","Week 3","192","drain","v. （使）排出，滤干；喝光，喝干；n. 下水道，排水管；流失，消耗","v. （使）排出，滤干；喝光，喝干；使劳累，使疲惫；（使）逐渐消失；使降低，消耗；（通常指因惊吓或疾病而脸色）变苍白；漂亮地完成（投篮、射门等）；将（球）轻击入穴 | n. 下水道，排水管；流失，消耗；（将体内液体排走的）导管，引流管；（场效应晶体管的）漏极；使人疲倦的事物，负担","dreɪn","dreɪn","10:03.28"
"693","Week 3","193","super","adj. 极好的，极优秀的；超级的；adv. 极其，非常；n. （英国的）警官，（美国的）警长；（大楼的）管理人","adj. 极好的，极优秀的；超级的 | adv. 极其，非常 | n. （英国的）警官，（美国的）警长；（大楼的）管理人；主管，上司；过磷酸盐，过磷酸钙；特级品，特优产品；跑龙套的角色，临时演员","ˈsuːpər","ˈsuːpə(r)","10:06.25"
"694","Week 3","194","supreme","adj. 最高的，至高无上的；（政府、司法或军事机构）拥有最高权力的；n. 奶油沙司；v. 用工具处理水果（尤指柑橘类）以达到最佳效果","adj. 最高的，至高无上的；（政府、司法或军事机构）拥有最高权力的；极大的，极度的；（处罚，牺牲）涉及死的；杰出的 | n. 奶油沙司 | v. 用工具处理水果（尤指柑橘类）以达到最佳效果","suˈpriːm","suːˈpriːm; sjuːˈpriːm","10:09.18"
"695","Week 3","195","convey","v. 传送，运输；表达，传递","v. 传送，运输；表达，传递；转让（土地、财产等）","kənˈveɪ","kənˈveɪ","10:12.64"
"696","Week 3","196","inevitable","adj. 必然发生的，不可避免的；总会发生的，惯常的；n. 必然发生的事，不可避免的事","adj. 必然发生的，不可避免的；总会发生的，惯常的 | n. 必然发生的事，不可避免的事","ɪnˈevɪtəb(ə)l","ɪnˈevɪtəb(ə)l","10:15.71"
"697","Week 3","197","accustom","v. 使习惯于，使适应于","v. 使习惯于，使适应于","əˈkʌstəm","əˈkʌstəm","10:18.97"
"698","Week 3","198","ignorant","adj. 无知的，（对某事物）不了解的；无礼的，粗鲁的","adj. 无知的，（对某事物）不了解的；无礼的，粗鲁的；暴躁的，易怒的","ˈɪɡnərənt","ˈɪɡnərənt","10:22.38"
"699","Week 3","199","tremendous","adj. 巨大的，极大的；极好的，精彩的","adj. 巨大的，极大的；极好的，精彩的；令人望而生畏的，可怕的","trəˈmendəs","trəˈmendəs","10:25.34"
"700","Week 3","200","skilled","adj. 熟练的，有技能的；技术性的，需要熟练技术的","adj. 熟练的，有技能的；技术性的，需要熟练技术的","skɪld","skɪld","10:28.87"
"701","Week 3","201","utter","adj. 完全的，彻底的；v. 说，讲；发出（声音）","adj. 完全的，彻底的 | v. 说，讲；发出（声音）；使用（伪钞）；发射","ˈʌtər","ˈʌtə(r)","10:31.70"
"702","Week 3","202","wrap","v. 包，裹，包装；用（手臂、指头或腿）围紧，用……绕住；n. 披肩，围巾；包裹（或包装）材料","v. 包，裹，包装；用（手臂、指头或腿）围紧，用……绕住；绕……走；完成拍摄，杀青 ；使（车辆）撞上（固定物体）；（使文字）换行 | n. 披肩，围巾； 包裹（或包装）材料；宽松外套，浴衣；面卷饼（一种三明治，由薄面包包着肉、蔬菜等）；拍摄（或录音）结束，停机；（全身覆盖湿布或海草等进行的）皮肤护理；（喻）秘密；一小包白粉（毒品）","ræp","ræp","10:34.41"
"703","Week 3","203","column","n. 圆柱，纪念柱；柱状物","n. 圆柱，纪念柱；柱状物；纵队，纵行（列）；（报纸、杂志上的）栏；（报纸或杂志的）专栏（文章）","ˈkɑːləm","ˈkɒləm","10:37.37"
"704","Week 3","204","legislation","n. 法规，法律；立法，制订法律","n. 法规，法律；立法，制订法律","ˌledʒɪsˈleɪʃ(ə)n","ˌledʒɪsˈleɪʃn","10:40.05"
"705","Week 3","205","rid","v. 使……去掉，使……去除；摆脱，消除；adj. 得到解脱的","v. 使……去掉，使……去除；摆脱，消除 | adj. 得到解脱的","rɪd","rɪd","10:43.75"
"706","Week 3","206","estate","n. 财产，遗产；大片私有土地，庄园","n. 财产，遗产；大片私有土地，庄园；住宅区，工业区；社会阶层；（生活）状况，条件","ɪˈsteɪt","ɪˈsteɪt","10:46.50"
"707","Week 3","207","worthy","adj. 值得尊敬的，值得注意的，值得敬仰的；值得的，应得的，相配的；n. 知名人士，要人（常为玩笑或贬义）","adj. 值得尊敬的，值得注意的，值得敬仰的；值得的，应得的，相配的；好（但乏味）的；有（某人或事物）的典型特征 | n. 知名人士，要人（常为玩笑或贬义）","ˈwɜːrði","ˈwɜːði","10:49.59"
"708","Week 3","208","cripple","n. 瘸子，残疾人；感情残废者，感情有缺陷的人；v. 使残疾，使成为跛子；使（心理上或情感上）出现问题","n. 瘸子，残疾人；感情残废者，感情有缺陷的人 | v. 使残疾，使成为跛子；使（心理上或情感上）出现问题；严重损坏，严重削弱","ˈkrɪp(ə)l","ˈkrɪp(ə)l","10:52.15"
"709","Week 3","209","disturb","v. 打扰，妨碍；使焦虑，使烦恼","v. 打扰，妨碍；使焦虑，使烦恼；移动，弄乱","dɪˈstɜːrb","dɪˈstɜːb","10:54.98"
"710","Week 3","210","experimental","adj. 实验性的，试验性的；根据经验的，经验上的","adj. 实验性的，试验性的；根据经验的，经验上的","ɪkˌsperɪˈment(ə)l","ɪkˌsperɪˈment(ə)l","10:58.22"
"711","Week 3","211","seemingly","adv. 貌似，看似（但可能并非如此）；似乎，好像（是事实）","adv. 貌似，看似（但可能并非如此）；似乎，好像（是事实）","ˈsiːmɪŋli","ˈsiːmɪŋli","11:01.61"
"712","Week 3","212","rust","n. 锈，铁锈；（植物的）锈病，锈菌；v. （使）生锈；成铁锈色","n. 锈，铁锈；（植物的）锈病，锈菌；铁锈色，赭色 | v. （使）生锈；成铁锈色；（因疏忽或不用而）衰退，变迟钝；（因长时间不用或有害使用而）损害，腐蚀","rʌst","rʌst","11:04.72"
"713","Week 3","213","champion","n. 冠军，第一名；拥护者，斗士；v. 捍卫，拥护，支持；adj. 极好的；冠军的，得一等奖的","n. 冠军，第一名；拥护者，斗士 | v. 捍卫，拥护，支持 | adj. 极好的；冠军的，得一等奖的","ˈtʃæmpiən","ˈtʃæmpiən","11:07.52"
"714","Week 3","214","neglect","v. 疏于照顾，未予看管；不予重视，忽视；n. 忽略，忽视，未被重视","v. 疏于照顾，未予看管；不予重视，忽视；漏做 | n. 忽略，忽视，未被重视","nɪˈɡlekt","nɪˈɡlekt","11:10.68"
"715","Week 3","215","consistent","adj. 始终如一的，一贯的；持续的，连续的","adj. 始终如一的，一贯的；持续的，连续的；固守的，坚持的；一致的，吻合的","kənˈsɪstənt","kənˈsɪstənt","11:14.22"
"716","Week 3","216","violate","v. 违反，违背；侵犯，打扰","v. 违反，违背；侵犯，打扰；亵渎，损毁（神圣之地等）；强奸","ˈvaɪəleɪt","ˈvaɪəleɪt","11:17.70"
"717","Week 3","217","sufficient","adj. 足够的，充足的；（理由、条件）充足的，充分的","adj. 足够的，充足的；（理由、条件）充足的，充分的","səˈfɪʃ(ə)nt","səˈfɪʃ(ə)nt","11:20.62"
"718","Week 3","218","coastal","adj. 近海的，沿海的","adj. 近海的，沿海的","ˈkoʊst(ə)l","ˈkəʊst(ə)l","11:23.69"
"719","Week 3","219","sheer","adj. （用于强调）纯粹的，完全的；程度深的，数量大的；adv. 垂直地，陡峭地；彻底地，完全地；v. 急转弯，突然转向；避开（不愉快的话题）；n. 精纺（或透明）织物（或物品）；（尤指船）突然偏航，突然转向","adj. （用于强调）纯粹的，完全的；程度深的，数量大的；陡峭的，垂直的；（织物等）极薄的，透明的 | adv. 垂直地，陡峭地；彻底地，完全地 | v. 急转弯，突然转向；避开（不愉快的话题） | n. 精纺（或透明）织物（或物品）；（尤指船）突然偏航，突然转向；（船首及船尾处的）舷弧","ʃɪr","ʃɪə(r)","11:26.70"
"720","Week 3","220","coherent","adj. 有条理的，连贯的；说话条理清晰的，易于理解的","adj. 有条理的，连贯的；说话条理清晰的，易于理解的；团结一致的，凝聚的；（波）相干的，相参的；黏着的，黏连的","koʊˈhɪrənt","kəʊˈhɪərənt","11:29.70"
"721","Week 3","221","convict","v. 定罪，宣判……有罪；n. 已决犯，服刑囚犯","v. 定罪，宣判……有罪 | n. 已决犯，服刑囚犯","kənˈvɪkt","kənˈvɪkt","11:33.05"
"722","Week 3","222","insight","n. 洞悉，了解；洞察力","n. 洞悉，了解；洞察力","ˈɪnsaɪt","ˈɪnsaɪt","11:37.27"
"723","Week 3","223","suitable","adj. 适宜的，合适的","adj. 适宜的，合适的","ˈsuːtəb(ə)l","ˈsuːtəb(ə)l","11:40.39"
"724","Week 3","224","pad","n. （吸收液体、保洁或保护用的）软垫，垫状物；（动物的）肉掌，（人的）手指肚；v. （用软物）填塞，垫衬；（添加不必要的信息以）拉长（pad sth. out）；abbr. （PAD）外周动脉疾病（peripheral arterial disease）","n. （吸收液体、保洁或保护用的）软垫，垫状物；（动物的）肉掌，（人的）手指肚；便笺本，拍纸簿；发射台，停机坪；（睡莲的）浮叶；低沉的脚步声；（电子）焊接区，焊接点；住处，寓所 | v. （用软物）填塞，垫衬；（添加不必要的信息以）拉长（pad sth. out）；虚报（开支、账单）；沿着（路、路线）走；放轻脚步走；在比赛（尤指板球赛）前穿上防护垫（pad up）；（板球）（击球手）有意用护垫挡球（pad up） | abbr. （PAD）外周动脉疾病（peripheral arterial disease）","pæd","pæd","11:44.74"
"725","Week 3","225","slogan","n. 口号，标语；广告语","n. 口号，标语；广告语；苏格兰高地的战斗呐喊","ˈsloʊɡən","ˈsləʊɡən","11:47.71"
"726","Week 3","226","frame","n. 框架，边框；（家具、建筑物、车辆等的）构架，支架；v. 装框架；勾勒出；adj. 有木架的","n. 框架，边框；（家具、建筑物、车辆等的）构架，支架；体格，骨架；眼镜框；（系统、概念或文章的）基本框架；镜头，画面；（连环漫画中的）一幅画；（网页的）一个区域；（斯诺克或保龄球的）一局；（玻璃或塑料的箱式）轻便温床；（纺织、编结或刺绣用的）框；替换框架；（计算机或通信）帧，影格 | v. 装框架；勾勒出；围绕；陷害，诬陷；制定，拟订；（措词谨慎地）表达 | adj. 有木架的","freɪm","freɪm","11:50.46"
"727","Week 3","227","leisure","n. 闲暇，业余时间；休闲活动；adj. 空闲的，有闲的；业余的","n. 闲暇，业余时间；休闲活动 | adj. 空闲的，有闲的；业余的","ˈliːʒər","ˈleʒə(r)","11:53.34"
"728","Week 3","228","miserable","adj. 痛苦的，使人难受的；（人）乖戾的，总是抱怨的","adj. 痛苦的，使人难受的；（人）乖戾的，总是抱怨的；少得可怜的，太少的；糟糕的，差劲的","ˈmɪzrəb(ə)l","ˈmɪzrəbl","11:56.32"
"729","Week 3","229","uneasy","adj. 担忧的，不安的；令人不舒服的，不安稳的","adj. 担忧的，不安的；令人不舒服的，不安稳的；（情况）不稳定的；（书或音乐）难懂的，晦涩的；不和谐的，矛盾的","ʌnˈiːzi","ʌnˈiːzi","11:59.88"
"730","Week 3","230","gallery","n. 美术馆，画廊；（大厅的）楼座，楼上旁听席","n. 美术馆，画廊；（大厅的）楼座，楼上旁听席；（剧场中的）顶层楼座；阳台，露台；一群（相似的人或物）；长廊，走廊；（矿井下的）巷道；观众","ˈɡæləri","ˈɡæləri","12:03.04"
"731","Week 3","231","suburb","n. 城郊，近郊","n. 城郊，近郊","ˈsʌbɜːrb","ˈsʌbɜːb","12:05.61"
"732","Week 3","232","amuse","v. 逗乐，逗笑；（提供）消遣，（使）娱乐","v. 逗乐，逗笑；（提供）消遣，（使）娱乐","əˈmjuːz","əˈmjuːz","12:08.82"
"733","Week 3","233","interfere","v. 干涉，干扰；阻碍，妨害","v. 干涉，干扰；阻碍，妨害；（未经允许）摆弄，（尤指）弄坏；（光或其他电磁波）相互作用，相互干扰；（指马）碰踝，绊脚","ˌɪntərˈfɪr","ˌɪntəˈfɪə(r)","12:11.82"
"734","Week 3","234","collapse","v. 倒塌，塌下；崩溃，瓦解；n. 倒塌，塌陷；突然失败，崩溃","v. 倒塌，塌下；崩溃，瓦解；突然倒下，昏倒；瘫倒；突然贬值，暴跌；萎陷，瘪掉；折叠 | n. 倒塌，塌陷；突然失败，崩溃；病倒，垮掉；突然贬值，暴跌","kəˈlæps","kəˈlæps","12:14.82"
"735","Week 3","235","immense","adj. 极大的，巨大的；非常好，极好","adj. 极大的，巨大的；非常好，极好；无边无际的","ɪˈmens","ɪˈmens","12:18.16"
"736","Week 3","236","contrast","n. 差异，对比；对照物，明显不同的事物；v. 对比，对照；显出明显的差异，形成对比","n. 差异，对比；对照物，明显不同的事物；（摄影或绘画中的）颜色反差，明暗对比；（电视屏幕的）图像明暗对比度，反差 | v. 对比，对照；显出明显的差异，形成对比","ˈkɑːntræst","ˈkɒntrɑːst","12:21.39"
"737","Week 3","237","fatal","adj. 致命的；导致失败的，灾难性的","adj. 致命的；导致失败的，灾难性的","ˈfeɪt(ə)l","ˈfeɪt(ə)l","12:25.61"
"738","Week 3","238","marine","adj. 海洋的，海产的；海运的，海事的；n. 水兵，海军陆战队士兵；（一个国家的）船舶","adj. 海洋的，海产的；海运的，海事的 | n. 水兵，海军陆战队士兵；（一个国家的）船舶","məˈriːn","məˈriːn","12:29.25"
"739","Week 3","239","toll","n. （道路、桥梁等的）通行费；长途电话费；v. （缓慢地）敲（钟），鸣（钟）；鸣钟告知","n. （道路、桥梁等的）通行费；长途电话费；（事故、灾难、战争等的）伤亡人数；严重的不良影响；（缓慢的）钟声 | v. （缓慢地）敲（钟），鸣（钟）；鸣钟告知；收取（桥梁或道路的）通行费","toʊl","təʊl","12:32.13"
"740","Week 3","240","diplomat","n. 外交官，外交家；有手腕的人，善交际的人","n. 外交官，外交家；有手腕的人，善交际的人","ˈdɪpləmæt","ˈdɪpləmæt","12:34.98"
"741","Week 3","241","pension","n. 养老金，退休金；（法国和其他一些欧洲国家的）廉价小旅店；v. （尤指因年龄或疾病而）向（某人）支付养老金使其退休；（因陈旧或不再有用而）丢弃（某物）","n. 养老金，退休金；（法国和其他一些欧洲国家的）廉价小旅店；（给皇室宠臣、艺术家或学者以便他们能从事公益工作的）津贴，补助金 | v. （尤指因年龄或疾病而）向（某人）支付养老金使其退休；（因陈旧或不再有用而）丢弃（某物）","ˈpenʃən","ˈpenʃ(ə)n","12:38.10"
"742","Week 3","242","handful","n. 一把；少数，少量","n. 一把；少数，少量； 难以控制的人（或事物）","ˈhændfʊl","ˈhændfʊl","12:41.47"
"743","Week 3","243","sector","n. 区域，部分；（尤指商业、贸易等的）部门，行业；v. 把……分成扇形","n. 区域，部分；（尤指商业、贸易等的）部门，行业；小群体；（尤指军队控制的）分区，防区；（磁盘上的）扇区； 扇形，扇形面；函数尺，象限仪 | v. 把……分成扇形","ˈsektər","ˈsektə(r)","12:44.36"
"744","Week 3","244","inherit","v. 继承（遗产）；经遗传获得（品质、身体特征等）","v. 继承（遗产）；经遗传获得（品质、身体特征等）；接手，承担；接收（前所有者的事物）；（尤作圣经翻译和典故用语）得到","ɪnˈherɪt","ɪnˈherɪt","12:46.99"
"745","Week 3","245","contradict","v. 反驳，否认；相抵触，相矛盾","v. 反驳，否认；相抵触，相矛盾；发生矛盾","ˌkɑːntrəˈdɪkt","ˌkɒntrəˈdɪkt","12:50.48"
"746","Week 3","246","reproduce","v. 复制，翻印；模拟","v. 复制，翻印；模拟；再制造，再现；繁殖，生殖","ˌriːprəˈduːs","ˌriːprəˈdjuːs","12:54.17"
"747","Week 3","247","cue","n. 暗示，提示；（戏剧或电影中的）尾白，提示；v. 提示，暗示；用球杆击球","n. 暗示，提示；（戏剧或电影中的）尾白，提示；（台球等的）球杆；线索；选听（或选看）键 | v. 提示，暗示；用球杆击球","kjuː","kjuː","12:57.25"
"748","Week 3","248","luxury","n. 奢华，华贵；奢侈品；adj. 奢侈的，豪华的","n. 奢华，华贵；奢侈品；不常有的乐趣，难得的享受 | adj. 奢侈的，豪华的","ˈlʌkʃəri","ˈlʌkʃəri","13:00.14"
"749","Week 3","249","vain","adj. 虚荣的，自负的；徒劳的","adj. 虚荣的，自负的；徒劳的","veɪn","veɪn","13:03.55"
"750","Week 3","250","refine","v. 精炼，提纯；改进，改善","v. 精炼，提纯；改进，改善；使……文雅","rɪˈfaɪn","rɪˈfaɪn","13:06.46"
"751","Week 4","1","passive","adj. 消极的，被动的；被动语态的；n. （动词的）被动语态形式；被动语态（the passive）","adj. 消极的，被动的；被动语态的；（抵抗）非暴力的；（电路，装置）无源的；（金属）经表面钝化处理的，钝化的 | n. （动词的）被动语态形式；被动语态（the passive）","ˈpæsɪv","ˈpæsɪv","00:02.19"
"752","Week 4","2","overcome","v. 克服，解决；征服，战胜","v. 克服，解决；征服，战胜；使受不了，使无法行动（或思考）","ˌoʊvərˈkʌm","ˌəʊvəˈkʌm","00:04.68"
"753","Week 4","3","breakthrough","n. 突破，重大进展","n. 突破，重大进展","ˈbreɪkθruː","ˈbreɪkθruː","00:08.04"
"754","Week 4","4","choke","v. 窒息，噎住，卡住；说不出话，哽咽；n. 窒息，噎住的声音；阻气门","v. 窒息，噎住，卡住；说不出话，哽咽；掐死，扼死；堵塞，塞满；（管子、渠道等）被阻塞，被塞满；失败；阻止，抑制；闷住，扑灭（火等）；窒息，噎住 | n. 窒息，噎住的声音；阻气门","tʃoʊk","tʃəʊk","00:10.89"
"755","Week 4","5","illegal","adj. 非法的，违法的；违规的；n. 非法移民，非法劳工","adj. 非法的，违法的；违规的 | n. 非法移民，非法劳工","ɪˈliːɡ(ə)l","ɪˈliːɡ(ə)l","00:13.87"
"756","Week 4","6","steam","n. 蒸汽，水蒸气；水汽，雾气；v. 散发蒸汽，冒热气；蒸（食物）；adj. 蒸汽的","n. 蒸汽，水蒸气；水汽，雾气；蒸汽动力（压力）；力量，势头；蒸汽机车 | v. 散发蒸汽，冒热气；蒸（食物）；（以蒸汽为动力）行驶；快速行走，疾行；（使）蒙上水汽；蒸汽洗涤，蒸汽处理；用蒸汽软化（尤指胶水）；开始战斗，投入战斗；（一群贼）（在匆忙通过公共场所时）顺路盗窃（或抢劫）；用蒸汽开动（机车） | adj. 蒸汽的","stiːm","stiːm","00:16.76"
"757","Week 4","7","confront","v. 面对，面临；正视，处理","v. 面对，面临；正视，处理；对峙，对抗；对质，当面对证","kənˈfrʌnt","kənˈfrʌnt","00:19.69"
"758","Week 4","8","royal","adj. 国王的，女王的，王室的；（用于机构或组织名称）皇家的；n. 王室成员；（鸣钟术）敲奉十口钟的变换响","adj. 国王的，女王的，王室的；（用于机构或组织名称）皇家的 ；盛大的，隆重的；（用于强调某人或某物极度糟糕）极其的，极度的 | n. 王室成员；（鸣钟术）敲奉十口钟的变换响","ˈrɔɪəl","ˈrɔɪəl","00:23.00"
"759","Week 4","9","asset","n. 有利条件，有价值的人或物；资产，财产","n. 有利条件，有价值的人或物；资产，财产","ˈæset","ˈæset","00:25.79"
"760","Week 4","10","dump","v. 丢弃，扔掉；乱堆，乱放；n. 垃圾场；废料堆场","v. 丢弃，扔掉；乱堆，乱放；丢下，抛弃；分手，甩掉；倾销，抛售；转储，转存（计算机数据）；（尤指系统发生故障后内存的）打印输出，卸出 | n. 垃圾场；废料堆场；（金矿开采作业堆积而成的）矿山废石堆；脏地方；军需品临时存放处；转存；拉屎","dʌmp","dʌmp","00:28.91"
"761","Week 4","11","copyright","n. 版权，著作权；adj. 版权的，受版权保护的；v. 获得……的版权；保护……的版权","n. 版权，著作权 | adj. 版权的，受版权保护的 | v. 获得……的版权；保护……的版权","ˈkɑːpiraɪt","ˈkɒpiraɪt","00:31.97"
"762","Week 4","12","instant","adj. 立刻的，马上的；速食的，即食的；n. 瞬间，片刻；当时，那一刻","adj. 立刻的，马上的；速食的，即食的；紧急的，紧迫的；（商业信函用语）本月的；此刻的，现时的 | n. 瞬间，片刻；当时，那一刻；速溶咖啡","ˈɪnstənt","ˈɪnstənt","00:34.98"
"763","Week 4","13","tender","adj. 温柔的，亲切的；（食物）嫩的，软的；v. 提出，提供；投标；n. 投标，投标书；（期货交易中的）交割意向通知书","adj. 温柔的，亲切的；（食物）嫩的，软的；年幼的，未成熟的；（身体部位）易痛的，一触即痛的；（植物）纤弱的，娇嫩的；微妙的，棘手的；（航海）易倾斜的，不稳的 | v. 提出，提供；投标；付钱，偿还；出价购买（股票等）；使变脆弱；温柔地对待 | n. 投标，投标书；（期货交易中的）交割意向通知书；（尤指挂在火车头后的）煤水车；（在大船和口岸之间载运人或货物的）供应船，补给船；（装有特别设备的）辅助救火车；服务车，辅助车辆；照料人，照管人；（通常裹有面包屑的）炸鸡块","ˈtendər","ˈtendə(r)","00:37.80"
"764","Week 4","14","saving","n. （钱、时间或其他资源的）节约，节省；储蓄金，存款；adj. 节约的，节省的；节俭的，省钱的；prep. 除了，除……外；v. 救援，挽救；节省","n. （钱、时间或其他资源的）节约，节省；储蓄金，存款； 保留，例外；存钱 | adj. 节约的，节省的；节俭的，省钱的 | prep. 除了，除……外 | v. 救援，挽救；节省；保存（save 的现在分词形式）","ˈseɪvɪŋ","ˈseɪvɪŋ","00:40.84"
"765","Week 4","15","proportion","n. 部分，份额；比例；v. 使（某物）成比例，使相称；分摊","n. 部分，份额；比例；正确的比例，均衡；大小，程度（proportions）；（事情的）重要性，严重性；等比关系 | v. 使（某物）成比例，使相称；分摊","prəˈpɔːrʃ(ə)n","prəˈpɔːʃ(ə)n","00:43.91"
"766","Week 4","16","blend","v. （使）混合，调和；（使）协调，融合；n. 混合物；交融，融合","v. （使）混合，调和；（使）协调，融合；调制，配制 | n. 混合物；交融，融合；混合词","blend","blend","00:47.12"
"767","Week 4","17","nasty","adj. 恶毒的，凶相的；令人不快的，令人厌恶的；n. 令人不快的人（或事），危害别人的人（或事）；恐怖录像（或影片）","adj. 恶毒的，凶相的；令人不快的，令人厌恶的；（伤口、疾病等）严重的，恶性的；污秽的，下流的；（外表）丑陋的，（气味等）难闻的；造成很大伤害的；令人担忧的，难对付的；有威胁性的，吓人的 | n. 令人不快的人（或事），危害别人的人（或事）；恐怖录像（或影片）","ˈnæsti","ˈnɑːsti","00:50.12"
"768","Week 4","18","arouse","v. 引起，激起；叫醒，唤醒","v. 引起，激起；叫醒，唤醒；激起……的性欲","əˈraʊz","əˈraʊz","00:53.30"
"769","Week 4","19","elect","v. 选举；选择（做）；adj. 候任的；选中的，卓越的；n. 上帝的选民（the elect）；特权阶层","v. 选举；选择（做）；（上帝）挑选（某人）（而使其灵魂永远得救） | adj. 候任的；选中的，卓越的；蒙上帝挑选（而得救）的 | n. 上帝的选民（the elect）；特权阶层","ɪˈlekt","ɪˈlekt","00:56.48"
"770","Week 4","20","disagree","v. 有分歧，意见不合；不一致","v. 有分歧，意见不合；不一致；不适宜，使……不舒服","ˌdɪsəˈɡriː","ˌdɪsəˈɡriː","00:59.59"
"771","Week 4","21","organ","n. （人体或动植物的）器官；阴茎，阳物","n. （人体或动植物的）器官；阴茎，阳物；风琴，管风琴； （官方的）机构，机关；机关报刊，宣传工具","ˈɔːrɡən","ˈɔːɡən","01:02.86"
"772","Week 4","22","guilty","adj. 内疚的，羞愧的；有罪的，有过失的","adj. 内疚的，羞愧的；有罪的，有过失的","ˈɡɪlti","ˈɡɪlti","01:05.75"
"773","Week 4","23","classic","adj. 典型的，有代表性的；一流的，经典的；n. 经典作品，杰作；杰出的事物，典范","adj. 典型的，有代表性的；一流的，经典的；古朴的，典雅的；糟糕的，讨厌的 | n. 经典作品，杰作；杰出的事物，典范；传统活动，传统项目","ˈklæsɪk","ˈklæsɪk","01:08.93"
"774","Week 4","24","sort","n. 种类，品种；某一种（或某一类）人；v. 整理，把……分类，拣选；妥善处理，安排妥当","n. 种类，品种；某一种（或某一类）人；（计算机对信息的）分类，排序；程度，方式 | v. 整理，把……分类，拣选；妥善处理，安排妥当；交往；协调","sɔːrt","sɔːt","01:12.00"
"775","Week 4","25","controversy","n. 争论，争议","n. 争论，争议","ˈkɑːntrəvɜːrsi","ˈkɒntrəvɜːsi","01:15.07"
"776","Week 4","26","shortage","n. 短缺，不足","n. 短缺，不足","ˈʃɔːrtɪdʒ","ˈʃɔːtɪdʒ","01:18.35"
"777","Week 4","27","enrol(l)","vt. 登记；使加入；vi. 登记；注册","vt. 登记；使加入；把……记入名册；招收；录取；（军事）使入伍 | vi. 登记；注册；报名；参加；记入名册","ɪnˈroʊl","ɪnˈrəʊl","01:21.49"
"778","Week 4","28","diplomatic","adj. 外交的，从事外交的；有手腕的，灵活变通的","adj. 外交的，从事外交的；有手腕的，灵活变通的；（版本，副本）仿真的，和原件完全一致的","ˌdɪpləˈmætɪk","ˌdɪpləˈmætɪk","01:24.84"
"779","Week 4","29","excessive","adj. 过度的，过多的","adj. 过度的，过多的","ɪkˈsesɪv; ekˈsesɪv","ɪkˈsesɪv; ekˈsesɪv","01:28.32"
"780","Week 4","30","idle","adj. 无事可做的；懒惰的；v. 闲混，无所事事；使……停止工作，使闲散","adj. 无事可做的；懒惰的；闲置的；空闲的；琐碎无聊的，毫无意义的；虚张声势的，唬人的；（钱）现金保存的，存于无息账户的 | v. 闲混，无所事事；使……停止工作，使闲散；（发动机、车辆）空转","ˈaɪd(ə)l","ˈaɪd(ə)l","01:31.57"
"781","Week 4","31","session","n. （某项活动的）一段时间，一场；（议会等的）会议，（法庭的）开庭；adj. （音乐家）伴奏的","n. （某项活动的）一段时间，一场；（议会等的）会议，（法庭的）开庭；学年，上课时间；（酒吧中）演奏会（尤指演奏爱尔兰音乐）；（计算机领域中的）会话；（尤指录音师的）灌录音乐时间；酗酒期；基督教长老会的管理机构 | adj. （音乐家）伴奏的","ˈseʃ(ə)n","ˈseʃ(ə)n","01:34.42"
"782","Week 4","32","territory","n. 领土，版图，领地；（美国、加拿大等的）准州","n. 领土，版图，领地；（美国、加拿大等的）准州；（某些国家划分的）地区；（某一动物或人想控制的）领地，地盘；（某人负责的）区域，地区；（具有某种特性的）地区，地方；（知识等的）领域，范围；（体育运动中的）防守区","ˈterətɔːri","ˈterətri","01:37.09"
"783","Week 4","33","impulse","n. 冲动；脉冲；adj. 一时兴起的，随兴的；v. 推动","n. 冲动；脉冲；推动力 | adj. 一时兴起的，随兴的 | v. 推动","ˈɪmpʌls","ˈɪmpʌls","01:40.24"
"784","Week 4","34","convince","v. 使确信，使信服；说服，劝服","v. 使确信，使信服；说服，劝服","kənˈvɪns","kənˈvɪns","01:43.30"
"785","Week 4","35","possess","v. 拥有，持有；具有（品质或能力）","v. 拥有，持有；具有（品质或能力）；（尤指邪恶的鬼魅或精灵）缠住，迷住；受（感情）支配，受（感情）影响；了解，懂得;","pəˈzes","pəˈzes","01:46.65"
"786","Week 4","36","gloomy","adj. 阴暗的，幽暗的；沮丧的，悲伤的","adj. 阴暗的，幽暗的；沮丧的，悲伤的；前景黯淡的，悲观的","ˈɡluːmi","ˈɡluːmi","01:49.56"
"787","Week 4","37","enterprise","n. 企业，事业单位；事业心，进取心","n. 企业，事业单位；事业心，进取心；事业；创业，企业经营","ˈentərpraɪz","ˈentəpraɪz","01:52.15"
"788","Week 4","38","lease","n. 租约，租契；v. 出租，租用","n. 租约，租契 | v. 出租，租用","liːs","liːs","01:55.39"
"789","Week 4","39","elaborate","adj. 复杂的，详尽的；精心制作的；v. 详细说明，详尽阐述；精心制作","adj. 复杂的，详尽的；精心制作的 | v. 详细说明，详尽阐述；精心制作","ɪˈlæbərət","ɪˈlæbərət","01:58.52"
"790","Week 4","40","corridor","n. （建筑物或火车内的）通道，过道；（一国领土通过他国境内的）走廊","n. （建筑物或火车内的）通道，过道；（一国领土通过他国境内的）走廊；狭长地带","ˈkɔːrɪdɔːr","ˈkɒrɪdɔː(r)","02:02.98"
"791","Week 4","41","likewise","adv. 同样地，类似地；（表示感觉相同）我也是，我有同感","adv. 同样地，类似地；（表示感觉相同）我也是，我有同感；也，还","ˈlaɪkwaɪz","ˈlaɪkwaɪz","02:06.19"
"792","Week 4","42","distract","v. 使分心，使转移注意力；使困惑，使迷惑","v. 使分心，使转移注意力；使困惑，使迷惑","dɪˈstrækt","dɪˈstrækt","02:09.24"
"793","Week 4","43","resign","v. 辞（职），放弃（工作或职位）；（使）听任，（使）顺从（~ oneself to）","v. 辞（职），放弃（工作或职位）；（使）听任，（使）顺从（~ oneself to）；（国际象棋）放弃，投子认输","rɪˈzaɪn","rɪˈzaɪn","02:12.55"
"794","Week 4","44","cling","v. 抓住，抱紧；黏附，粘住；n. 粘核桃","v. 抓住，抱紧；黏附，粘住；依恋，依附；坚持，坚信；紧抓不放，坚守 | n. 粘核桃","klɪŋ","klɪŋ","02:15.44"
"795","Week 4","45","representation","n. 代理人，代表；描绘，表现","n. 代理人，代表；描绘，表现；表示，象征；表现物（尤指画或模型）；抗议，陈述；（感知理论用语）表象","ˌreprɪzenˈteɪʃ(ə)n","ˌreprɪzenˈteɪʃ(ə)n","02:18.14"
"796","Week 4","46","ego","n. 自负，自尊，自我意识；（心理学）自我","n. 自负，自尊，自我意识；（心理学）自我","ˈiːɡoʊ","ˈiːɡəʊ","02:21.78"
"797","Week 4","47","govern","v. 统治，管理；控制，影响","v. 统治，管理；控制，影响；（语法）支配；可用来裁定（某案例）","ˈɡʌvərn","ˈɡʌv(ə)n","02:25.24"
"798","Week 4","48","assure","v. 使确信，向……保证；确保，使确定","v. 使确信，向……保证；确保，使确定；给……保险","əˈʃʊr","əˈʃʊə(r)","02:28.28"
"799","Week 4","49","spiritual","adj. 精神的，心灵的；宗教的；n. （原为美国黑人所唱的）圣歌，灵歌","adj. 精神的，心灵的；宗教的；（人）高尚的，不为物欲所动的 | n. （原为美国黑人所唱的）圣歌，灵歌","ˈspɪrɪtʃuəl","ˈspɪrɪtʃuəl","02:31.21"
"800","Week 4","50","personnel","n. （公司、组织或军队中的）全体人员，员工；人事部门；adj. 人员的，有关人事的","n. （公司、组织或军队中的）全体人员，员工；人事部门 | adj. 人员的，有关人事的","ˌpɜːrsəˈnel","ˌpɜːsəˈnel","02:34.37"
"801","Week 4","51","persist","v. 继续存在，持续；坚持，执意","v. 继续存在，持续；坚持，执意；坚持说，反复说","pərˈsɪst","pəˈsɪst","02:37.34"
"802","Week 4","52","reinforce","v. 加强，强化（观点、思想或感觉）；加固，使更结实；n. 加固物","v. 加强，强化（观点、思想或感觉）；加固，使更结实；给……加强力量（或装备），增援；寻求（或得到）增援 | n. 加固物","ˌriːɪnˈfɔːrs","ˌriːɪnˈfɔːs","02:40.61"
"803","Week 4","53","drag","v. 拖，拽；生拉硬拽，强迫；n. 乏味无聊的事（人）；累赘，拖累","v. 拖，拽；生拉硬拽，强迫；硬撑着行进，费劲地移动；拖沓；用鼠标拖动；用网（或钩）搜索；（使）拖地而行；把……扯进（谈话中）；（船）拖锚，走锚 | n. 乏味无聊的事（人）；累赘，拖累；吸一口（烟）；阻力，抗力；穿异性服装；街，路；汽车；（对其他人的）影响（力）；（用力或费力的）拖，曳；（拉钓线时引起的假蝇的）异动；（四匹马拉的）高大私人马车；被拖（或拉）之物；重型耙，耢；（拖在猎犬前面代替狐狸用的具有强烈气味的）人工臭迹；每次敲击前用另一只鼓槌先击两个装饰音（基本的击鼓模式之一）","dræɡ","dræɡ","02:43.99"
"804","Week 4","54","press","n. 新闻工作者，新闻界，报刊（the press）；新闻报道；v. 压，挤，推，贴；按，揿","n. 新闻工作者，新闻界，报刊（the press）；新闻报道；新闻舆论，媒体评论；印刷机；出版社，印刷厂；印刷；按，压，熨；压平器，熨烫机；人群，拥挤；大壁橱，衣柜，书柜；（篮球）紧逼；（举重）推举；（尤指海军的）强行征兵；商业压力 | v. 压，挤，推，贴；按，揿；困扰，严重影响；挤着走；敦促，逼迫；坚持，竭力要求；压平，熨平；压榨，榨汁；CD 制作，压制（唱片）；（深情地）紧握（某人的手或臂）；前进，推进；（敌人，对手）进逼，进攻；（高尔夫）过猛击球；征用，临时使用；（举重）推举","pres","pres","02:47.01"
"805","Week 4","55","dropout","n. 辍学者；隐士，遁世者；adj. 辍学的","n. 辍学者；隐士，遁世者；（英橄）以踢抛踢球重新开始开赛；信息漏失，信息失落；U形槽 | adj. 辍学的","ˈdrɑːpaʊt","ˈdrɒpaʊt","02:49.84"
"806","Week 4","56","fuss","n. 大惊小怪，紧张不安；（为小事）大发牢骚；v. 大惊小怪，瞎忙活；过分体贴（fuss over）","n. 大惊小怪，紧张不安；（为小事）大发牢骚；反对，抗议；繁琐的手续，麻烦 | v. 大惊小怪，瞎忙活；过分体贴（fuss over）；使烦恼，烦扰","fʌs","fʌs","02:52.99"
"807","Week 4","57","communicate","v. 传递信息，通讯；传达，传递（想法或感情）","v. 传递信息，通讯；传达，传递（想法或感情）；传染（疾病）；（房间或建筑）相通，相连；传输（热，力），传递（运动）；领受圣餐","kəˈmjuːnɪkeɪt","kəˈmjuːnɪkeɪt","02:56.04"
"808","Week 4","58","constitute","v. 组成，构成；是，被视为","v. 组成，构成；是，被视为；成立，设立；任命","ˈkɑːnstɪtuːt","ˈkɒnstɪtjuːt","02:59.15"
"809","Week 4","59","steady","adj. 平稳的，稳步的，持续的；稳定的，恒定的；v. 使平稳，稳住；（使）稳定，（使）固定（一段时间）；n. 关系确定的情侣；（支撑大篷车或其他车辆的）支架，撑竿；int. 当心，冷静点；adv. 稳定地，持续地，稳固地","adj. 平稳的，稳步的，持续的；稳定的，恒定的；稳固的，牢固的；沉着的，冷静的；（人）稳重的，可靠的 | v. 使平稳，稳住；（使）稳定，（使）固定（一段时间）；（使）镇定，（使）冷静 | n. 关系确定的情侣；（支撑大篷车或其他车辆的）支架，撑竿 | int. 当心，冷静点 | adv. 稳定地，持续地，稳固地","ˈstedi","ˈstedi","03:02.29"
"810","Week 4","60","migrate","v. （候鸟或动物）迁徙；（尤指为找工作）移居，迁移","v. （候鸟或动物）迁徙；（尤指为找工作）移居，迁移；转移（从一个部位移到另一部位）；把（程序，硬件）从一系统转移到另一系统；改用操作系统","ˈmaɪɡreɪt","maɪˈɡreɪt","03:05.21"
"811","Week 4","61","brand","n. 品牌，商标；（独特的）一种，一类；v. 打烙印于（牲畜，以标明所属）；给……冠以恶名，谴责","n. 品牌，商标；（独特的）一种，一类；（动物身上标明所属的）烙印，火印；独特的个性，自成一格的形象；燃烧的木头，烧焦的木头；（打印用的）烙铁；火炬，剑 | v. 打烙印于（牲畜，以标明所属）；给……冠以恶名，谴责；给……设计品牌，加商标于；铭刻，铭记","brænd","brænd","03:08.48"
"812","Week 4","62","indifferent","adj. 冷淡的，不关心的；中等的，平庸的","adj. 冷淡的，不关心的；中等的，平庸的；一般的，相当差的；中立的；不分化的","ɪnˈdɪfrənt","ɪnˈdɪfrənt","03:11.23"
"813","Week 4","63","implement","v. 执行，贯彻；为……提供工具；n. 工具，器具；履行","v. 执行，贯彻；为……提供工具 | n. 工具，器具；履行；手段","ˈɪmplɪment","ˈɪmplɪment","03:14.51"
"814","Week 4","64","marvel(l)ous","adj. 极好的，绝妙的；令人惊奇的，不同寻常的","adj. 极好的，绝妙的；令人惊奇的，不同寻常的","ˈmɑːrvələs","ˈmɑːvələs","03:19.07"
"815","Week 4","65","casual","adj. 休闲的，便装的；随便的，非正式的；n. 便服，便装（casuals）；临时工","adj. 休闲的，便装的；随便的，非正式的；漫不经心的，随意的；临时的，短期的；碰巧的，偶然的；不认真的，马虎的；不定期的，偶尔的；感情不深的，疏远的 | n. 便服，便装（casuals）；临时工；散漫青年；待命士兵","ˈkæʒuəl","ˈkæʒuəl","03:22.45"
"816","Week 4","66","excursion","n. 短途旅行，远足；涉猎","n. 短途旅行，远足；涉猎；移动；游览团，远足队；离题；偏移，偏差","ɪkˈskɜːrʒ(ə)n","ɪkˈskɜːʃn","03:25.35"
"817","Week 4","67","tasty","adj. 美味的；有趣的","adj. 美味的； 有趣的； 性感的，迷人的；善战的","ˈteɪsti","ˈteɪsti","03:28.85"
"818","Week 4","68","exploit","v. 剥削，压榨；利用（……为自己谋利）；n. 英勇事迹，壮举；大胆的表演，不凡的身手","v. 剥削，压榨；利用（……为自己谋利）；运用，发挥；开发，开拓 | n. 英勇事迹，壮举；大胆的表演，不凡的身手","ɪkˈsplɔɪt","ɪkˈsplɔɪt","03:31.65"
"819","Week 4","69","odd","adj. 奇怪的，反常的；偶然出现的，偶尔发生的；adv. （用于数字后）大约，左右","adj. 奇怪的，反常的；偶然出现的，偶尔发生的；奇形怪状的，各种各样的；不成对的，不同类的；奇数的；可得到的，可用的；少量的，不重要的；（尤指在双方至少各进一球的情况下）一球险胜的 | adv. （用于数字后）大约，左右","ɑːd","ɒd","03:35.19"
"820","Week 4","70","odds","n. （事物发生的）可能性，机会；困难，不利条件","n. （事物发生的）可能性，机会；困难，不利条件；投注赔率；（力量、权力或资源上的）优势","ɑːdz","ɒdz","03:37.51"
"821","Week 4","71","identical","adj. 完全相同的；同一的","adj. 完全相同的；同一的；（双胞胎）同卵的；恒等的","aɪˈdentɪk(ə)l","aɪˈdentɪk(ə)l","03:40.56"
"822","Week 4","72","minimum","adj. 最小的，最低限度的；n. 最小值，最低限度；adv. 最低，至少","adj. 最小的，最低限度的 | n. 最小值，最低限度 | adv. 最低，至少","ˈmɪnɪməm","ˈmɪnɪməm","03:43.78"
"823","Week 4","73","guideline","n. 指导方针，准则；参考","n. 指导方针，准则；参考","ˈɡaɪdlaɪn","ˈɡaɪdlaɪn","03:47.03"
"824","Week 4","74","drift","v. 飘移，漂流；任其自然地（或不知不觉地）进入（某种状态）；n. 流动，趋势；吹积物，雪堆","v. 飘移，漂流；任其自然地（或不知不觉地）进入（某种状态）；流浪，漂泊；缓慢移动；传出；吹积 | n. 流动，趋势；吹积物，雪堆；主旨，大意；偏航；不作为，优柔寡断；丛生的植物；冰碛；水平巷道","drɪft","drɪft","03:50.15"
"825","Week 4","75","rude","adj. 粗鲁的，无礼的；粗俗的，下流的","adj. 粗鲁的，无礼的；粗俗的，下流的；突如其来的，猛烈的； 简陋的，粗制的； 有活力的，粗壮的； 未开化的，原始的","ruːd","ruːd","03:53.19"
"826","Week 4","76","substance","n. 物质，材料；主旨，主要内容","n. 物质，材料；主旨，主要内容；重要性；真实性，可信性；毒品；财富，财产；实质，（实在的）东西； 实体；可靠，稳定；（哲）实体","ˈsʌbstəns","ˈsʌbstəns","03:56.28"
"827","Week 4","77","supervise","v. 指导（某人）的工作；监督（任务，计划，活动）","v. 指导（某人）的工作；监督（任务，计划，活动）","ˈsuːpərvaɪz","ˈsuːpəvaɪz","03:59.46"
"828","Week 4","78","overnight","adv. 在夜间，在晚上；突然，一夜之间；adj. 夜间的，只供一夜的；突然的，一夜之间的；v. 过夜；连夜快递（货物）；n. 一夜的逗留","adv. 在夜间，在晚上；突然，一夜之间 | adj. 夜间的，只供一夜的；突然的，一夜之间的 | v. 过夜；连夜快递（货物） | n. 一夜的逗留","ˌoʊvərˈnaɪt","ˌəʊvəˈnaɪt","04:03.22"
"829","Week 4","79","breed","v. 交配繁殖；饲养，培育；n. 品种；（人的）类型，种类","v. 交配繁殖；饲养，培育；养育，培养；引起，酿成；（通过核反应）增殖可裂变物质 | n. 品种；（人的）类型，种类","briːd","briːd","04:07.39"
"830","Week 4","80","reluctant","adj. 勉强的，不情愿的","adj. 勉强的，不情愿的","rɪˈlʌktənt","rɪˈlʌktənt","04:10.60"
"831","Week 4","81","reasonable","adj. 有道理的，合情理的；（人）通情达理的，讲道理的","adj. 有道理的，合情理的；（人）通情达理的，讲道理的；适度的，合适的；（价格）公道的；还算好的，尚可的；相当大的，（数量）不少的","ˈriːz(ə)nəb(ə)l","ˈriːznəbl","04:13.54"
"832","Week 4","82","determination","n. 决心，坚定；决定，裁定","n. 决心，坚定；决定，裁定；测定，确定；（财产权、利息的）终止","dɪˌtɜːrmɪˈneɪʃ(ə)n","dɪˌtɜːmɪˈneɪʃ(ə)n","04:16.67"
"833","Week 4","83","thrive","v. 茁壮成长，兴旺，繁荣；（尤指在别人觉得困难的时候）以……为乐，可以出色应对","v. 茁壮成长，兴旺，繁荣；（尤指在别人觉得困难的时候）以……为乐，可以出色应对","θraɪv","θraɪv","04:19.81"
"834","Week 4","84","remedy","n. 解决方法，纠正方法；法定补偿（办法）；v. 补救，纠正；治疗","n. 解决方法，纠正方法；法定补偿（办法）；治疗（法），药品；（硬币的）公差 | v. 补救，纠正；治疗","ˈremədi","ˈremədi","04:22.93"
"835","Week 4","85","temptation","n. 引诱，诱惑；诱惑人的东西","n. 引诱，诱惑；诱惑人的东西；（魔鬼对耶稣的）引诱（the Temptation）","tempˈteɪʃ(ə)n","tempˈteɪʃ(ə)n","04:25.82"
"836","Week 4","86","squeeze","v. 挤压，捏；挤出，榨出（液体等）；n. 挤压，捏；拥挤，塞满","v. 挤压，捏；挤出，榨出（液体等）；（使）挤入，塞入；为……挤出时间（squeeze someone/something in）；排挤出（squeeze someone/something out）；敲诈勒索，榨取；严格限制，紧缩（资金）；好不容易取得，勉强成功；紧紧闭上双眼；扣扳机射击，打一整发（子弹）；拍照；（桥牌）逼（对方）放弃一张赢墩牌，逼牌 | n. 挤压，捏；拥挤，塞满；挤出来的少量事物；紧缩，拮据； 男朋友，女朋友； 勒索（或敲诈）的钱；拥抱；（桥牌）紧逼打法（逼对手扔掉一张重要的牌）；压模，拓印；（棒球）抢分战术； 拥挤的社交舞会","skwiːz","skwiːz","04:28.70"
"837","Week 4","87","enlighten","v. 阐明，指导；教导，启迪","v. 阐明，指导；教导，启迪；照耀，照亮（物体）","ɪnˈlaɪt(ə)n","ɪnˈlaɪt(ə)n","04:32.28"
"838","Week 4","88","compensation","n. 赔偿金，补偿金；弥补，抵消","n. 赔偿金，补偿金；弥补，抵消；报酬，薪水","ˌkɑːmpenˈseɪʃ(ə)n","ˌkɒmpenˈseɪʃ(ə)n","04:35.18"
"839","Week 4","89","visible","adj. 看得见的；明显的，引人注目的；n. 有形进出口货物（visibles）","adj. 看得见的；明显的，引人注目的；（进出口贸易）有形商品的；（物理）（光）可见的；现有的，可得到的 | n. 有形进出口货物（visibles）","ˈvɪzəb(ə)l","ˈvɪzəb(ə)l","04:38.20"
"840","Week 4","90","invisible","adj. 看不见的，隐形的；无形的，非贸易的；n. 无形进出口","adj. 看不见的，隐形的；无形的，非贸易的；被忽视的，不为人注意的 | n. 无形进出口","ɪnˈvɪzəb(ə)l","ɪnˈvɪzəb(ə)l","04:41.35"
"841","Week 4","91","readily","adv. 轻而易举地，迅速地；乐意地，欣然地","adv. 轻而易举地，迅速地；乐意地，欣然地","ˈredɪli","ˈredɪli","04:44.69"
"842","Week 4","92","circulate","v. （液体或气体）环流，循环；传播，流传","v. （液体或气体）环流，循环；传播，流传；传阅，传送；来往应酬，周旋","ˈsɜːrkjəleɪt","ˈsɜːkjəleɪt","04:47.75"
"843","Week 4","93","uniform","n. 制服，校服；穿制服的警官；adj. 全部相同的，始终如一的；制服式的；v. 使一致；使穿制服","n. 制服，校服；穿制服的警官；（某一群体的人穿的）典型服装，特有服装；（无线电通讯）字母 U 的代码 | adj. 全部相同的，始终如一的；制服式的 | v. 使一致；使穿制服","ˈjuːnɪfɔːrm","ˈjuːnɪfɔːm","04:51.03"
"844","Week 4","94","evil","adj. 恶毒的，邪恶的；有害的，易造成伤害的；n. 有害（或不受欢迎）的事；邪恶，罪恶","adj. 恶毒的，邪恶的；有害的，易造成伤害的；讨厌的，令人不舒服的；恶魔的，不祥的 | n. 有害（或不受欢迎）的事；邪恶，罪恶；坏事，恶行","ˈiːv(ə)l","ˈiːv(ə)l","04:54.31"
"845","Week 4","95","suffering","n. （内心或肉体的）痛苦，问题；痛苦的感觉；v. 遭受；经历","n. （内心或肉体的）痛苦，问题；痛苦的感觉 | v. 遭受；经历；（因疾病、痛苦、悲伤等）受痛苦，受损害（suffer 的现在分词形式）","ˈsʌfərɪŋ","ˈsʌfərɪŋ","04:57.03"
"846","Week 4","96","proof","n. 证明，证据；检验，证实；adj. 防……的，耐……的；试印的；v. 保护……免受影响（或损害）；印……的校样","n. 证明，证据；检验，证实；（数学）验算，验证；校样，样张；（酒的）标准酒精度；法官单独听证 | adj. 防……的，耐……的；试印的 | v. 保护……免受影响（或损害）；印……的校样；校对；加水使（酵母）活化；揉（面团）；（面团）发酵","pruːf","pruːf","05:00.18"
"847","Week 4","97","portrait","n. （尤指只刻画脸、头和肩部的）肖像，照片，雕像；描绘，描述；adj. （纸张、页面、照片等）竖式的，纵向的","n. （尤指只刻画脸、头和肩部的）肖像，照片，雕像；描绘，描述；（文件的）纵向打印格式 | adj. （纸张、页面、照片等）竖式的，纵向的","ˈpɔːrtrət","ˈpɔːtreɪt","05:02.67"
"848","Week 4","98","reception","n. 接待处，服务台；欢迎会，招待会","n. 接待处，服务台；欢迎会，招待会；欢迎，反响；（收音机或电视信号）接收效果，接收质量；接收，接待；（美橄）接球；（幼儿学校的）小班，学前班","rɪˈsepʃ(ə)n","rɪˈsepʃ(ə)n","05:05.60"
"849","Week 4","99","comparable","adj. 可比的，可比较的；类似的，同类的","adj. 可比的，可比较的；类似的，同类的","ˈkɑːmpərəb(ə)l","ˈkɒmpərəb(ə)l","05:08.60"
"850","Week 4","100","specialize,-ise","vi. 专门研究（或从事），专攻；专营","vi. 专门研究（或从事），专攻；专营；（生）使（器官）专化，使特化","ˈspeʃəlaɪz","ˈspeʃəlaɪz","05:11.84"
"851","Week 4","101","intimate","adj. 亲密的；个人的，隐私的；v. 透露，暗示；宣布，通告；n. 密友，知己","adj. 亲密的；个人的，隐私的；温馨的，幽静舒适的；详尽的，精通的；密切的，紧密的；有性关系的，暧昧的 | v. 透露，暗示；宣布，通告 | n. 密友，知己","ˈɪntɪmət","ˈɪntɪmət","05:14.95"
"852","Week 4","102","digest","v. 理解，领悟；消化；n. 文摘，摘要；分解物，提炼物","v. 理解，领悟；消化 | n. 文摘，摘要；分解物，提炼物","daɪˈdʒest","daɪˈdʒest","05:18.73"
"853","Week 4","103","bore","v. 使厌烦，使讨厌；钻（孔），挖（洞）；n. 令人讨厌的人；使人厌烦的事","v. 使厌烦，使讨厌；钻（孔），挖（洞）；盯着看 | n. 令人讨厌的人；使人厌烦的事；内径，口径；探孔，钻孔；涌潮，激潮","bɔːr","bɔː(r)","05:22.71"
"854","Week 4","104","primitive","adj. 原始的，远古的；（器物等）粗糙的，简陋的；n. 原始人，未开化的土人；原始派艺术家（或其作品）","adj. 原始的，远古的；（器物等）粗糙的，简陋的；（人、动物或植物发展）早期的；（行为，思想，情感）本能的，自然的；（艺术风格）朴实无华的；原来的，原有的；（语言学）根词的，非派生的；（数）（代数或几何表达式）本原的；（生）原生的 | n. 原始人，未开化的土人；原始派艺术家（或其作品）；文艺复兴前的艺术家（或作品），模仿文艺复兴前艺术风格的现代画家；早期风格物品；词根，原（词）素；（数）基本式，初基；（计算机）图元，原语","ˈprɪmətɪv","ˈprɪmətɪv","05:25.16"
"855","Week 4","105","registration","n. 登记，注册，挂号；登记证，注册证","n. 登记，注册，挂号；登记证，注册证；（汽车）牌照号码（=registration number）； （教师对上课学生的）点名；（管风琴）音栓配合（法）","ˌredʒɪˈstreɪʃ(ə)n","ˌredʒɪˈstreɪʃ(ə)n","05:28.17"
"856","Week 4","106","recognition","n. 承认，接受；表彰，赞誉","n. 承认，接受；表彰，赞誉；认出，识别；（政府对他国的）外交认可","ˌrekəɡˈnɪʃ(ə)n","ˌrekəɡˈnɪʃn","05:31.66"
"857","Week 4","107","academy","n. 专科院校；研究院，学会","n. 专科院校；研究院，学会；（美国的）私立学校；（苏格兰的）中等学校","əˈkædəmi","əˈkædəmi","05:35.04"
"858","Week 4","108","category","n. 种类，范畴","n. 种类，范畴","ˈkætəɡɔːri","ˈkætəɡəri","05:38.04"
"859","Week 4","109","outlet","n. （情绪或精力的）发泄方式，发泄途径；排出口","n. （情绪或精力的）发泄方式，发泄途径；排出口；商店，分销点；廉价经销店；从事大众媒体行业的公司；电源插座","ˈaʊtlet","ˈaʊtlet","05:41.06"
"860","Week 4","110","perfection","n. 完美；完善","n. 完美；完善；完美的人（或物）","pərˈfekʃ(ə)n","pəˈfekʃ(ə)n","05:44.25"
"861","Week 4","111","enlarge","v. 扩大，增大，放大；详述（enlarge on）","v. 扩大，增大，放大；详述（enlarge on）","ɪnˈlɑːrdʒ","ɪnˈlɑːdʒ","05:47.34"
"862","Week 4","112","shortcoming","n. 缺点，短处","n. 缺点，短处","ˈʃɔːrtkʌmɪŋ","ˈʃɔːtkʌmɪŋ","05:50.64"
"863","Week 4","113","favo(u)rable","adj. 有利的，适宜的；称赞的，赞成的","adj. 有利的，适宜的；称赞的，赞成的；（价格）优惠的，合理的；有吉兆的，前景乐观的；（风）朝着行进方向吹的","ˈfeɪvərəbl","ˈfeɪvərəb(ə)l","05:54.24"
"864","Week 4","114","intensive","adj. 加强的，集中的，深入细致的；精耕细作的，集约的；n. 加强语势的形容词（或副词、小品词）","adj. 加强的，集中的，深入细致的；精耕细作的，集约的；加强词意的；以强度测量的 | n. 加强语势的形容词（或副词、小品词）","ɪnˈtensɪv","ɪnˈtensɪv","05:57.08"
"865","Week 4","115","pessimistic","adj. 悲观的，悲观主义的","adj. 悲观的，悲观主义的","ˌpesɪˈmɪstɪk","ˌpesɪˈmɪstɪk","06:00.63"
"866","Week 4","116","clinical","adj. 诊所的，医务室的；临床的，临床诊断的","adj. 诊所的，医务室的；临床的，临床诊断的；冷静的，无感情的；简陋的，无装饰的；精确的，娴熟的","ˈklɪnɪk(ə)l","ˈklɪnɪk(ə)l","06:03.77"
"867","Week 4","117","reliable","adj. 可靠的，可信赖的；真实可信的，确凿的；n. 可靠的人（或物）","adj. 可靠的，可信赖的；真实可信的，确凿的；（汽车、设备、系统等）耐用的，性能稳定的 | n. 可靠的人（或物）","rɪˈlaɪəb(ə)l","rɪˈlaɪəb(ə)l","06:06.43"
"868","Week 4","118","outstanding","adj. 杰出的，优秀的；显著的，突出的","adj. 杰出的，优秀的；显著的，突出的；未解决的，未完成的；（款项）未支付的，未结清的","aʊtˈstændɪŋ","aʊtˈstændɪŋ","06:09.54"
"869","Week 4","119","sweat","v. 流汗，出汗，冒汗；通过出汗排除；n. 汗水，汗液；一身汗，满身大汗","v. 流汗，出汗，冒汗；通过出汗排除；（通过运动或费力）使（人，动物）出汗；（食品，物体）渗出水分；辛苦工作，拼命干活；（人）（多指长时间的）处于极度焦虑中； 担心，焦虑，紧张；熔焊（金属）；用文火炖（肉或蔬菜） | n. 汗水，汗液；一身汗，满身大汗； 艰难的工作，累活，繁重的工作； 田径服，运动服，运动裤（sweats）；（用羊毛似的厚棉布做的）宽松休闲服装","swet","swet","06:12.86"
"870","Week 4","120","imaginary","adj. 想象的，虚构的；虚数的","adj. 想象的，虚构的；虚数的","ɪˈmædʒɪneri","ɪˈmædʒɪnəri","06:15.92"
"871","Week 4","121","trail","n. 痕迹，踪迹；（人或动物的）足迹，嗅迹；v. 拖，拉；没精打采地走，拖沓地走","n. 痕迹，踪迹；（人或动物的）足迹，嗅迹；（乡间的）小路，小径；（特定）路线，路径；一系列（坏事或有害事件）；（尤指细长）一缕，一串；滑雪坡，滑雪道，越野滑雪路线；电影或广播的预告片；（炮架的）架尾 | v. 拖，拉；没精打采地走，拖沓地走；（在竞赛或选举中）落后，输；跟踪，追踪；蔓生，蔓延，被搁置；垂下；慢慢移动，缓缓流动；（声音，喇叭）渐弱；事先宣传，预告（影片，节目等）；喷注（泥釉）","treɪl","treɪl","06:19.19"
"872","Week 4","122","impressive","adj. 给人印象深刻的，令人钦佩的","adj. 给人印象深刻的，令人钦佩的","ɪmˈpresɪv","ɪmˈpresɪv","06:21.91"
"873","Week 4","123","technician","n. 技师，技术人员；（体育、艺术等方面）技巧精湛者，精于技巧者","n. 技师，技术人员；（体育、艺术等方面）技巧精湛者，精于技巧者","tekˈnɪʃ(ə)n","tekˈnɪʃ(ə)n","06:25.56"
"874","Week 4","124","significance","n. 重要性，意义；意思，含义","n. 重要性，意义；意思，含义","sɪɡˈnɪfɪkəns","sɪɡˈnɪfɪkəns","06:28.58"
"875","Week 4","125","peak","n. 巅峰，顶点；山顶；v. 达到高峰，达到最大值；消瘦，衰弱，精神萎靡；adj. 巅峰状态的，最高的；高峰时期的","n. 巅峰，顶点；山顶；有尖峰的山；尖端，尖顶；帽檐，帽舌；极值，峰值；（艏或艉的）尖舱；斜桁外端，（帆的）后上角 | v. 达到高峰，达到最大值；消瘦，衰弱，精神萎靡 | adj. 巅峰状态的，最高的；高峰时期的","piːk","piːk","06:32.05"
"876","Week 4","126","surplus","n. 过剩，剩余，过剩量；盈余，顺差；adj. 过剩的，剩余的，多余的；（商店）出售剩余（或过时的）军用品的；v. 甩卖，变卖","n. 过剩，剩余，过剩量；盈余，顺差；超净资产 | adj. 过剩的，剩余的，多余的；（商店）出售剩余（或过时的）军用品的 | v. 甩卖，变卖","ˈsɜːrplʌs","ˈsɜːpləs","06:34.82"
"877","Week 4","127","furnish","v. 为（房间或房屋）配备家具；提供，供应","v. 为（房间或房屋）配备家具；提供，供应","ˈfɜːrnɪʃ","ˈfɜːnɪʃ","06:38.35"
"878","Week 4","128","knit","v. 编织，针织；织平针；n. 编织的衣物，织物；编织法","v. 编织，针织；织平针；（使）紧密结合；（骨头）愈合；皱紧，皱（眉） | n. 编织的衣物，织物；编织法","nɪt","nɪt","06:41.24"
"879","Week 4","129","branch","n. 树枝，分枝；分支机构，分店；v. 分岔，岔开；出枝，发出新枝","n. 树枝，分枝；分支机构，分店；（政府或机构的）部门；分科，分支；（家族的）支系；支流，岔路 | v. 分岔，岔开；出枝，发出新枝","bræntʃ","brɑːntʃ","06:44.11"
"880","Week 4","130","directly","adv. 直接地，径直地；坦率地；conj. 一……就……","adv. 直接地，径直地；坦率地；恰好，正好；立即，很快地 | conj. 一……就……","dəˈrektli; daɪˈrektli","dəˈrektli","06:47.21"
"881","Week 4","131","competent","adj. 能干的，能胜任的；合格的，过得去的","adj. 能干的，能胜任的；合格的，过得去的；精神正常的，智力无缺陷的；有决定权的；有法定资格的；活性的，（处于）感受态的","ˈkɑːmpɪtənt","ˈkɒmpɪtənt","06:50.80"
"882","Week 4","132","singular","adj. 单数的，单数形式的；非凡的，突出的；n. 单数，单数形式（the singular）","adj. 单数的，单数形式的；非凡的，突出的；奇怪的，异常的；独一无二的，独特的；（数）（方阵）零行列式的 | n. 单数，单数形式（the singular）","ˈsɪŋɡjələr","ˈsɪŋɡjələ(r)","06:54.00"
"883","Week 4","133","dominant","adj. 占支配地位的，占优势的；（基因）显性的；n. 显性（性状），显性基因","adj. 占支配地位的，占优势的；（基因）显性的 | n. 显性（性状），显性基因","ˈdɑːmɪnənt","ˈdɒmɪnənt","06:56.95"
"884","Week 4","134","therapy","n. 治疗，疗法；心理治疗","n. 治疗，疗法；心理治疗；（对身心健康）有裨益的活动","ˈθerəpi","ˈθerəpi","07:00.07"
"885","Week 4","135","terminal","n. （火车、公共汽车或船的）终点站；航空终点站，航站楼；adj. （疾病） 致命的，不治的，晚期的；（病状）已达晚期的","n. （火车、公共汽车或船的）终点站；航空终点站，航站楼；电脑终端；（电路的）端子，线接头；晚期病人；（石油，天然气的）集散站；（建筑）界标，端饰，胸像柱 | adj. （疾病） 致命的，不治的，晚期的；（病状）已达晚期的；逐步衰亡的，越来越糟的；终端的，末端的；极度的，极其的；学期的，期末的，按期的；（运输）终点（站）的；（动）末端的，远端的；（植）（花朵等）顶生的","ˈtɜːrmɪn(ə)l","ˈtɜːmɪn(ə)l","07:03.25"
"886","Week 4","136","philosophy","n. 哲学；哲学体系，思想体系","n. 哲学；哲学体系，思想体系；人生哲学，生活（工作）准则；（某一知识或经验领域的）理论基础研究，基本原理","fəˈlɑːsəfi","fəˈlɒsəfi","07:06.29"
"887","Week 4","137","remote","adj. 边远的，偏僻的；（距离或空间上）遥远的；n. 遥控装置，遥控器","adj. 边远的，偏僻的；（距离或空间上）遥远的；（时间上）久远的；（机会或可能性）渺茫的；差别很大的，很不相同的；不友好的，冷漠的；远亲关系的；（电子设备）遥控的；（计算机）远程的，远程连接的 | n. 遥控装置，遥控器","rɪˈmoʊt","rɪˈməʊt","07:09.17"
"888","Week 4","138","departure","n. 背离；离开，启程","n. 背离；离开，启程","dɪˈpɑːrtʃər","dɪˈpɑːtʃə(r)","07:12.22"
"889","Week 4","139","deficiency","n. 缺乏，不足；缺陷，瑕疵","n. 缺乏，不足；缺陷，瑕疵；赤字","dɪˈfɪʃ(ə)nsi","dɪˈfɪʃ(ə)nsi","07:15.45"
"890","Week 4","140","polish","v. 擦亮，磨光；改进，使完美，给……润色；n. 上光剂，亮光剂；抛光，擦亮；n. （Polish）波兰人；波兰语；adj. （Polish）波兰的","v. 擦亮，磨光；改进，使完美，给……润色；涂指甲油 | n. 上光剂，亮光剂；抛光，擦亮；擦光的面，打磨光亮的面；（表演或作品的）完美，优美；文雅，礼貌 | n. （Polish）波兰人；波兰语 | adj. （Polish）波兰的","ˈpɑːlɪʃ","ˈpɒlɪʃ","07:18.58"
"891","Week 4","141","accelerate","v. （使）加快，促进；（车辆或驾驶者）加速","v. （使）加快，促进；（车辆或驾驶者）加速","əkˈseləreɪt","əkˈseləreɪt","07:21.29"
"892","Week 4","142","democratic","adj. 平等的，有民主精神的；民主政体的","adj. 平等的，有民主精神的；民主政体的；（美国）民主党的","ˌdeməˈkrætɪk","ˌdeməˈkrætɪk","07:24.70"
"893","Week 4","143","equation","n. 等式，方程（式）；等同（看待）","n. 等式，方程（式）；等同（看待）；（必须考虑多种因素的）复杂局面（或问题）","ɪˈkweɪʒ(ə)n","ɪˈkweɪʒ(ə)n","07:28.18"
"894","Week 4","144","visual","adj. 视觉的，视力的；栩栩如生的；n. 视觉资料（指说明性的图片、影片等）","adj. 视觉的，视力的；栩栩如生的 | n. 视觉资料（指说明性的图片、影片等）","ˈvɪʒuəl","ˈvɪʒuəl","07:31.38"
"895","Week 4","145","disorder","n. 混乱，杂乱；骚乱，动乱；v. 打乱，使紊乱","n. 混乱，杂乱；骚乱，动乱；紊乱，疾病 | v. 打乱，使紊乱","dɪsˈɔːrdər","dɪsˈɔːdə(r)","07:34.06"
"896","Week 4","146","prohibit","v. （通过法律、条例等）禁止；阻止，使不可能","v. （通过法律、条例等）禁止；阻止，使不可能","prəˈhɪbɪt","prəˈhɪbɪt","07:37.39"
"897","Week 4","147","donation","n. 捐赠物，捐赠，赠送","n. 捐赠物，捐赠，赠送","doʊˈneɪʃ(ə)n","dəʊˈneɪʃ(ə)n","07:40.49"
"898","Week 4","148","oblige","v. 迫使，责成；施恩惠于，帮……的忙","v. 迫使，责成；施恩惠于，帮……的忙；使（某人）遵守誓约（或承诺、约定）","əˈblaɪdʒ","əˈblaɪdʒ","07:43.37"
"899","Week 4","149","obligation","n. （法律上或道义上的）义务，责任；恩惠，人情债","n. （法律上或道义上的）义务，责任；恩惠，人情债；（承诺付款等的）合同，契约；必须要做的事情","ˌɑːblɪˈɡeɪʃn","ˌɒblɪˈɡeɪʃ(ə)n","07:46.72"
"900","Week 4","150","calculate","v. 计算，核算；预测，推测","v. 计算，核算；预测，推测","ˈkælkjuleɪt","ˈkælkjuleɪt","07:50.46"
"901","Week 4","151","inspire","v. 激励，鼓舞；赋予灵感，激发（想法）","v. 激励，鼓舞；赋予灵感，激发（想法）；使产生（感觉或情感）；引起，导致；吸气，吸入","ɪnˈspaɪər","ɪnˈspaɪə(r)","07:53.78"
"902","Week 4","152","inspiration","n. 灵感；启发灵感的人（或事物）","n. 灵感；启发灵感的人（或事物）；鼓舞人心的人（或事物）；（突然想到的）好主意，妙计；吸气，吸入","ˌɪnspəˈreɪʃ(ə)n","ˌɪnspəˈreɪʃ(ə)n","07:56.93"
"903","Week 4","153","drown","v. （声音）压过，盖过；沉浸于，淹没于","v. （声音）压过，盖过；沉浸于，淹没于；（使）淹死","draʊn","draʊn","08:00.56"
"904","Week 4","154","surgery","n. 外科手术；诊所","n. 外科手术；诊所；（议员的）接待时间；应诊时间；手术室","ˈsɜːrdʒəri","ˈsɜːdʒəri","08:03.30"
"905","Week 4","155","scenery","n. 风景，景色；舞台布景","n. 风景，景色；舞台布景","ˈsiːnəri","ˈsiːnəri","08:06.45"
"906","Week 4","156","vitamin","n. 维生素，维他命；维生素片，维生素丸","n. 维生素，维他命；维生素片，维生素丸","ˈvaɪtəmɪn","ˈvɪtəmɪn","08:09.47"
"907","Week 4","157","definite","adj. 清晰的，明晰的；确定的，不会改变的；n. 确定之事","adj. 清晰的，明晰的；确定的，不会改变的；肯定的，一定的 | n. 确定之事","ˈdefɪnət","ˈdefɪnət","08:13.69"
"908","Week 4","158","incidence","n. 发生率；入射","n. 发生率；入射","ˈɪnsɪdəns","ˈɪnsɪdəns","08:16.79"
"909","Week 4","159","grace","n. 优美，优雅；文雅，高雅；v. 为增色，装饰；使增光，使荣耀","n. 优美，优雅；文雅，高雅；风度，体面；恩宠，恩典；饭前感恩祷告；宽限期，延缓期；大人（用于对公爵、公爵夫人或大主教的尊称） | v. 为增色，装饰；使增光，使荣耀","ɡreɪs","ɡreɪs","08:20.13"
"910","Week 4","160","avenue","n. 大街；（通向大宅子的）林荫道","n. 大街；（通向大宅子的）林荫道；途径，渠道","ˈævənuː","ˈævənjuː","08:22.98"
"911","Week 4","161","remark","n. 言论，评述；（正式演讲时的）言论（remarks）；v. 谈论，说起；注意到","n. 言论，评述；（正式演讲时的）言论（remarks）； 引人注目，显耀 | v. 谈论，说起；注意到","rɪˈmɑːrk","rɪˈmɑːk","08:25.85"
"912","Week 4","162","detection","n. 察觉，发现；侦破（案件）","n. 察觉，发现；侦破（案件）","dɪˈtekʃ(ə)n","dɪˈtekʃ(ə)n","08:28.86"
"913","Week 4","163","fabric","n. 布料，织物；构造，结构","n. 布料，织物；构造，结构；（汽车的）车身，（飞机的）机身","ˈfæbrɪk","ˈfæbrɪk","08:31.72"
"914","Week 4","164","ancestor","n. 祖先，祖宗；（动植物）原种","n. 祖先，祖宗；（动植物）原种；原型，雏形","ˈænsestər","ˈænsestə(r)","08:34.62"
"915","Week 4","165","suspend","v. 暂停，中止；使暂停使用（或生效）","v. 暂停，中止；使暂停使用（或生效）；使暂时停职（或停学等）；延缓，推迟；悬，挂；悬浮，漂浮； （法官或法庭作出的）暂缓执行（判决）；延留（和弦），延长（和音）","səˈspend","səˈspend","08:37.96"
"916","Week 4","166","log","n. 原木，圆材；正式记录，航海日志；v. 正式记录；行驶，行进（若干距离或时间）","n. 原木，圆材；正式记录，航海日志；对数；（定期或系统的）观察记录；船舶测速仪 | v. 正式记录；行驶，行进（若干距离或时间）；伐木，砍伐；成功获得，取得（成就）","lɔːɡ","lɒɡ","08:41.15"
"917","Week 4","167","slippery","adj. 湿滑的，容易打滑的；狡猾的，不可靠的","adj. 湿滑的，容易打滑的；狡猾的，不可靠的；模棱两可的，模糊的","ˈslɪpəri","ˈslɪpəri","08:43.86"
"918","Week 4","168","horrible","adj. 可怕的，令人恐惧的；糟糕的，讨厌的","adj. 可怕的，令人恐惧的；糟糕的，讨厌的；不友好的","ˈhɔːrəb(ə)l","ˈhɒrəb(ə)l","08:46.97"
"919","Week 4","169","transmit","v. 播送，传输，发射；传递，传达（思想、情感）","v. 播送，传输，发射；传递，传达（思想、情感）；传播，传染（病毒、疾病等）；传导（声、电等），透（光等）","trænzˈmɪt","trænzˈmɪt","08:49.96"
"920","Week 4","170","radiation","n. 辐射，放射线；辐射的热（或能量等）","n. 辐射，放射线；辐射的热（或能量等）；放射疗法；辐射形进化，发散状分化","ˌreɪdiˈeɪʃ(ə)n","ˌreɪdiˈeɪʃn","08:53.55"
"921","Week 4","171","sincere","adj. 衷心的，诚挚的；（人）真诚的，诚恳的","adj. 衷心的，诚挚的；（人）真诚的，诚恳的","sɪnˈsɪr","sɪnˈsɪə(r)","08:56.45"
"922","Week 4","172","grasp","v. 抓牢，握紧；理解，领会；n. 紧抓，紧握；理解（力），领会","v. 抓牢，握紧；理解，领会；抓住（机会） | n. 紧抓，紧握；理解（力），领会；能力所及，伸手可及的距离；控制，权力","ɡræsp","ɡrɑːsp","08:59.61"
"923","Week 4","173","continuous","adj. 连续不断的，持续的；（语法）进行式的","adj. 连续不断的，持续的；（语法）进行式的；（函数）连续的","kənˈtɪnjuəs","kənˈtɪnjuəs","09:04.02"
"924","Week 4","174","attraction","n. 有吸引力的事物；吸引力","n. 有吸引力的事物；吸引力；（两性间的）吸引；（物体间的）引力；（错误的）形态同化","əˈtrækʃ(ə)n","əˈtrækʃ(ə)n","09:07.12"
"925","Week 4","175","heal","v. 痊愈，康复；（感情创伤）愈合，（情感）恢复常态","v. 痊愈，康复；（感情创伤）愈合，（情感）恢复常态；（使）（裂痕、创伤）弥合，（使）和好；止息（争斗），调停；修复（对土地的破坏）；减轻（痛苦）","hiːl","hiːl","09:10.19"
"926","Week 4","176","probable","adj. 很可能发生（或存在等）的，大概的；n. 可能获胜的人（或动物），可能入选者","adj. 很可能发生（或存在等）的，大概的 | n. 可能获胜的人（或动物），可能入选者","ˈprɑːbəb(ə)l","ˈprɒbəb(ə)l","09:12.91"
"927","Week 4","177","nerve","n. 神经；勇气，胆量；v. 使鼓起勇气，使振作精神","n. 神经；勇气，胆量；神经紧张，情绪不安；鲁莽，冒失；（叶）脉 | v. 使鼓起勇气，使振作精神","nɜːrv","nɜːv","09:16.05"
"928","Week 4","178","commerce","n. 贸易，商业；社交，交往","n. 贸易，商业；社交，交往；性交","ˈkɑːmɜːrs","ˈkɒmɜːs","09:18.97"
"929","Week 4","179","rail","n. 铁路系统；铁轨，轨道；v. 用栏杆把……围起，把……隔开；谴责，抱怨","n. 铁路系统；铁轨，轨道；栏杆，扶手；（挂物用的）横杆；（赛马或赛狗场的）围栏；（镶板门或上下推拉窗的）横档，冒头；冲浪板（或帆板的）边缘；（电子）定电位导体轨；秧鸡 | v. 用栏杆把……围起，把……隔开；谴责，抱怨；由铁路运送（货物）；（风帆冲浪用语）斜板滑行","reɪl","reɪl","09:22.34"
"930","Week 4","180","boundary","n. 分界线，边界；界限，范围","n. 分界线，边界；界限，范围；（板球）击球超过边界线得分","ˈbaʊndri","ˈbaʊndri","09:24.97"
"931","Week 4","181","sample","n. 样本，样品；试用产品，试样；v. 品尝，尝试（食品、饮料）；体验（活动）；adj. 样品的，实例的","n. 样本，样品；试用产品，试样；（供科学或医学检测用的）抽样样本；（抽查的）样本，抽选人员；（用于新乐曲中的）选录的歌曲片段 | v. 品尝，尝试（食品、饮料）；体验（活动）；对……作抽样调查；节录，选录（歌曲等，用于其他录音）；确定（模拟信号）瞬时值 | adj. 样品的，实例的","ˈsæmp(ə)l","ˈsɑːmp(ə)l","09:28.03"
"932","Week 4","182","hazard","n. 危险，危害；（不可避免的）风险；v. 冒失地提出，冒险猜测；使遭危险，使处于危险","n. 危险，危害；（不可避免的）风险；（高尔夫球道）障碍物（如池塘或沙地）；机会，机遇；双骰子游戏；（网球）可得分区域；（台球）使球触他球后落入袋中的一击 | v. 冒失地提出，冒险猜测；使遭危险，使处于危险","ˈhæzərd","ˈhæzəd","09:31.11"
"933","Week 4","183","scandal","n. 丑行，丑闻；流言蜚语，谣言","n. 丑行，丑闻；流言蜚语，谣言；（由丑闻引起的）反感，公愤；令人震惊（或反感）的事情","ˈskænd(ə)l","ˈskænd(ə)l","09:33.73"
"934","Week 4","184","microwave","n. 微波炉；微波；v. 用微波炉烹调（或加热）","n. 微波炉；微波 | v. 用微波炉烹调（或加热）","ˈmaɪkrəweɪv","ˈmaɪkrəweɪv","09:36.46"
"935","Week 4","185","semester","n. 学期，半学年","n. 学期，半学年","sɪˈmestər","sɪˈmestə(r)","09:39.86"
"936","Week 4","186","amazing","adj. 惊人的，了不起的；令人诧异的，令人惊愕的；v. 使惊奇，使惊愕（amaze 的现在分词形式）","adj. 惊人的，了不起的；令人诧异的，令人惊愕的；令人高兴的 | v. 使惊奇，使惊愕（amaze 的现在分词形式）","əˈmeɪzɪŋ","əˈmeɪzɪŋ","09:43.07"
"937","Week 4","187","tutor","n. 家庭教师，私人教师；导师，指导教师；v. 指导，辅导，担任私人教师；当家庭教师，当大学助教，当大学导师","n. 家庭教师，私人教师；导师，指导教师；大学助教；（负责成人教育或在大中学中有特别任务的）教师；（尤指音乐）课本 | v. 指导，辅导，担任私人教师；当家庭教师，当大学助教，当大学导师","ˈtuːtər","ˈtjuːtə(r)","09:46.19"
"938","Week 4","188","brilliant","adj. 巧妙的，使人印象深的；成功的，辉煌的","adj. 巧妙的，使人印象深的；成功的，辉煌的；聪颖的，技艺高超的；明亮的，鲜艳的","ˈbrɪliənt","ˈbrɪliənt","09:48.94"
"939","Week 4","189","rhythm","n. （声音或运动的）节奏，韵律，节拍；节奏感","n. （声音或运动的）节奏，韵律，节拍；节奏感；规则变化，节律；（艺术作品的）匀称，和谐；（韵文或散文）抑扬节奏","ˈrɪðəm","ˈrɪðəm","09:52.04"
"940","Week 4","190","elementary","adj. 简单的，基本的；基础的，初级的","adj. 简单的，基本的；基础的，初级的；小学的；单一元素的，非化合物的","ˌelɪˈmentri","ˌelɪˈmentri","09:54.95"
"941","Week 4","191","mechanism","n. 机械装置，机件；途径，方法","n. 机械装置，机件；途径，方法；（生物体内的）机制，构造；机械论；（产生自然现象等的）物理过程","ˈmekənɪzəm","ˈmekənɪzəm","09:58.22"
"942","Week 4","192","interaction","n. 互动，交流；相互影响，相互作用","n. 互动，交流；相互影响，相互作用","ˌɪntərˈækʃ(ə)n","ˌɪntərˈækʃ(ə)n","10:01.24"
"943","Week 4","193","ethnic","adj. （有关）种族的，民族的；少数民族的；n. 少数民族成员，某民族群体的人","adj. （有关）种族的，民族的；少数民族的；具有民族特色的，异国风味的；既非基督教亦非犹太教的，异教徒的 | n. 少数民族成员，某民族群体的人","ˈeθnɪk","ˈeθnɪk","10:04.60"
"944","Week 4","194","conversely","adv. 相反地，反过来说","adv. 相反地，反过来说","ˈkɑːnvɜːrsli","ˈkɒnvɜːsli","10:07.82"
"945","Week 4","195","cruise","n. 巡游，乘船游览；v. 乘船游览；以平稳的速度行驶","n. 巡游，乘船游览 | v. 乘船游览；以平稳的速度行驶；缓慢巡行，兜风；轻而易举赢得，轻取；猎艳","kruːz","kruːz","10:10.85"
"946","Week 4","196","exhaust","v. 使精疲力尽；耗尽；n. 废气；排气管，排气装置","v. 使精疲力尽；耗尽；详尽讨论；排放，排出（气体，蒸汽） | n. 废气；排气管，排气装置","ɪɡˈzɔːst","ɪɡˈzɔːst","10:13.89"
"947","Week 4","197","property","n. 所有物，财产；地产，房地产","n. 所有物，财产；地产，房地产；房地产股票（或投资）（properties）； 所有权，处置权；特性，性质","ˈprɑːpərti","ˈprɒpəti","10:16.99"
"948","Week 4","198","perception","n. 看法，认识；感觉，感知","n. 看法，认识；感觉，感知；洞察力；（租金、农作物等的）收取，占有","pərˈsepʃ(ə)n","pəˈsepʃ(ə)n","10:19.85"
"949","Week 4","199","virus","n. 病毒；病毒性疾病，病毒感染","n. 病毒；病毒性疾病，病毒感染；（计算机）病毒，（手机的）短信病毒；有害影响，毒害；毒液","ˈvaɪrəs","ˈvaɪrəs","10:22.80"
"950","Week 4","200","emit","v. 排放，散发（尤指气体、辐射物）；发出（声音或噪音）","v. 排放，散发（尤指气体、辐射物）；发出（声音或噪音）；发行，发表","iˈmɪt","iˈmɪt","10:26.02"
"951","Week 4","201","authentic","adj. 原作的，真迹的；传统的，正宗的","adj. 原作的，真迹的；传统的，正宗的；逼真的，仿真的；真实的，可靠的","ɔːˈθentɪk","ɔːˈθentɪk","10:28.95"
"952","Week 4","202","flee","v. 逃离，逃避，逃跑","v. 逃离，逃避，逃跑","fliː","fliː","10:32.31"
"953","Week 4","203","sting","v. （昆虫、动植物）叮，刺，蜇；（使）刺痛，（使）产生剧痛；n. 刺伤处，蜇伤处；（植物、水母等的）刺毛","v. （昆虫、动植物）叮，刺，蜇；（使）刺痛，（使）产生剧痛；向……索要惊人高价，敲诈；（使）生气，（使）心烦；刺激 | n. 刺伤处，蜇伤处；（植物、水母等的）刺毛； 刺痛，灼痛；（身体或心灵的）剧痛，痛苦；（警察为抓住罪犯而设计的）圈套，骗局；（罪犯诈骗钱财的）骗局，诡计","stɪŋ","stɪŋ","10:35.00"
"954","Week 4","204","utility","n. （煤气、水、电等的）公共服务，公用事业；（供电、供水等的）公用事业单位；adj. 有用的，多功能的；（体育运动）多面手的","n. （煤气、水、电等的）公共服务，公用事业；（供电、供水等的）公用事业单位；应用程序，实用程序；实用，有用；小卡车，轻型货车；（博弈论，经济学）效用 | adj. 有用的，多功能的；（体育运动）多面手的；实用的","juːˈtɪləti","juːˈtɪləti","10:37.63"
"955","Week 4","205","mere","adj. 仅仅，只不过；只凭……就足以；n. 小湖，池塘；（尤指毛利人用绿岩制的武器）石棒","adj. 仅仅，只不过；只凭……就足以 | n. 小湖，池塘；（尤指毛利人用绿岩制的武器）石棒","mɪr","mɪə(r)","10:40.81"
"956","Week 4","206","representative","adj. 典型的，有代表性的；代表各类人（或事物）的；n. 代表，代理人；代表他人者","adj. 典型的，有代表性的；代表各类人（或事物）的；由代表组成的，代议制的；表现的，体现的；（艺术）具象派的；（哲） （与）表象（有关）的 | n. 代表，代理人；代表他人者；销售代表，销售代理；典型人物，有代表性的事物；（美国）众议院议员；（类或群的）样本，代表物","ˌreprɪˈzentətɪv","ˌreprɪˈzentətɪv","10:43.80"
"957","Week 4","207","psychology","n. 心理学；心理特点，心理状态","n. 心理学；心理特点，心理状态；心理影响；心计，善解人意","saɪˈkɑːlədʒi","saɪˈkɒlədʒi","10:47.42"
"958","Week 4","208","stack","n. （整齐的）一堆；垛，堆；v. 使成整齐的一堆；使成叠（或成摞、成堆）地放在…...","n. （整齐的）一堆； 垛，堆；大量，许多；（尤指工厂的）大烟囱；（图书馆的）藏书架，双面书架（the stacks）；定高分层盘旋（等待降落）的机群；（计算机）（存储）栈；竖着置放的高保真音响（或吉他扩音）设备；（数支步枪支起的锥形）枪架；（浪蚀）岩柱 | v. 使成整齐的一堆；使成叠（或成摞、成堆）地放在…...；指令（待着陆飞机）作定高分层盘旋；洗牌时作弊；在（某组织机构中）安插（对自己有利的人员）；（滑雪板运动用语）跌倒，倒下","stæk","stæk","10:50.53"
"959","Week 4","209","simplify","v. 使简易，简化","v. 使简易，简化","ˈsɪmplɪfaɪ","ˈsɪmplɪfaɪ","10:53.57"
"960","Week 4","210","fate","n. 命运；v. 注定","n. 命运 | v. 注定","feɪt","feɪt","10:56.59"
"961","Week 4","211","appropriate","adj. 合适的，相称的；v. 拨出（款项）；私占，挪用","adj. 合适的，相称的 | v. 拨出（款项）；私占，挪用","əˈproʊpriət","əˈprəʊpriət","10:59.35"
"962","Week 4","212","comprehension","n. 理解力，领悟力；（听力或阅读）理解测试","n. 理解力，领悟力；（听力或阅读）理解测试；包括，包含","ˌkɑːmprɪˈhenʃ(ə)n","ˌkɒmprɪˈhenʃ(ə)n","11:04.74"
"963","Week 4","213","compel","v. 强迫，迫使；使发生，促使","v. 强迫，迫使；使发生，促使；驱赶","kəmˈpel","kəmˈpel","11:08.40"
"964","Week 4","214","slide","v. （使）滑行，滑动；滑落；n. 滑梯；滑道","v. （使）滑行，滑动；滑落；迅速熟练地进出；（使）快捷而悄声地移动；（价格等）下滑，下跌；逐渐败坏，开始出现问题；滑垒 | n. 滑梯；滑道；滑行，滑动；（价格、数量等的）下降，跌落，减少；幻灯片；（情况）变糟，恶化，（人）出现问题；（显微镜的）载物玻璃片；（乐器或机器上的）滑动装置；（岩石，土等的）崩落；小发夹；（棒球）滑垒；（吉他）滑奏；无后帮凉鞋（或轻便鞋）","slaɪd","slaɪd","11:11.06"
"965","Week 4","215","striking","adj. 惊人的，异常的；妩媚动人的，标致的；n. 撞击，碰撞；v. 打，撞；（用手或武器等）打","adj. 惊人的，异常的；妩媚动人的，标致的；罢工的；打击的 | n. 撞击，碰撞 | v. 打，撞；（用手或武器等）打；罢工（strike 的现在分词形式）","ˈstraɪkɪŋ","ˈstraɪkɪŋ","11:13.92"
"966","Week 4","216","undermine","v. 逐渐削弱（损害）；故意破坏（某人）的形象（或威信）","v. 逐渐削弱（损害）；故意破坏（某人）的形象（或威信）；在……下面挖，（尤指）从根基处损坏","ˌʌndərˈmaɪn","ˌʌndəˈmaɪn","11:17.14"
"967","Week 4","217","gaze","v. 凝视，注视；n. 凝视，注视；特定视角，特定角度","v. 凝视，注视 | n. 凝视，注视；特定视角，特定角度","ɡeɪz","ɡeɪz","11:20.57"
"968","Week 4","218","approval","n. 称许，赞成；批准，许可","n. 称许，赞成；批准，许可","əˈpruːv(ə)l","əˈpruːv(ə)l","11:23.19"
"969","Week 4","219","limitation","n. 限制，制约；起限制作用的规则（或事实、条件）","n. 限制，制约；起限制作用的规则（或事实、条件）；局限，缺陷；追诉时效","ˌlɪmɪˈteɪʃ(ə)n","ˌlɪmɪˈteɪʃ(ə)n","11:26.13"
"970","Week 4","220","consult","v. 咨询，请教；商量，商讨","v. 咨询，请教；商量，商讨；查询，查阅；当顾问","kənˈsʌlt","kənˈsʌlt","11:29.32"
"971","Week 4","221","underline","v. 在……下面画线；强调，突出；n. （尤指为强调）下划线；（动物）下体轮廓","v. 在……下面画线；强调，突出 | n. （尤指为强调）下划线；（动物）下体轮廓","ˌʌndərˈlaɪn","ˌʌndəˈlaɪn","11:32.64"
"972","Week 4","222","shrink","v. （使）缩小，减少；（通常指布料、衣服等洗后）缩水，皱缩；n. 精神病学家，心理学家；收缩","v. （使）缩小，减少；（通常指布料、衣服等洗后）缩水，皱缩；退缩，畏缩；畏避，回避（工作、责任等） | n. 精神病学家，心理学家；收缩；畏缩","ʃrɪŋk","ʃrɪŋk","11:35.77"
"973","Week 4","223","destruction","n. 破坏，摧毁","n. 破坏，摧毁","dɪˈstrʌkʃn","dɪˈstrʌkʃ(ə)n","11:38.44"
"974","Week 4","224","apparent","adj. 显而易见的，易懂的；貌似的，表面上的","adj. 显而易见的，易懂的；貌似的，表面上的","əˈpærənt","əˈpærənt","11:41.73"
"975","Week 4","225","membership","n. 会员身份，会籍；会员数","n. 会员身份，会籍；会员数；（全体）会员","ˈmembərʃɪp","ˈmembəʃɪp","11:44.91"
"976","Week 4","226","accord","n. 协议，条约；符合，一致；v. 使受到，给予（某种待遇）；（与……）一致，符合","n. 协议，条约；符合，一致 | v. 使受到，给予（某种待遇）；（与……）一致，符合","əˈkɔːrd","əˈkɔːd","11:48.13"
"977","Week 4","227","accordingly","adv. 相应地，照着；因此，所以","adv. 相应地，照着；因此，所以","əˈkɔːrdɪŋli","əˈkɔːdɪŋli","11:50.96"
"978","Week 4","228","section","n. 部分；散件，部件；v. 强制（精神病人）入院；将……制成切片","n. 部分；散件，部件；（书、报等的）节，栏；一部分人；（乐队的）组；断面图，剖面图；（手术中的）开刀，切开；（供显微镜下观察的）切片；（柑橘类水果的）一瓣；（法律文件的）款，项；地段，区域；部门，科； 建房用地；（生物）组（尤指亚属）； 一平方英里的土地 | v. 强制（精神病人）入院；将……制成切片；切开，切断；分开，给……分区","ˈsekʃ(ə)n","ˈsekʃ(ə)n","11:54.25"
"979","Week 4","229","soda","n. 苏打，碳酸钠；苏打水，碳酸水","n. 苏打，碳酸钠；苏打水，碳酸水；汽水（甜味碳酸软饮料）；一杯（或一瓶、一罐）汽水；（Soda）人名（意）索达，（日）曾田（姓）","ˈsoʊdə","ˈsəʊdə","11:57.02"
"980","Week 4","230","rough","adj. （表面）粗糙的，不平的；（网球或软式墙网球拍）粗面的；n. （高尔夫球场的）深草区（the rough）；草稿，草图；v. 粗制，对……粗加工；草拟，画……的轮廓；adv. 粗糙地，粗暴地；风餐露宿","adj. （表面）粗糙的，不平的；（网球或软式墙网球拍）粗面的；粗暴的，猛烈的；（地方）多暴力的，犯罪盛行的；汹涌的，风浪很大的；粗制的，不完善的；粗俗的，不讲究的；粗略的，大致的； 艰难的，不愉快的； 身体不适的；（声音）粗哑的，不悦耳的；（酒）涩味的；未经加工的；（文具）用以打草稿的 | n. （高尔夫球场的）深草区（the rough）；草稿，草图； 粗野的人，暴徒；未加工的宝石；高低不平的地面；粗糙的部分；艰苦，不愉快 | v. 粗制，对……粗加工；草拟，画……的轮廓；使不平，把……弄毛糙； 因陋就简地生活；粗暴地对待；（在美式橄榄球、冰球等比赛中对对手）动粗 | adv. 粗糙地，粗暴地； 风餐露宿","rʌf","rʌf","12:00.04"
"981","Week 4","231","severe","adj. 十分严重的，极为恶劣的；艰巨的，严峻的","adj. 十分严重的，极为恶劣的；艰巨的，严峻的；（惩罚、批评）严厉的，重的；严厉的，苛刻的；不加装饰的，朴素的","sɪˈvɪr","sɪˈvɪə(r)","12:02.75"
"982","Week 4","232","vessel","n. 船，舰；（人或动物的）血管，（植物的）导管","n. 船，舰；（人或动物的）血管，（植物的）导管；（盛液体用的）容器，器皿；（有某种特质或用途的）人","ˈves(ə)l","ˈves(ə)l","12:05.89"
"983","Week 4","233","reform","v. 改革，革新；改邪归正，改造；n. 改革，改良；adj. 犹太教改革（仅保留犹太教部分的传统信条和习俗）（Reform）","v. 改革，革新；改邪归正，改造；（石油炼制）重整 | n. 改革，改良 | adj. 犹太教改革（仅保留犹太教部分的传统信条和习俗）（Reform）","rɪˈfɔːrm","rɪˈfɔːm","12:09.07"
"984","Week 4","234","thirst","n. 渴，口渴；干渴，缺水；v. 渴望，渴求；渴，口渴","n. 渴，口渴；干渴，缺水；渴望，渴求 | v. 渴望，渴求；渴，口渴","θɜːrst","θɜːst","12:11.94"
"985","Week 4","235","sake","n. 利益，好处；目的","n. 利益，好处；目的；为了便于讨论（for the sake of argument）；（强调重要或表示恼火）看在上帝分上，天哪（for God's/goodness'/Christ's/heaven's/Pete's etc. sake）；日本米酒，日本清酒","seɪk","seɪk","12:14.91"
"986","Week 4","236","venture","n. 风险项目，冒险事业；冒险旅行，冒险行动；v. 敢于去（未知或危险等地方）；冒险","n. 风险项目，冒险事业；冒险旅行，冒险行动 | v. 敢于去（未知或危险等地方）；冒险；小心地说，谨慎地做；敢说，大胆表示","ˈventʃər","ˈventʃə(r)","12:17.84"
"987","Week 4","237","tone","n. 语气，腔调，口吻；气氛，基调，风格；v. 使强健，使结实；与……协调，与……相配","n. 语气，腔调，口吻；气氛，基调，风格；（尤指乐器或电子音响设备的）音质，音色；色调，明暗；强健状况，（尤指肌肉的）紧实度；（电话或应答机等发出的）声音信号；（音乐）全音，音程；（说话的）声调，音调；（生理）神经纤维的正常活动状态 | v. 使强健，使结实；与……协调，与……相配；（用化学溶液使黑白照片在润色时）变色；用某种调子说","toʊn","təʊn","12:20.74"
"988","Week 4","238","gratitude","n. 感激之情，感谢","n. 感激之情，感谢","ˈɡrætɪtuːd","ˈɡrætɪtjuːd","12:23.27"
"989","Week 4","239","wisdom","n. 智慧，才智；明智","n. 智慧，才智；明智；学问，知识；普遍看法","ˈwɪzdəm","ˈwɪzdəm","12:26.48"
"990","Week 4","240","county","n. （英国、爱尔兰的）郡，（美国的）县；郡运动队，县运动队；adj. 有世家地位（或特点）的","n. （英国、爱尔兰的）郡，（美国的）县；郡运动队，县运动队 | adj. 有世家地位（或特点）的","ˈkaʊnti","ˈkaʊnti","12:29.55"
"991","Week 4","241","commission","n. 考察团，委员会；佣金，回扣；v. 委托撰写，委托制作；委任，任命……为军官","n. 考察团，委员会；佣金，回扣；犯罪；委托，命令；（军队中的）官职，军衔；（尤指艺术品）委托制作；所授之权，代办权 | v. 委托撰写，委托制作；委任，任命……为军官；（使军舰）正式使用，服现役","kəˈmɪʃ(ə)n","kəˈmɪʃ(ə)n","12:32.67"
"992","Week 4","242","original","adj. 起初的，原先的；原作的，真迹的；n. （艺术作品或文件的）原件，原稿；（文学作品中人物或地点的）原型","adj. 起初的，原先的；原作的，真迹的；新创作的，未发表的；独创的，新颖的；有独到见解的，有独创性的 | n. （艺术作品或文件的）原件，原稿；（文学作品中人物或地点的）原型；原版书，原版唱片；（根据服装展特制图样定做的）真品原板服装；（举止、服装等）怪异滑稽的人，独特有趣的人","əˈrɪdʒən(ə)l","əˈrɪdʒən(ə)l","12:35.74"
"993","Week 4","243","combat","n. 战斗，搏斗；争论，反对；v. 与……作斗争；防止，减轻；adj. 战斗的；为……斗争的","n. 战斗，搏斗；争论，反对 | v. 与……作斗争；防止，减轻 | adj. 战斗的；为……斗争的","ˈkɑːmbæt","ˈkɒmbæt","12:38.82"
"994","Week 4","244","strain","n. 焦虑，紧张；负担，紧张；v. 拉伤，扭伤；绷紧，用力拉","n. 焦虑，紧张；负担，紧张；张力，压力；损伤，扭伤；品种，类型；气质，个性特点；旋律，曲调；口吻，语气；（物理）应变，胁变；血缘；困难，负担 | v. 拉伤，扭伤；绷紧，用力拉；竭力，使劲；过滤；使不堪忍受，使紧张；用力推（或拉），拉紧","streɪn","streɪn","12:42.20"
"995","Week 4","245","reverse","v. 逆转，彻底改变（决定、政策、趋势等）；撤销，推翻（法庭判决）；n. 相对，相反（the reverse）；逆向，逆转；adj. 相反的，反向的；背面的，反面的","v. 逆转，彻底改变（决定、政策、趋势等）；撤销，推翻（法庭判决）；颠倒，反转；交换，互换（位置、功能）；承认错误，放弃（立场）；倒（车）；（发动机）反向运转；打对方付费的电话；使（铅字，图案）印成白或浅色 | n. 相对，相反（the reverse）；逆向，逆转；倒车挡；失败，挫折；反面，背面；（翻开的书）左手页，（活页文件的）背面；（硬币或奖牌）反面图案（或刻字）；（美式橄榄球）反向传球，变位传球 | adj. 相反的，反向的；背面的，反面的；（半导体结的外加电压）反向的；（地层）逆断的，冲断的；反身的","rɪˈvɜːrs","rɪˈvɜːs","12:45.10"
"996","Week 4","246","defeat","v. 击败，战胜；困惑，难住；n. 失败，战败；战胜，击败","v. 击败，战胜；困惑，难住；使失败，阻挠；反对（动议或提议） | n. 失败，战败；战胜，击败","dɪˈfiːt","dɪˈfiːt","12:48.29"
"997","Week 4","247","thrill","n. 兴奋，激动；使人兴奋的事物，令人激动的事；v. 使（某人）非常兴奋，非常激动；（情感，感觉）颤抖，振动","n. 兴奋，激动；使人兴奋的事物，令人激动的事；一阵强烈的感觉；（医）震颤；追求的快感；性快感 | v. 使（某人）非常兴奋，非常激动；（情感，感觉）颤抖，振动；颤动，跳动","θrɪl","θrɪl","12:51.26"
"998","Week 4","248","consideration","n. 考虑，斟酌；考虑因素","n. 考虑，斟酌；考虑因素；体贴，关心；报酬，酬金；（合同协议中的）对价，约因；重要（性）","kənˌsɪdəˈreɪʃ(ə)n","kənˌsɪdəˈreɪʃ(ə)n","12:53.87"
"999","Week 4","249","visa","n. 签证；v. 签发签证","n. 签证 | v. 签发签证","ˈviːzə","ˈviːzə","12:57.30"
"1000","Week 4","250","minister","n. （英国及其他许多国家的）部长，大臣；牧师；v. 满足（……的需要），帮助；当牧师","n. （英国及其他许多国家的）部长，大臣；牧师；公使，外交使节 | v. 满足（……的需要），帮助；当牧师；执行（或主持）（圣餐式）","ˈmɪnɪstər","ˈmɪnɪstə(r)","13:00.30"
"1001","Week 5","1","commitment","n. 忠诚，献身；承诺，保证","n. 忠诚，献身；承诺，保证；奉献，投入；热情，决心；义务，责任；花费，使用（资金、时间、人力）；需要定期支付的款项","kəˈmɪtmənt","kəˈmɪtmənt","00:02.41"
"1002","Week 5","2","switch","n. 开关，电闸；骤变，突变；v. （用开关）打开，关闭；（使）改变，转变","n. 开关，电闸；骤变，突变；交换机；（计算机）切换； （铁路的）转辙器，道岔；（细软的）枝条，鞭子；假发；（在英国使用借记卡付账的一种）转换系统（Switch） | v. （用开关）打开，关闭；（使）改变，转变；交换，调换；转移（注意力）；（与某人）交换工作，调班； 用枝条击打，轻拂","swɪtʃ","swɪtʃ","00:04.67"
"1003","Week 5","3","emergency","n. 突发事件，紧急情况；急症病人，急诊病人；adj. 紧急情况下的；应急的","n. 突发事件，紧急情况；急症病人，急诊病人；（医院的）急诊室 | adj. 紧急情况下的；应急的","ɪˈmɜːrdʒənsi","ɪˈmɜːdʒənsi","00:07.48"
"1004","Week 5","4","mature","adj. 成熟的，理智的；成年的，发育完全的；v. （使）成熟，（使）长成；变理智，（举止）变成熟","adj. 成熟的，理智的；成年的，发育完全的；发酵成熟的，酿成的；中老年的；技艺精湛的，技巧娴熟的；审慎考虑的，深思熟虑的；到期（应该支付）的；（某些食品或饮料）可立即食用的；（经济，行业，市场）成熟的，发展余地不大的 | v. （使）成熟，（使）长成；变理智，（举止）变成熟；酿成，制成；到期","məˈtʃʊr","məˈtʃʊə(r)","00:10.95"
"1005","Week 5","5","intensify","v. 加剧，增强；增强（底片）的阻光度，增加（底片）的厚度","v. 加剧，增强；增强（底片）的阻光度，增加（底片）的厚度","ɪnˈtensɪfaɪ","ɪnˈtensɪfaɪ","00:14.91"
"1006","Week 5","6","tendency","n. 经常性行为，偏好；趋势，趋向","n. 经常性行为，偏好；趋势，趋向；（性格中不良的）倾向；（政党内的）极端派别","ˈtendənsi","ˈtendənsi","00:18.31"
"1007","Week 5","7","retain","v. 保持，保留；保存，储存","v. 保持，保留；保存，储存；记住；付定金聘定（尤指律师）；留用（员工）","rɪˈteɪn","rɪˈteɪn","00:21.45"
"1008","Week 5","8","up-to-date","adj. 包含最新信息的；现代的，时髦的","adj. 包含最新信息的；现代的，时髦的","ˌʌp tə ˈdeɪt","ˌʌp tə ˈdeɪt","00:24.38"
"1009","Week 5","9","bake","v. 炎热，灼热；烤，烘，焙；n. 烤制食品；烤餐会","v. 炎热，灼热；烤，烘，焙；炙烤，受晒 | n. 烤制食品；烤餐会","beɪk","beɪk","00:27.86"
"1010","Week 5","10","pose","v. 造成，引起（威胁、危险、问题等）；提出（问题）；n. （为拍照、画像等摆的）姿势；故作姿态，装腔作势","v. 造成，引起（威胁、危险、问题等）；提出（问题）；（为照相、画像等）摆好姿势；假扮，冒充（pose as）；（举止或穿戴）装腔作势，招摇过市；把……难住，使为难 | n. （为拍照、画像等摆的）姿势；故作姿态，装腔作势","poʊz","pəʊz","00:30.86"
"1011","Week 5","11","rural","adj. 农村的，乡村的；有乡村特色的，有乡土气息的","adj. 农村的，乡村的；有乡村特色的，有乡土气息的","ˈrʊrəl","ˈrʊərəl","00:33.44"
"1012","Week 5","12","economical","adj. 经济实惠的；节约的","adj. 经济实惠的；节约的；简练的","ˌiːkəˈnɑːmɪk(ə)l","ˌiːkəˈnɒmɪk(ə)l","00:36.43"
"1013","Week 5","13","storage","n. 储存，贮藏；（信息的）存储，存储空间；adj. 储存的","n. 储存，贮藏；（信息的）存储，存储空间；（家具等的）存放，保管；储存空间，储藏场所；仓库费，仓租 | adj. 储存的","ˈstɔːrɪdʒ","ˈstɔːrɪdʒ","00:39.71"
"1014","Week 5","14","ownership","n. 所有权，物主身份","n. 所有权，物主身份","ˈoʊnərʃɪp","ˈəʊnəʃɪp","00:42.56"
"1015","Week 5","15","reject","v. 拒绝，否决（提议、建议或请求）；摈弃，不接受（信仰或政治制度）；n. 次品，废品；不合格者，被排斥者","v. 拒绝，否决（提议、建议或请求）；摈弃，不接受（信仰或政治制度）；不雇用，不录取；（因质量不好而）废弃；冷落，嫌弃；排异，排斥（移植器官）；（投币设备）拒绝接受（硬币） | n. 次品，废品；不合格者，被排斥者","rɪˈdʒekt","rɪˈdʒekt","00:46.34"
"1016","Week 5","16","nationwide","adj. 全国性的，全国各地的；adv. 在全国","adj. 全国性的，全国各地的 | adv. 在全国","ˌneɪʃ(ə)nˈwaɪd","ˌneɪʃ(ə)nˈwaɪd","00:50.50"
"1017","Week 5","17","logic","n. 逻辑，（做某事的）道理；推理方法，逻辑学","n. 逻辑，（做某事的）道理；推理方法，逻辑学；（事实或事件的）规律，相互联系；（计算机或电器的）逻辑操作","ˈlɑːdʒɪk","ˈlɒdʒɪk","00:54.17"
"1018","Week 5","18","barrier","n. 障碍，壁垒；障碍物，关卡","n. 障碍，壁垒；障碍物，关卡；分界线，屏障；大关，界限","ˈbæriər","ˈbæriə(r)","00:56.90"
"1019","Week 5","19","carriage","n. （旧时的）马车；（火车）车厢","n. （旧时的）马车；（火车）车厢；滑架，托板；炮架，托架；婴儿车；运费，运输；仪态，姿态","ˈkærɪdʒ","ˈkærɪdʒ","01:00.06"
"1020","Week 5","20","seminar","n. 研讨会，培训会；（大学的）专题讨论课，研讨班","n. 研讨会，培训会；（大学的）专题讨论课，研讨班","ˈsemɪnɑːr","ˈsemɪnɑː(r)","01:03.01"
"1021","Week 5","21","radical","adj. 根本的，彻底的；激进的，极端的；n. 激进分子；游离基，自由基","adj. 根本的，彻底的；激进的，极端的；全新的，不同凡响的；（增减）急剧的，大幅度的；（人，物）原本的，与生俱来的；顶呱呱的；（外科，医疗）根治的；（19世纪）自由党激进派的；（数）根式的，根号的；词根的；（植）根生的 | n. 激进分子； 游离基，自由基；词根；（汉字）偏旁，部首；（数）根式；根号","ˈrædɪk(ə)l","ˈrædɪk(ə)l","01:05.70"
"1022","Week 5","22","risk","n. 危险，风险；危险的人（或事物），隐患；v. 使遭受（失去、毁坏或伤害的）危险；冒......的危险，担......的风险","n. 危险，风险；危险的人（或事物），隐患；（按风险大小评估的）被保险对象，受贷者；（保险业承保的）险；金融风险 | v. 使遭受（失去、毁坏或伤害的）危险；冒......的危险，担......的风险；冒险做，（明知结果而）大胆做","rɪsk","rɪsk","01:08.30"
"1023","Week 5","23","compact","adj. 小型的，袖珍的；紧凑的；n. 带镜小粉盒；合约，协定；v. 压紧，压实；缩短，精简","adj. 小型的，袖珍的；紧凑的；紧密的，坚实的；矮小而健壮的；（演讲，作品）简洁的，简练的 | n. 带镜小粉盒；合约，协定；小型汽车；袖珍物；坯块 | v. 压紧，压实；缩短，精简；订立（或签订）（协定）","kəmˈpækt","kəmˈpækt","01:11.70"
"1024","Week 5","24","scrape","v. （用小刀等）刮除；（使）刮擦；n. 擦伤，擦痕；刮擦，刮擦声","v. （用小刀等）刮除；（使）刮擦；擦伤，刮坏；（使）发出刺耳的刮擦声；勉强维持，艰难地完成；勉强维持生活（scrape by/along）；勉强通过；（艰难地）凑集，积累（scrape sth. together/up）；节俭；挖坑，挖洞； 把头发拢在后面（scrape sth. back）；（幽默）不入调地演奏小提琴；在面包上涂一层薄薄的（黄油，人造黄油）；用程序从网上下载（数据） | n. 擦伤，擦痕；刮擦，刮擦声；困境，窘境；地面空洞处，（尤指鸟求爱、筑巢时）在地面挖的洞；涂在面包上的一层黄油（或麦琪淋）；（医）刮宫","skreɪp","skreɪp","01:15.59"
"1025","Week 5","25","considerate","adj. 体贴的，考虑周到的；小心的，谨慎的","adj. 体贴的，考虑周到的；小心的，谨慎的","kənˈsɪdərət","kənˈsɪdərət","01:18.81"
"1026","Week 5","26","surroundings","n. 周围环境，周围事物","n. 周围环境，周围事物","səˈraʊndɪŋz","səˈraʊndɪŋz","01:22.21"
"1027","Week 5","27","identification","n. 辨认，识别；确认，确定","n. 辨认，识别；确认，确定；身份证明；认同，强烈的同情感；密切关联","aɪˌdentɪfɪˈkeɪʃ(ə)n","aɪˌdentɪfɪˈkeɪʃ(ə)n","01:25.63"
"1028","Week 5","28","distribution","n. 分发；分销，配送","n. 分发；分销，配送；（电影在各院线的）发行，上映；分配，分布","ˌdɪstrɪˈbjuːʃ(ə)n","ˌdɪstrɪˈbjuːʃn","01:29.03"
"1029","Week 5","29","barrel","n. 桶；一桶（的量）；v. 飞奔，高速行驶；把……装入桶内","n. 桶；一桶（的量）；枪管，炮管；（马等四足动物的）躯干 | v. 飞奔，高速行驶；把……装入桶内","ˈbærəl","ˈbærəl","01:31.99"
"1030","Week 5","30","genetic","adj. 基因的，遗传学的；有共同起源的","adj. 基因的，遗传学的；有共同起源的","dʒəˈnetɪk","dʒəˈnetɪk","01:35.22"
"1031","Week 5","31","rack","n. 架子，支架；（固定台球球位的）三角框；v. 折磨，使痛苦；对……施以肢刑","n. 架子，支架；（固定台球球位的）三角框；一局台球比赛；（旧时的）拉肢刑具（the rack）；（机器的）齿条，齿轨；（羊、猪等带前肋的）颈脊肉；一对鹿角；床；毁灭，毁坏；（吉他等乐器的）数字音响效果装置；伸长快步（指马侧蹄几乎同时依次抬起、四蹄偶尔同时离地的步态） | v. 折磨，使痛苦；对……施以肢刑；把……放在架子里（或架子上）；（台球比赛开局前）将球摆成三角形；用齿条及小齿轮传动；（从酒桶渣滓中）抽取（葡萄酒，啤酒等）；走开，离去（rack off）；（马）伸长快步跑，轻快小跑；不合理地提高（租金）；（云）随风飘动","ræk","ræk","01:38.50"
"1032","Week 5","32","exclude","vt. （故意）不包括，把……排除在外；认为……不可能，排除……的可能","vt. （故意）不包括，把……排除在外；认为……不可能，排除……的可能；阻挡；开除（学生）；防止……的发生","ɪkˈskluːd","ɪkˈskluːd","01:41.63"
"1033","Week 5","33","subtract","vt. 减去，删减；减去，扣除","vt. 减去，删减；减去，扣除","səbˈtrækt","səbˈtrækt","01:44.46"
"1034","Week 5","34","diverse","adj. 不同的，各式各样的","adj. 不同的，各式各样的","daɪˈvɜːrs","daɪˈvɜːs","01:48.00"
"1035","Week 5","35","epidemic","n. 流行病，传染病；（迅速的）盛行，蔓延；adj. 盛行的，泛滥的","n. 流行病，传染病；（迅速的）盛行，蔓延 | adj. 盛行的，泛滥的","ˌepɪˈdemɪk","ˌepɪˈdemɪk","01:51.21"
"1036","Week 5","36","harsh","adj. （环境）恶劣的，艰苦的；严厉的，残酷的","adj. （环境）恶劣的，艰苦的；严厉的，残酷的；刺耳的，难听的；刺眼的，耀眼的；丑陋的；刺激性强的，太强力的","hɑːrʃ","hɑːʃ","01:54.37"
"1037","Week 5","37","circuit","n. 电路，回路；巡回活动，巡回地；v. （绕……）环行","n. 电路，回路；巡回活动，巡回地；环道，环线；巡回赛；赛车道；（英国）巡回审判区，巡回上诉法院；（一套）体操动作；统一经营的连锁剧院（或影院） | v. （绕……）环行","ˈsɜːrkɪt","ˈsɜːkɪt","01:57.11"
"1038","Week 5","38","frequency","n. 出现次数；频繁","n. 出现次数；频繁；频率","ˈfriːkwənsi","ˈfriːkwənsi","02:00.15"
"1039","Week 5","39","ribbon","n. 丝带，绸带；（表示军功的）绶带，勋带；v. 成带状延伸（或运动）；把…撕成条带","n. 丝带，绸带；（表示军功的）绶带，勋带；（作为比赛奖品的）绶带；（表明支持某一组织、原则或目标而配带的）饰带；带状物，狭长的东西；（打字机用的）色带；碎片（ribbons）；奖品，荣誉 | v. 成带状延伸（或运动）；把…撕成条带；用缎带装饰","ˈrɪbən","ˈrɪbən","02:03.60"
"1040","Week 5","40","emigrate","v. 移居外国，移民；迫使（或帮助）……移居外国","v. 移居外国，移民；迫使（或帮助）……移居外国","ˈemɪɡreɪt","ˈemɪɡreɪt","02:06.62"
"1041","Week 5","41","preliminary","adj. 初步的，预备的；n. 初步行动，准备工作；预赛，预试","adj. 初步的，预备的 | n. 初步行动，准备工作；预赛，预试","prɪˈlɪmɪneri","prɪˈlɪmɪnəri","02:09.58"
"1042","Week 5","42","passion","n. 爱恋，情欲；激情，热情","n. 爱恋，情欲；激情，热情；酷爱，热衷的爱好（或活动等）；盛怒，激愤；耶稣的受难（the Passion）","ˈpæʃ(ə)n","ˈpæʃ(ə)n","02:12.68"
"1043","Week 5","43","melt","v. （使）熔化，融化；（逐渐）减少，消失；n. 融化，融合；熔化的金属，熔化物","v. （使）熔化，融化；（逐渐）减少，消失；（使）软化，变得温柔；变成，融入 | n. 融化，融合；熔化的金属，熔化物；一次的熔化量；奶酪三明治","melt","melt","02:15.34"
"1044","Week 5","44","intimidate","v. 恫吓，威胁","v. 恫吓，威胁","ɪnˈtɪmɪdeɪt","ɪnˈtɪmɪdeɪt","02:18.74"
"1045","Week 5","45","deceive","v. 欺骗，蒙骗；使误信，误导","v. 欺骗，蒙骗；使误信，误导；对（丈夫、妻子或伴侣）不忠","dɪˈsiːv","dɪˈsiːv","02:22.36"
"1046","Week 5","46","trial","n. 审判，审理；试验，试用；v. 测试，试验；（马、狗等动物）参加比赛；adj. 试验性的","n. 审判，审理；试验，试用；（对人的忍耐、自制力的）考验，磨练；烦人的事，惹麻烦的人；预赛，选拔赛；（检验车手技能的）摩托车障碍检验赛；（动物的）比赛，表演 | v. 测试，试验；（马、狗等动物）参加比赛 | adj. 试验性的","ˈtraɪəl","ˈtraɪəl","02:25.55"
"1047","Week 5","47","standpoint","n. 立场，观点，角度；观景点，观看位","n. 立场，观点，角度；观景点，观看位","ˈstændpɔɪnt","ˈstændpɔɪnt","02:28.03"
"1048","Week 5","48","communication","n. 表达，交流，交际；信息，书信，电话","n. 表达，交流，交际；信息，书信，电话；通讯，交通联系；传播学","kəˌmjuːnɪˈkeɪʃn","kəˌmjuːnɪˈkeɪʃ(ə)n","02:31.59"
"1049","Week 5","49","sympathetic","adj. 同情的，有同情心的；赞同的，支持的；n. 交感神经","adj. 同情的，有同情心的；赞同的，支持的；（电影或小说中的人物）讨人喜欢的，可爱的；合意的，合适的；（结构）和谐的；交感神经的，自主神经系统的；（与）交感性（有关）的，（产生）交感性的 | n. 交感神经","ˌsɪmpəˈθetɪk","ˌsɪmpəˈθetɪk","02:34.83"
"1050","Week 5","50","palm","n. 手掌，手心；（手套的）掌部；v. 把……藏在手中（尤指玩戏法）；（篮球）持球犯规","n. 手掌，手心；（手套的）掌部；（制帆工用的）护掌；棕榈树；（作为奖赏或胜利象征的）棕榈叶；鹿角的扁平部分 | v. 把……藏在手中（尤指玩戏法）；（篮球）持球犯规；用手挡（球）","pɑːm","pɑːm","02:38.05"
"1051","Week 5","51","related","adj. 相关的，有联系的；有亲戚关系的；v. 联系，有关联；叙述，讲述","adj. 相关的，有联系的；有亲戚关系的；（动植物、语言等）同类的，同族的；讲述的，叙述的 | v. 联系，有关联；叙述，讲述；认同，理解（relate 的过去式和过去分词形式）","rɪˈleɪtɪd","rɪˈleɪtɪd","02:40.68"
"1052","Week 5","52","irrigation","n. 灌溉；冲洗（尤指伤口）","n. 灌溉；冲洗（尤指伤口）","ˌɪrɪˈɡeɪʃ(ə)n","ˌɪrɪˈɡeɪʃ(ə)n","02:43.99"
"1053","Week 5","53","occurrence","n. 发生的事，事件；发生，出现（尤指意外且令人不快的事）","n. 发生的事，事件；发生，出现（尤指意外且令人不快的事）","əˈkɜːrəns","əˈkʌrəns","02:46.99"
"1054","Week 5","54","troublesome","adj. 引起麻烦的，（尤指）令人讨厌的；（形势、问题等）麻烦的，困难的","adj. 引起麻烦的，（尤指）令人讨厌的；（形势、问题等）麻烦的，困难的","ˈtrʌb(ə)lsəm","ˈtrʌb(ə)lsəm","02:50.48"
"1055","Week 5","55","defend","v. 保卫，防御；捍卫，维护","v. 保卫，防御；捍卫，维护；（在比赛中）防守，防卫；参加卫冕赛，蝉联；做……的辩护律师，为……辩解","dɪˈfend","dɪˈfend","02:53.84"
"1056","Week 5","56","complicate","v. 使复杂化，使难以理解；引起并发症","v. 使复杂化，使难以理解；引起并发症；使卷入，使陷入","ˈkɑːmplɪkeɪt","ˈkɒmplɪkeɪt","02:56.91"
"1057","Week 5","57","complicated","adj. 复杂的，难处理的；v. 使复杂化，使难以理解；引起并发症（complicate 的过去式和过去分词形式）","adj. 复杂的，难处理的 | v. 使复杂化，使难以理解；引起并发症（complicate 的过去式和过去分词形式）","ˈkɑːmplɪkeɪtɪd","ˈkɒmplɪkeɪtɪd","02:59.67"
"1058","Week 5","58","dignity","n. 尊严，自尊；庄严，端庄，庄重","n. 尊严，自尊；庄严，端庄，庄重；尊贵，高贵，高尚；高位，显职","ˈdɪɡnəti","ˈdɪɡnəti","03:02.96"
"1059","Week 5","59","vanish","v. 突然不见，消失；不复存在，灭绝；n. 弱化音","v. 突然不见，消失；不复存在，灭绝；（数学）变为零；使不见，使消失 | n. 弱化音","ˈvænɪʃ","ˈvænɪʃ","03:06.24"
"1060","Week 5","60","thrust","v. 猛推，猛塞；刺，扎；n. 要点，要旨；猛推，刺","v. 猛推，猛塞；刺，扎；（人）推进，挤过；上伸，伸出；强使接受 | n. 要点，要旨；猛推，刺；（飞机、火箭等的）驱动力，推力；强攻，挺进；（拱、椽的）侧向压力；（地质）冲断层，逆断层；苛评","θrʌst","θrʌst","03:09.31"
"1061","Week 5","61","absorbed","adj. 极感兴趣的，全神贯注的；被吸收的；v. 吸收；使并入，纳入","adj. 极感兴趣的，全神贯注的；被吸收的 | v. 吸收；使并入，纳入；同化，汲取（absorb 的过去式和过去分词形式）","əbˈzɔːrbd","əbˈzɔːbd","03:12.22"
"1062","Week 5","62","discharge","v. 释放，允许……离开；解雇；n. 允许出院，释放；任务的执行，债务的偿还","v. 释放，允许……离开；解雇；使退伍；（使）流出，（使）排出；开火，发射；放（电）；履行（职责），清偿（债务）；（法官，法庭）撤销（法院命令）；卸（货），让……下车 | n. 允许出院，释放；任务的执行，债务的偿还；解雇；退伍；（法庭命令的）撤销；放电；排出物，分泌物；（物质的）放出，排出；射击，开火；（仪器、雷暴等释放出来的）电","dɪsˈtʃɑːrdʒ","dɪsˈtʃɑːdʒ","03:15.07"
"1063","Week 5","63","dense","adj. 稠密的；浓密的，浓重的","adj. 稠密的；浓密的，浓重的；密度大的；（文字）难懂的；愚钝的，笨拙的","dens","dens","03:19.43"
"1064","Week 5","64","density","n. 稠密，密集；密度","n. 稠密，密集；密度","ˈdensəti","ˈdensəti","03:22.82"
"1065","Week 5","65","fearful","adj. 害怕的，担心的；可怕的","adj. 害怕的，担心的；可怕的；极坏的，极端的","ˈfɪrf(ə)l","ˈfɪəf(ə)l","03:25.77"
"1066","Week 5","66","faulty","adj. 有故障的，有缺陷的；（思维方法）有错误的","adj. 有故障的，有缺陷的；（思维方法）有错误的","ˈfɔːlti","ˈfɔːlti","03:28.46"
"1067","Week 5","67","fatty","adj. 脂肪的，含脂肪的，由脂肪组成的；多脂肪的，脂肪过多的；n. （可能含贬义）胖子","adj. 脂肪的，含脂肪的，由脂肪组成的；多脂肪的，脂肪过多的；肥胖的 | n. （可能含贬义）胖子","ˈfæti","ˈfæti","03:31.45"
"1068","Week 5","68","curse","n. 骂人话，咒骂语；咒语，魔咒；v. 诅咒，咒骂；（在心里）臭骂","n. 骂人话，咒骂语；咒语，魔咒；祸根，祸因；月经，例假（the curse） | v. 诅咒，咒骂；（在心里）臭骂；念咒语诅咒","kɜːrs","kɜːs","03:34.11"
"1069","Week 5","69","dumb","adj. 哑的，不能说话的；一时说不出话的，不肯开口的；v. 使通俗化；使变哑，使沉默","adj. 哑的，不能说话的；一时说不出话的，不肯开口的；愚蠢的；（计算机终端）简易的 | v. 使通俗化；使变哑，使沉默","dʌm","dʌm","03:37.01"
"1070","Week 5","70","downward","adj. 向下的，下降的；adv. 向下地，下降地","adj. 向下的，下降的 | adv. 向下地，下降地","ˈdaʊnwərd","ˈdaʊnwəd","03:40.15"
"1071","Week 5","71","dessert","n. （正餐后的）甜点","n. （正餐后的）甜点","dɪˈzɜːrt","dɪˈzɜːt","03:43.17"
"1072","Week 5","72","embassy","n. 大使馆工作人员；大使馆","n. 大使馆工作人员；大使馆；（外交）特别使团","ˈembəsi","ˈembəsi","03:46.02"
"1073","Week 5","73","crown","n. 王冠，冕；王位，王权（the crown）；v. 为……加冕，立……为王；形成……顶部，给……加顶","n. 王冠，冕；王位，王权（the crown）；王国政府，王国（the Crown）；冠军宝座，桂冠；头顶，帽顶；顶部；5先令的英国旧币；（受损牙齿的）人造冠 | v. 为……加冕，立……为王；形成……顶部，给……加顶；使圆满，使完美；（在牙齿上）镶人造冠；打……的头部；（分娩时胎儿的头）露顶","kraʊn","kraʊn","03:49.28"
"1074","Week 5","74","daylight","n. 白天，日光；黎明，拂晓","n. 白天，日光；黎明，拂晓；差距，差别","ˈdeɪlaɪt","ˈdeɪlaɪt","03:51.59"
"1075","Week 5","75","prescribe","v. 给……开（药），让……采用（疗法）；开处方","v. 给……开（药），让……采用（疗法）；开处方；规定，命令；制定规定；推荐，推举","prɪˈskraɪb","prɪˈskraɪb","03:55.35"
"1076","Week 5","76","naked","adj. 裸露的，无遮盖的；肉眼的","adj. 裸露的，无遮盖的；肉眼的；裸体的，不穿衣服的；露骨的，明显的；缺乏保护的，无力自卫的；（动物）没有皮毛的，没有羽毛的；公然的","ˈneɪkɪd","ˈneɪkɪd","03:58.24"
"1077","Week 5","77","waterproof","adj. 防水的，不透水的；v. 使……不透水，对……作防水处理；n. 防水衣物，雨衣","adj. 防水的，不透水的 | v. 使……不透水，对……作防水处理 | n. 防水衣物，雨衣","ˈwɔːtərpruːf","ˈwɔːtəpruːf","04:00.77"
"1078","Week 5","78","physicist","n. 物理学家","n. 物理学家","ˈfɪzɪsɪst","ˈfɪzɪsɪst","04:04.16"
"1079","Week 5","79","parallel","adj. 平行的；相似的，同时发生的；n. （人或事物的）相似的手法，共同点；相似的人（或物）；v. 与……相似；与……同时发生；adv. 与……平行","adj. 平行的；相似的，同时发生的；（计算机）并行的；并联的 | n. （人或事物的）相似的手法，共同点；相似的人（或物）；（地球的）纬线，纬圈；（印刷）平行符号 | v. 与……相似；与……同时发生；与……并行；与……相当，比得上 | adv. 与……平行","ˈpærəlel","ˈpærəlel","04:07.43"
"1080","Week 5","80","shield","n. 盾（牌）；防护物，保护人；v. 保护，保卫；遮挡","n. 盾（牌）；防护物，保护人；盾形纹（徽）章；警徽；盾形奖牌；（颁发盾形奖牌的）比赛；背甲，头胸甲，龟甲板；（地质）地盾 | v. 保护，保卫；遮挡；给……加防护罩；防止（或减少）辐射；（体育运动中）护住（球）；防御，起保护作用","ʃiːld","ʃiːld","04:10.39"
"1081","Week 5","81","voluntary","adj. 自愿的，自发的，主动的；（机构或组织）志愿的，义务性的；n. （教堂里管风琴演奏的）仪式终始曲；（尤指作为其他作品的序曲，或自由创作的）即兴曲，自由调","adj. 自愿的，自发的，主动的；（机构或组织）志愿的，义务性的；（工作）志愿的，无偿的，义务的；（工作者）志愿的，无偿服务的；（人体活动）随意的，可以控制的；（让与）自愿的，无偿的 | n. （教堂里管风琴演奏的）仪式终始曲；（尤指作为其他作品的序曲，或自由创作的）即兴曲，自由调；（比赛中的）自选表演；自愿行动；志愿者","ˈvɑːlənteri","ˈvɒləntri","04:12.96"
"1082","Week 5","82","reunion","n. （有组织的）聚会，团聚；重逢，团圆","n. （有组织的）聚会，团聚；重逢，团圆；再联合，重新统一","ˌriːˈjuːniən","ˌriːˈjuːniən","04:16.14"
"1083","Week 5","83","retreat","v. （军队）撤退；后退，离开；n. 撤军，撤兵；后退，离开","v. （军队）撤退；后退，离开；（水、雪或土地）范围缩小；隐退，躲避；悔棋；改变意见，改变看法；（股价）下挫，下跌；向后倾 | n. 撤军，撤兵；后退，离开；退隐处，静居处；（主意、观点、决定的）改变；（股票）贬值；静修期间（或活动）","rɪˈtriːt","rɪˈtriːt","04:19.53"
"1084","Week 5","84","dispose","v. 处理，放置，安排；使易于，使倾向于","v. 处理，放置，安排；使易于，使倾向于；丢掉","dɪˈspoʊz","dɪˈspəʊz","04:22.57"
"1085","Week 5","85","disposal","n. 处理，清除；（土地、财产等的）变卖，转让","n. 处理，清除；（土地、财产等的）变卖，转让；安排，安置；污物碾碎器","dɪˈspoʊz(ə)l","dɪˈspəʊz(ə)l","04:25.92"
"1086","Week 5","86","deadly","adj. 致命的；极度的；adv. 极其；死一般","adj. 致命的；极度的；乏味枯燥的；死一般的；阴险毒辣的，冷酷无情的；极有害的，破坏性的；（运动员或其动作）极富技巧性的，极难防御的；极好的，卓越的 | adv. 极其；死一般","ˈdedli","ˈdedli","04:29.08"
"1087","Week 5","87","bold","adj. 大胆自信的，敢于冒险的；冒失的，鲁莽的；n. 黑体，粗体","adj. 大胆自信的，敢于冒险的；冒失的，鲁莽的；明显的，轮廓突出的；粗体的，黑体的；陡峭的 | n. 黑体，粗体","boʊld","bəʊld","04:31.88"
"1088","Week 5","88","consist","v. 由……组成，由……构成；在于，存在于；n. （铁路）车列","v. 由……组成，由……构成；在于，存在于 | n. （铁路）车列","kənˈsɪst; ˈkɑːnsɪst","kənˈsɪst; ˈkɒnsɪst","04:34.73"
"1089","Week 5","89","backup","n. 支援，增援；备用品，后备；adj. 候补的，替代的；支持性的","n. 支援，增援；备用品，后备；备份；伴唱，伴奏；堵塞 | adj. 候补的，替代的；支持性的","ˈbækʌp","ˈbækʌp","04:37.84"
"1090","Week 5","90","wrinkle","n. （皮肤上的）皱纹；（布或纸上的）皱褶；v. （使脸上）起皱纹，皱起；（布料等）起皱，起褶","n. （皮肤上的）皱纹；（布或纸上的）皱褶； 小困难，小难题；令人吃惊的情节，出人意料的事情；妙计，好主意 | v. （使脸上）起皱纹，皱起；（布料等）起皱，起褶","ˈrɪŋk(ə)l","ˈrɪŋk(ə)l","04:41.00"
"1091","Week 5","91","genius","n. 天赋，天资；天才，智商很高的人；adj. 天才的","n. 天赋，天资；天才，智商很高的人；（擅长做某事的）高手；精华，精髓；对某人有很大好（或坏）影响的人；（神话中某个人、地方或机构的）守护神；（民族或时代的）普遍特征 | adj. 天才的","ˈdʒiːniəs","ˈdʒiːniəs","04:43.60"
"1092","Week 5","92","flame","n. 火焰，火舌；强烈的感情，激情；v. 燃烧；（感情）爆发","n. 火焰，火舌；强烈的感情，激情；含辱骂内容的电子邮件；恋人，情人 | v. 燃烧；（感情）爆发；（因激动而）变红；发送辱骂资讯","fleɪm","fleɪm","04:46.83"
"1093","Week 5","93","sidewalk","n. 人行道","n. 人行道","ˈsaɪdwɔːk","ˈsaɪdwɔːk","04:49.67"
"1094","Week 5","94","grateful","adj. 感谢的，感激的；（尤用于书信或正式场合提出请求）感激不尽，请","adj. 感谢的，感激的；（尤用于书信或正式场合提出请求）感激不尽，请；令人获得快意的，受欢迎的","ˈɡreɪtf(ə)l","ˈɡreɪtf(ə)l","04:53.18"
"1095","Week 5","95","amaze","v. 使惊奇，使惊愕","v. 使惊奇，使惊愕","əˈmeɪz","əˈmeɪz","04:56.21"
"1096","Week 5","96","resent","v. 怨恨，憎恶","v. 怨恨，憎恶","rɪˈzent","rɪˈzent","04:58.92"
"1097","Week 5","97","modify","v. 修改，改进；修饰，限定","v. 修改，改进；修饰，限定；缓和，使温和；使改形，使转化；变（音）","ˈmɑːdɪfaɪ","ˈmɒdɪfaɪ","05:01.68"
"1098","Week 5","98","manual","adj. 手工的，体力的；手动的，用手操作的；n. 使用手册，说明书；手动换挡的车辆","adj. 手工的，体力的；手动的，用手操作的 | n. 使用手册，说明书；手动换挡的车辆；风琴键盘；（牧师主持圣礼时用）礼仪书","ˈmænjuəl","ˈmænjuəl","05:05.47"
"1099","Week 5","99","vivid","adj. 生动的，逼真的；（颜色）鲜艳的，明亮的","adj. 生动的，逼真的；（颜色）鲜艳的，明亮的；（人的想像）丰富的","ˈvɪvɪd","ˈvɪvɪd","05:08.24"
"1100","Week 5","100","ultimate","adj. 最终的，最后的；最根本的，最基础的；n. 最好的事物，最终的事物；最终（或最根本）的事实（或原则）；v. 结束","adj. 最终的，最后的；最根本的，最基础的；极限的，终极的；首要的，决定性的；（太空或时空中）最遥远的；（物理）极限的 | n. 最好的事物，最终的事物；最终（或最根本）的事实（或原则）；极限飞盘（Ultimate Frisbee 的简称） | v. 结束","ˈʌltɪmət","ˈʌltɪmət","05:11.39"
"1101","Week 5","101","presentation","n. （颁奖等）仪式，典礼；授予，颁发","n. （颁奖等）仪式，典礼；授予，颁发；（在仪式上接受的）奖项，赠予物；展示会，介绍会，发布会；陈述，报告，说明；（事物的）呈现方式；（证件等的）出示；（证物的）提交，提供；（戏剧的）演出；（胎儿的）先露位置，产位；（尤指在帝王前）正式引见，引……朝见；（圣职等的）推荐","ˌpriːz(ə)nˈteɪʃ(ə)n","ˌprez(ə)nˈteɪʃ(ə)n","05:14.28"
"1102","Week 5","102","mill","n. 磨坊，磨粉厂；工厂，制造厂；v. （用磨粉机）碾碎，磨成粉；（一大群人）闲逛，转悠","n. 磨坊，磨粉厂；工厂，制造厂； 一百万；磨粉机，磨麪机；密尔，厘；机器，铣床；引擎；一百万 | v. （用磨粉机）碾碎，磨成粉；（一大群人）闲逛，转悠；碾（轧，铣）（金属）；轧出（硬币的）边纹；使（羊毛或其他动物纤维）缩绒（或缩呢）","mɪl","mɪl","05:17.75"
"1103","Week 5","103","lengthy","adj. 漫长的，长时间的；（讲话、文章等）冗长的，过于详尽的","adj. 漫长的，长时间的；（讲话、文章等）冗长的，过于详尽的","ˈleŋθi","ˈleŋθi","05:20.59"
"1104","Week 5","104","norm","n. 社会准则，行为规范；标准，平均水平","n. 社会准则，行为规范；标准，平均水平；常态，平常事物；模方；诺姆（指整日呆在家中看电视的懒人，尤指看体育节目）","nɔːrm","nɔːm","05:24.16"
"1105","Week 5","105","whisper","v. 耳语，低语，小声说；（私下或秘密地）传说（某事），谣传；n. 耳语（声），低语（声），私语（声）；沙沙声，飒飒声，潺潺声","v. 耳语，低语，小声说；（私下或秘密地）传说（某事），谣传；（树叶）发沙沙声，（风）发飒飒声，（水）发潺潺声 | n. 耳语（声），低语（声），私语（声）；沙沙声，飒飒声，潺潺声；传闻，谣言；蛛丝马迹，暗示；少许，微量；少量信息","ˈwɪspər","ˈwɪspə(r)","05:27.15"
"1106","Week 5","106","neighbo(u)rhood","n. 社区，四邻；邻近的地方","n. 社区，四邻；邻近的地方；邻里情谊，邻居间的友善关系；（数）领域","ˈneɪbərhʊd","ˈneɪbəhʊd","05:29.99"
"1107","Week 5","107","moist","adj. 潮润的，微湿的；（地区或空气）潮湿的，多雨的","adj. 潮润的，微湿的；（地区或空气）潮湿的，多雨的；（眼睛）含泪的，泪汪汪的；湿（性）的","mɔɪst","mɔɪst","05:33.46"
"1108","Week 5","108","moisture","n. 潮气，水分","n. 潮气，水分","ˈmɔɪstʃər","ˈmɔɪstʃə(r)","05:36.83"
"1109","Week 5","109","consent","n. 许可，允许；同意，赞同；v. 赞同，准许，同意","n. 许可，允许；同意，赞同；正式批准文件，批文 | v. 赞同，准许，同意","kənˈsent","kənˈsent","05:39.99"
"1110","Week 5","110","pray","v. 祈祷，祷告；渴望，祈望；adv. （用于询问或指示）请问，请","v. 祈祷，祷告；渴望，祈望；祈求，恳求 | adv. （用于询问或指示）请问，请","preɪ","preɪ","05:43.11"
"1111","Week 5","111","deserve","v. 值得，应受","v. 值得，应受","dɪˈzɜːrv","dɪˈzɜːv","05:45.96"
"1112","Week 5","112","depart","v. 启程，出发；背离，违背","v. 启程，出发；背离，违背；离职","dɪˈpɑːrt","dɪˈpɑːt","05:48.71"
"1113","Week 5","113","plague","n. 瘟疫，传染病；鼠疫（尤指腺鼠疫）；v. 困扰，折磨；烦扰，纠缠","n. 瘟疫，传染病；鼠疫（尤指腺鼠疫）；（老鼠或昆虫等肆虐造成的）灾害，祸患； 普遍的祸害；烦恼事；愿上天降灾难于……（a plague on） | v. 困扰，折磨；烦扰，纠缠；使得灾祸","pleɪɡ","pleɪɡ","05:51.47"
"1114","Week 5","114","opponent","n. 对手，竞争者；反对者，阻止者；adj. 对立的，敌对的","n. 对手，竞争者；反对者，阻止者 | adj. 对立的，敌对的","əˈpoʊnənt","əˈpəʊnənt","05:54.46"
"1115","Week 5","115","phase","n. （发展或变化的）阶段，时期；做出某种行为的短时期；v. 分阶段进行；（物理）使相位同步，使定相","n. （发展或变化的）阶段，时期；做出某种行为的短时期；（动物生活周期或年周期的）阶段，期；（月亮的）位相，盈亏；同步，协调；（化）相；（动）（由遗传或季节引起的）动物颜色变化（期）；（物理）相位，相角；（线圈的）匝，（多相电机或电路的）连接；（语言学）（系统语法用语）相（指链接动词与后续动词的关系）；相结构（含有链接动词和后续动词的结构） | v. 分阶段进行；（物理）使相位同步，使定相","feɪz","feɪz","05:57.74"
"1116","Week 5","116","bitter","adj. 味苦的；痛苦的，辛酸的；n. 苦啤酒；adv. 严寒刺骨地；v. 使变苦","adj. 味苦的；痛苦的，辛酸的；激烈的，充满敌意的；愤愤不平的；严寒的，刺骨的；（巧克力）黑色不加糖的 | n. 苦啤酒 | adv. 严寒刺骨地 | v. 使变苦","ˈbɪtər","ˈbɪtə(r)","06:00.72"
"1117","Week 5","117","narrative","n. 记叙文，叙述；叙事技巧；adj. 叙述的；叙事体的","n. 记叙文，叙述；叙事技巧 | adj. 叙述的；叙事体的","ˈnærətɪv","ˈnærətɪv","06:03.71"
"1118","Week 5","118","facial","adj. 面部的，面部用的；n. 面部护理，美容","adj. 面部的，面部用的 | n. 面部护理，美容","ˈfeɪʃ(ə)l","ˈfeɪʃ(ə)l","06:07.35"
"1119","Week 5","119","saddle","n. 鞍，马鞍；（自行车或摩托车的）车座；v. 给（马）装鞍；（驯马师）使（马）参加比赛","n. 鞍，马鞍；（自行车或摩托车的）车座；（羊、兔或鹿的）脊肉；（哺乳动物或家禽的）后背部，脊；（电缆、电线或管的）托架；（窑里用于支撑陶瓷器的）耐火黏土托架；（役马的）鞍部；（山的）鞍部；鞍点 | v. 给（马）装鞍；（驯马师）使（马）参加比赛；使承担（责任、任务），使负重担；跨上马鞍","ˈsæd(ə)l","ˈsæd(ə)l","06:10.36"
"1120","Week 5","120","relevant","adj. 有关的，切题的；正确的，适宜的","adj. 有关的，切题的；正确的，适宜的；有价值的，有意义的","ˈreləvənt","ˈreləvənt","06:13.11"
"1121","Week 5","121","distinctive","adj. 独特的，与众不同的","adj. 独特的，与众不同的","dɪˈstɪŋktɪv","dɪˈstɪŋktɪv","06:16.57"
"1122","Week 5","122","organic","adj. 有机的，绿色的；有机物的，生物的；n. 有机物质；有机食品","adj. 有机的，绿色的；有机物的，生物的；构成有机整体的，不可分割的；（发生、发展过程）自然的，演进的；器官的，器质性的；仿自然形态的 | n. 有机物质；有机食品","ɔːrˈɡænɪk","ɔːˈɡænɪk","06:19.78"
"1123","Week 5","123","refresh","v. 使恢复精神，使消除疲劳；使记起，提醒；n. （计算机）刷新","v. 使恢复精神，使消除疲劳；使记起，提醒；翻新，使变新；刷新，更新（网页）； 再斟满（饮料）；把（食物）浸入冷水冷却（或保鲜）；恢复精神；喝饮料，吃点心；补充给养 | n. （计算机）刷新","rɪˈfreʃ","rɪˈfreʃ","06:22.92"
"1124","Week 5","124","punch","n. 一拳，一击；（出拳打击时所需要的）力量；v. 用拳猛击（某人或某物）；按（按钮或键）","n. 一拳，一击；（出拳打击时所需要的）力量；感染力，活力；打孔器，穿孔机；孔洞；压印器，冲压机；潘趣酒（由果汁和酒制成的甜味饮品）；庞奇（奇形怪状、钩鼻、驼背的小丑，木偶戏《庞奇和朱迪》中的男主角）（Punch）；（矮壮的）萨福克驮马（Suffolk punch） ；（矮壮的）萨福克驮马（Suffolk punch） | v. 用拳猛击（某人或某物）；按（按钮或键）；（用工具或机器）打孔，扎眼；（用刺棒）赶（牲口） ；（用刺棒）赶（牲口）","pʌntʃ","pʌntʃ","06:25.81"
"1125","Week 5","125","boom","n. 繁荣；流行，风靡；v. 迅速发展，繁荣；轰鸣，轰响","n. 繁荣；流行，风靡；隆隆声；吊杆；帆桁；水栅 | v. 迅速发展，繁荣；轰鸣，轰响；用低沉的声音说","buːm","buːm","06:28.55"
"1126","Week 5","126","anticipate","v. 预期，预料；预见（并做准备）","v. 预期，预料；预见（并做准备）；期望，盼望；先于……做，早于……行动；提前使用；在期限内履行（义务），偿还（债务）","ænˈtɪsɪpeɪt","ænˈtɪsɪpeɪt","06:31.81"
"1127","Week 5","127","parade","n. 游行；列队表演，展示；v. 游行；（使）列队行进，接受检阅","n. 游行；列队表演，展示；检阅，阅兵；阅兵场；一系列（人或事）；夸示，炫耀；（用于街道名称中）商业街，公共广场；（常指远离大街的）一小排店铺 | v. 游行；（使）列队行进，接受检阅；招摇过市，大摇大摆；把（囚犯）示众；展示，展览；夸示，炫耀（财产、知识等）；（使）冒充，伪装","pəˈreɪd","pəˈreɪd","06:35.13"
"1128","Week 5","128","explicit","adj. 清楚明白的，明确的，详述的；直截了当的，坦率的；n. （手稿、早期印刷品或礼拜仪式上唱诗的）结束语","adj. 清楚明白的，明确的，详述的；直截了当的，坦率的；赤裸裸表现性爱（或暴力）的，露骨的 | n. （手稿、早期印刷品或礼拜仪式上唱诗的）结束语","ɪkˈsplɪsɪt","ɪkˈsplɪsɪt","06:38.25"
"1129","Week 5","129","veteran","n. 老兵，退伍军人；经验丰富的人，老手；adj. 经验丰富的，老练的；古老的","n. 老兵，退伍军人；经验丰富的人，老手 | adj. 经验丰富的，老练的；古老的","ˈvetərən","ˈvetərən","06:41.75"
"1130","Week 5","130","restrain","v. 制止，阻止；克制，抑制","v. 制止，阻止；克制，抑制；控制（某事物）；剥夺……的行动自由（或人身自由），管押；（安全带）缚住（人或其身体部位）","rɪˈstreɪn","rɪˈstreɪn","06:44.60"
"1131","Week 5","131","version","n. （同一种物件稍有不同的）样式，型号；（从不同角度的）说法，描述；v. 创制……的新版本，更新……的版本","n. （同一种物件稍有不同的）样式，型号；（从不同角度的）说法，描述；（电影、剧本、乐曲等的）版本，改编形式；《圣经》译本；胎位倒转术 | v. 创制……的新版本，更新……的版本","ˈvɜːrʒ(ə)n","ˈvɜːʃ(ə)n","06:47.61"
"1132","Week 5","132","undergo","v. 经历，经受","v. 经历，经受","ˌʌndərˈɡoʊ","ˌʌndəˈɡəʊ","06:50.84"
"1133","Week 5","133","banner","n. 横幅标语；（网页上的）横幅广告；adj. 极好的，出色的；v. 在（头版的）通栏大字标题下刊登（新闻报道等）","n. 横幅标语；（网页上的）横幅广告；信仰，准则；旗帜 | adj. 极好的，出色的 | v. 在（头版的）通栏大字标题下刊登（新闻报道等）","ˈbænər","ˈbænə(r)","06:54.00"
"1134","Week 5","134","lean1","v. （身体）倾斜；倾向于做；adj. 瘦且健康的；（肉）瘦的，脂肪少的；n. 倾斜，歪曲；瘦肉","v. （身体）倾斜；倾向于做；倚靠，靠在 | adj. 瘦且健康的；（肉）瘦的，脂肪少的；不景气的，贫乏的；精简的，效率高的；（混合汽化燃料）空气所占比例高的，稀化的 | n. 倾斜，歪曲；瘦肉","liːn","liːn","06:56.66"
"1135","Week 5","135","lean2","v. （身体）倾斜；倾向于做；adj. 瘦且健康的；（肉）瘦的，脂肪少的；n. 倾斜，歪曲；瘦肉","v. （身体）倾斜；倾向于做；倚靠，靠在 | adj. 瘦且健康的；（肉）瘦的，脂肪少的；不景气的，贫乏的；精简的，效率高的；（混合汽化燃料）空气所占比例高的，稀化的 | n. 倾斜，歪曲；瘦肉","liːn","liːn","06:59.44"
"1136","Week 5","136","rigid","adj. （方法、体制等）严格死板的，僵化的；（人）顽固的，不通融的；n. 未铰接的货车","adj. （方法、体制等）严格死板的，僵化的；（人）顽固的，不通融的；刚硬的，不易弯曲的；（因强烈的感情而）僵硬的，僵直的；精确的 | n. 未铰接的货车","ˈrɪdʒɪd","ˈrɪdʒɪd","07:02.95"
"1137","Week 5","137","exile","n. 流放；被流放者，流亡者；v. 流放；使离开","n. 流放；被流放者，流亡者 | v. 流放；使离开","ˈeksaɪl","ˈeksaɪl","07:05.93"
"1138","Week 5","138","trait","n. （人的个性的）特征，特点；遗传特征","n. （人的个性的）特征，特点；遗传特征；一点，少许","treɪt","treɪt","07:08.96"
"1139","Week 5","139","signature","n. 签名，署名；签字，签署；adj. 标志性的，惯有的","n. 签名，署名；签字，签署；鲜明特色，明显特征；（印刷）折标；书贴；标记，用法签（处方上说明药的用法的部分）；（音乐的）拍号；（音乐的）调号 | adj. 标志性的，惯有的","ˈsɪɡnətʃər","ˈsɪɡnətʃə(r)","07:11.60"
"1140","Week 5","140","contaminate","v. 污染，弄脏；毒害，腐蚀（人的思想或品德）","v. 污染，弄脏；毒害，腐蚀（人的思想或品德）","kənˈtæmɪneɪt","kənˈtæmɪneɪt","07:14.85"
"1141","Week 5","141","gross","adj. 总的，毛的；严重的，极端的；adv. 总共，全部；v. 总共赚得；n. 一罗（144个）；毛收入，总收入","adj. 总的，毛的；严重的，极端的；粗鲁的；肥胖难看的，臃肿的；大范围的，粗略的；（高尔夫球的得分）实际所得的；明显的；让人恶心的 | adv. 总共，全部 | v. 总共赚得 | n. 一罗（144个）；毛收入，总收入","ɡroʊs","ɡrəʊs","07:18.08"
"1142","Week 5","142","circular","adj. 圆形的，环形的；循环的，绕圈的；n. （同时送达多人的）印刷品，宣传单","adj. 圆形的，环形的；循环的，绕圈的；循环论证的；传阅的 | n. （同时送达多人的）印刷品，宣传单","ˈsɜːrkjələr","ˈsɜːkjələ(r)","07:21.16"
"1143","Week 5","143","principal","adj. 最重要的，首要的；本金的，母金的；n. （美国公立中小学的）校长；（英国的）大学校长，学院院长","adj. 最重要的，首要的；本金的，母金的 | n. （美国公立中小学的）校长；（英国的）大学校长，学院院长；（企业或机构的）负责人；（音乐会、戏剧、芭蕾舞剧、歌剧中的）主角演员；（管弦乐队每一乐器组的）首席演奏者；（有利息的）本金，资金；（法律和商业事务中的）当事人，委托人；关键人物；（某些行业）完全合格的开业者；（负责某一部门的）高级公务员；主犯，首犯；决斗者；（支撑檩的）主椽；（管风琴的）主音栓","ˈprɪnsəp(ə)l","ˈprɪnsəp(ə)l","07:24.06"
"1144","Week 5","144","guidance","n. 指导，指引；（火箭等的）制导","n. 指导，指引；（火箭等的）制导","ˈɡaɪd(ə)ns","ˈɡaɪd(ə)ns","07:26.78"
"1145","Week 5","145","valid","adj. （文件或票证）有效的；正当的，合理的","adj. （文件或票证）有效的；正当的，合理的；合法有效的；计算机系统接受的，被计算机系统认为有效的","ˈvælɪd","ˈvælɪd","07:29.85"
"1146","Week 5","146","obey","v. 遵守，服从，听从；顺……的意，按……的通常情况行事","v. 遵守，服从，听从；顺……的意，按……的通常情况行事；遵循（原则、自然规律等）","əˈbeɪ","əˈbeɪ","07:32.79"
"1147","Week 5","147","thorough","adj. 彻底的，全面的；彻头彻尾的，十足的","adj. 彻底的，全面的；彻头彻尾的，十足的；仔细的，缜密的；仔细周到，工作缜密","ˈθɜːroʊ","ˈθʌrə","07:35.80"
"1148","Week 5","148","pledge","n. 誓言，保证，承诺；捐款承诺；v. 保证，发誓；使保证，使许诺","n. 誓言，保证，承诺；捐款承诺；戒酒誓言（the pledge）；信物；质押；（美国大学中）宣誓加入男生（女生）联谊会的人；为健康祝酒 | v. 保证，发誓；使保证，使许诺；承诺给予，承诺提供；用……抵押，以……典押；宣誓加入（大学男生联谊会或女生联谊会）；为健康祝酒","pledʒ","pledʒ","07:38.70"
"1149","Week 5","149","sphere","n. （活动、兴趣、专业知识的）范围，领域；球体，球，球形；vt. 使……成球形；包围","n. （活动、兴趣、专业知识的）范围，领域；球体，球，球形；社会阶层；势力范围；苍穹，天，天空；天体；天体外壳；地球仪 | vt. 使……成球形；包围；放入球内","sfɪr","sfɪə(r)","07:41.60"
"1150","Week 5","150","fluid","n. 流体，液体；adj. 液体的，流体的；易变的，不稳定的","n. 流体，液体 | adj. 液体的，流体的；易变的，不稳定的；流畅优美的","ˈfluːɪd","ˈfluːɪd","07:44.42"
"1151","Week 5","151","prejudice","n. 偏见，成见，歧视；损害，侵害；v. 使有偏见，使有成见；损害，不利于","n. 偏见，成见，歧视；损害，侵害 | v. 使有偏见，使有成见； 损害，不利于","ˈpredʒədɪs","ˈpredʒədɪs","07:47.36"
"1152","Week 5","152","explosion","n. 爆破，爆炸（声）；激增","n. 爆破，爆炸（声）；激增；爆发，迸发；突发的巨响；某事证实是错误的，推翻","ɪkˈsploʊʒn","ɪkˈspləʊʒ(ə)n","07:50.62"
"1153","Week 5","153","manipulate","v. 操纵，摆布；操作，使用","v. 操纵，摆布；操作，使用；正骨，推拿；篡改；巧妙地移动（某物），巧妙地处理（某事）；校正，转移（储存在计算机上的信息）","məˈnɪpjuleɪt","məˈnɪpjuleɪt","07:53.93"
"1154","Week 5","154","fake","adj. 伪造的，冒充的；（动作或感情）虚假的，做作的；n. 假货，赝品；骗子，冒充者；v. 伪造，冒充；假装，佯装","adj. 伪造的，冒充的；（动作或感情）虚假的，做作的 | n. 假货，赝品；骗子，冒充者；假动作；（绳索、水龙带等的）一圈（=flake） | v. 伪造，冒充；假装，佯装；（尤指体育运动中）做假动作；不懂装懂，不会装会；盘卷（=flake）","feɪk","feɪk","07:57.32"
"1155","Week 5","155","splendid","adj. 极佳的，非常好的；壮丽的，灿烂的，辉煌的；int. （表示赞许或满意）好极了，痛快","adj. 极佳的，非常好的；壮丽的，灿烂的，辉煌的；（一段时光）令人愉快的 | int. （表示赞许或满意）好极了，痛快","ˈsplendɪd","ˈsplendɪd","08:00.35"
"1156","Week 5","156","shed","v. 去除，摆脱；（植物）落（叶），（动物）蜕（皮），脱（毛）；n. 棚屋，小屋；（工业上用于生产或存放设备的）厂房，工棚","v. 去除，摆脱；（植物）落（叶），（动物）蜕（皮），脱（毛）；脱掉（所穿衣物）；掉落（货物）；挡水，防水；射出，发出（光）；流，洒，落（泪）；（尤指在战争中）造成伤亡，使流（血）；把（车）停在库棚内；（分区）切断（电力载荷） | n. 棚屋，小屋；（工业上用于生产或存放设备的）厂房，工棚；剪羊棚，挤奶棚","ʃed","ʃed","08:03.62"
"1157","Week 5","157","rob","v. 抢劫，盗取；使丧失，剥夺","v. 抢劫，盗取；使丧失，剥夺；（足球）夺（对手）的球； 敲……竹杠","rɑːb","rɒb","08:06.44"
"1158","Week 5","158","dawn","v. 变得明朗，开始清楚；破晓，开始；n. 拂晓，黎明；曙光，开端","v. 变得明朗，开始清楚；破晓，开始 | n. 拂晓，黎明；曙光，开端","dɑːn","dɔːn","08:09.45"
"1159","Week 5","159","scratch","v. （用指甲）挠，轻抓；（用指甲或利器）抓破，划破；n. （某人皮肤上的）划痕，划伤；刮痕，划痕；adj. （球队或一群人等）仓促拼凑的，匆匆组成的；（高尔夫球员）无让杆的，无让步优待的","v. （用指甲）挠，轻抓；（用指甲或利器）抓破，划破；划出，刮出（痕迹）；（用爪子）抓，刨；（鸟、哺乳动物，尤指鸡）用嘴（或爪子）扒地找食物；寻觅（难找的人或物）（scratch for）；艰难生活（scratch along）；勾掉，划去（写下的字）； 仓促写下；（用尖利物）刮擦出声音； 取消，撤销（想法或计划）；（使）退出比赛；（用刮擦技法）播放唱片 | n. （某人皮肤上的）划痕，划伤；刮痕，划痕；抓，挠；刮擦声 ；唱片的嚓嚓声（指唱片纹道与唱针的摩擦噪声）；刮擦（多用于快板乐中，用手制止唱片转动，使其来回移动发出有节奏的嚓嚓声的技巧）；（高尔夫）零让步（表明选手不弱，能在场上达到规定击球的次数）； 钱 | adj. （球队或一群人等）仓促拼凑的，匆匆组成的；（高尔夫球员）无让杆的，无让步优待的；碰巧的；打草稿用的","skrætʃ","skrætʃ","08:12.09"
"1160","Week 5","160","sticky","adj. 黏性的，涂有黏性物质的；（皮肤因热而）黏湿的；n. 告事贴；置顶留言","adj. 黏性的，涂有黏性物质的；（皮肤因热而）黏湿的；（天气）湿热的，闷热的；（处境、问题等）难办的，棘手的；（网站）吸引人的，吸引人长时间浏览的；（食物）甜腻的；（价格，利率，薪水）变化缓慢的，对变化反应缓慢的；持有异议的，抱不合作态度的；持久的；感到热得难受的 | n. 告事贴；置顶留言","ˈstɪki","ˈstɪki","08:15.43"
"1161","Week 5","161","contract","n. 合同，契约；暗杀协议；v. （使）收缩，缩小；签合同，订立契约","n. 合同，契约；暗杀协议；（桥牌）定约墩数；婚约，订婚 | v. （使）收缩，缩小；签合同，订立契约；患上，感染；订立婚约（或盟约）；欠负（债）","ˈkɑːntrækt","ˈkɒntrækt; kənˈtrækt","08:18.69"
"1162","Week 5","162","compound","n. 混合物，化合物；复合词；adj. 复合的，混合的；以复利计算的；v. 使加重，使恶化；合成，混合","n. 混合物，化合物；复合词；大院，有围墙的场地 | adj. 复合的，混合的；以复利计算的 | v. 使加重，使恶化；合成，混合；以复利计算支付；和解，私了","ˈkɑːmpaʊnd","ˈkɒmpaʊnd","08:23.06"
"1163","Week 5","163","limp","v. 瘸着脚走，跛行；进展缓慢，艰难地行进；adj. 柔软的，不直挺的；无力的，无精神的；n. 跛行","v. 瘸着脚走，跛行；进展缓慢，艰难地行进 | adj. 柔软的，不直挺的；无力的，无精神的 | n. 跛行","lɪmp","lɪmp","08:27.26"
"1164","Week 5","164","inflation","n. 通货膨胀，通胀率；充气，膨胀，增大","n. 通货膨胀，通胀率；充气，膨胀，增大；（宇宙论某些理论）暴涨；夸张，自命不凡","ɪnˈfleɪʃ(ə)n","ɪnˈfleɪʃ(ə)n","08:30.40"
"1165","Week 5","165","despair","n. 绝望；令人绝望的人或事；v. 绝望，丧失信心","n. 绝望；令人绝望的人或事 | v. 绝望，丧失信心","dɪˈsper","dɪˈspeə(r)","08:33.83"
"1166","Week 5","166","fade","v. 逐渐消失；（使）褪色，（使）变暗；n. 淡入，淡出；褪色，变暗；adj. 平淡的，乏味的","v. 逐渐消失；（使）褪色，（使）变暗；枯萎，凋谢；变得虚弱；退步；（车辆的刹车因摩擦发热而）暂时失灵；（使）（电影或电视画面）淡入（或淡出）另一画面；变得默默无闻，变得无关紧要；（高尔夫球）偏离直线；接受（掷骰子者）的打赌 | n. 淡入，淡出；褪色，变暗；（高尔夫球运动员故意击出的）向右偏离球 | adj. 平淡的，乏味的","feɪd","feɪd","08:36.78"
"1167","Week 5","167","jail","n. 监狱；监禁；v. 监禁","n. 监狱；监禁 | v. 监禁","dʒeɪl","dʒeɪl","08:39.54"
"1168","Week 5","168","fierce","adj. （动作或情感）强烈的，激烈的；（人或动物）凶猛的，狂怒的；adv. 很，非常","adj. （动作或情感）强烈的，激烈的；（人或动物）凶猛的，狂怒的；（天气等）狂暴的，恶劣的 | adv. 很，非常","fɪrs","fɪəs","08:42.32"
"1169","Week 5","169","disappoint","v. 使失望；使破灭，使落空","v. 使失望；使破灭，使落空","ˌdɪsəˈpɔɪnt","ˌdɪsəˈpɔɪnt","08:45.72"
"1170","Week 5","170","utilize,-ise","v. 利用，使用","v. 利用，使用","ˈjuːtəlaɪz","ˈjuːtəlaɪz","08:48.91"
"1171","Week 5","171","forecast","v. 预测，预报；n. 预测，预报","v. 预测，预报 | n. 预测，预报","ˈfɔːrkæst","ˈfɔːkɑːst","08:52.11"
"1172","Week 5","172","attorney","n. 律师；代理人","n. 律师；代理人","əˈtɜːrni","əˈtɜːni","08:55.29"
"1173","Week 5","173","reckon","v. 估算，计算；料想，认为","v. 估算，计算；料想，认为；把……看作；期望，指望","ˈrekən","ˈrekən","08:57.99"
"1174","Week 5","174","trim","v. 修剪，修整；削减，减少；n. （尤指毛发的）修剪；额外装饰，边饰，点缀物；adj. 整齐的，整洁美观的；修长的，苗条而健康的","v. 修剪，修整；削减，减少；修饰，点缀（尤指某物的边缘）；切除，剪掉（不规则或不需要的部分）；调整（船帆）利用风力；使（飞机）配平；调整负载以保持（船，飞机）的平衡；使（身体某一部分）变结实，变瘦；（为个人升迁而在政治上）随大流，见风使舵 | n. （尤指毛发的）修剪；额外装饰，边饰，点缀物；汽车装饰（尤指车内座椅铺面或内垫衬料）；（电影剪辑后的）废片；（船在水中的）水平位势；（飞机）配平；良好的状态（或情况）；机翼的位置 | adj. 整齐的，整洁美观的；修长的，苗条而健康的","trɪm","trɪm","09:00.55"
"1175","Week 5","175","grave","n. 坟墓，墓穴；死亡，终结；adj. 严峻的，严重的；严肃的，庄重的；adv. （用作演奏演唱指示）缓慢地，庄严地；v. 铭记，铭刻；刻（铭文，图像）","n. 坟墓，墓穴；死亡，终结；（废旧机器等的）堆积处；（法语等语言里的）抑音符号，沉音符 | adj. 严峻的，严重的；严肃的，庄重的；认真的，深切的；带钝重音符的；（用作演奏演唱指示）缓慢的，庄严的 | adv. （用作演奏演唱指示）缓慢地，庄严地 | v. 铭记，铭刻；刻（铭文，图像）；（用烧掉附着物然后涂以沥青的方法）清理（船底），拷铲油漆（船底）","ɡreɪv","ɡreɪv","09:03.45"
"1176","Week 5","176","disguise","v. 假扮，伪装；掩饰，隐瞒；n. 伪装物，伪装","v. 假扮，伪装；掩饰，隐瞒 | n. 伪装物，伪装","dɪsˈɡaɪz","dɪsˈɡaɪz","09:06.64"
"1177","Week 5","177","assess","v. 评价，评定；估价，估计","v. 评价，评定；估价，估计；征税，处以罚金","əˈses","əˈses","09:09.76"
"1178","Week 5","178","stroke","n. 中风；（使用武器的）击，打；v. 轻抚，抚摸；轻挪，轻触，轻拭","n. 中风；（使用武器的）击，打；击球，一击，一抽；（划船用语）划桨，划法，划桨法；泳式，游泳姿势；（指挥船上其他桨手的）尾桨手；轻抚，抚摸；一笔，一划；（灵感的）突发，（天才的）一举；（突发或突然想到的）好事；斜线（号）；（雷电的）闪光；来回动作，上下动作；（一系列重复运动的）节奏，律动；（鸟翼的）一次扑打；准时，准点；（时钟报时的）鸣响，钟声 | v. 轻抚，抚摸；轻挪，轻触，轻拭；击球；讨好，奉承；在……上轻轻涂抹；当……的尾桨手，当……的领桨","stroʊk","strəʊk","09:12.99"
"1179","Week 5","179","fundamental","adj. 根本的，基本的；必需的，必不可少的；n. 基本原理；基音，基频","adj. 根本的，基本的；必需的，必不可少的；不能再分的 | n. 基本原理；基音，基频","ˌfʌndəˈment(ə)l","ˌfʌndəˈment(ə)l","09:16.06"
"1180","Week 5","180","episode","n. 一段经历，一段时期；（电视剧或广播剧的）集，一集","n. 一段经历，一段时期；（电视剧或广播剧的）集，一集；疾病的发作，发病；插句，插段；（希腊悲剧中）两段合唱之间的部分","ˈepɪsoʊd","ˈepɪsəʊd","09:18.99"
"1181","Week 5","181","victim","n. 受害者，罹难者；（面对不幸事件或虐待时的）无助者，患病者","n. 受害者，罹难者；（面对不幸事件或虐待时的）无助者，患病者；牺牲品，祭品；受骗者","ˈvɪktɪm","ˈvɪktɪm","09:22.17"
"1182","Week 5","182","lane","n. （乡间）小路；（用于路名）道，路","n. （乡间）小路；（用于路名）道，路；车道；（比赛的）跑道，泳道；航道，航线；（保龄球）球道；收银通道；（电泳）泳道；（尤指漩涡星系中的）暗条；（篮球的）罚球区","leɪn","leɪn","09:25.08"
"1183","Week 5","183","client","n. 客户，委托人；客户机，用户端","n. 客户，委托人；客户机，用户端；（古罗马）贵族庇护下的平民；受赡养者，食客","ˈklaɪənt","ˈklaɪənt","09:27.55"
"1184","Week 5","184","chamber","n. 房间，室；会议厅，会所；v. 把子弹送入弹膛；把……关在房间里；adj. 室内的；私人的，秘密的","n. 房间，室；会议厅，会所；议院；腔，膛；洞穴；卧室；法官办公室，律师事务所（chambers） | v. 把子弹送入弹膛；把……关在房间里 | adj. 室内的；私人的，秘密的","ˈtʃeɪmbər","ˈtʃeɪmbə(r)","09:30.61"
"1185","Week 5","185","fraction","n. 分数，小数；小部分，微量","n. 分数，小数；小部分，微量；持不同意见的小集团；分离；（基督教用语）分切圣餐面包","ˈfrækʃ(ə)n","ˈfrækʃn","09:33.50"
"1186","Week 5","186","habitual","adj. 习惯性的，惯常的；上瘾的","adj. 习惯性的，惯常的；上瘾的","həˈbɪtʃuəl","həˈbɪtʃuəl","09:36.73"
"1187","Week 5","187","landlord","n. 房东，地主；（客栈、酒吧或出租公寓的）店主，老板","n. 房东，地主；（客栈、酒吧或出租公寓的）店主，老板","ˈlændlɔːrd","ˈlændlɔːd","09:39.55"
"1188","Week 5","188","comic","adj. 滑稽的，好笑的；喜剧的；n. 喜剧演员；连环漫画","adj. 滑稽的，好笑的；喜剧的 | n. 喜剧演员；连环漫画","ˈkɑːmɪk","ˈkɒmɪk","09:43.03"
"1189","Week 5","189","elegant","adj. （人）高雅的，举止优雅的；精美的，雅致的","adj. （人）高雅的，举止优雅的；精美的，雅致的；简练的，巧妙的","ˈelɪɡənt","ˈelɪɡənt","09:45.67"
"1190","Week 5","190","sole","adj. 唯一的，仅有的；专用的，独享的；n. 脚底；鞋底（不包括后跟）；v. 给（鞋）换底","adj. 唯一的，仅有的；专用的，独享的；（尤指女性）未婚的；单独的，没人陪伴的 | n. 脚底；鞋底（不包括后跟）；脚趾和脚弓之间的部分；（刨子等工具的）底部，（高尔夫球棒头的）底端；（船舱或驾驶室的）地面，地板；鳎（鱼）； 脚底 | v. 给（鞋）换底","soʊl","səʊl","09:48.83"
"1191","Week 5","191","stale","adj. （食物）不新鲜的，变味的；气味不清新的，难闻的；v. （使）不新鲜，（使）走味，（使）陈旧；（动物，尤指马）撒尿；n. 尿","adj. （食物）不新鲜的，变味的；气味不清新的，难闻的；没有新意的，老掉牙的；（因长期从事同一工作而）疲沓的，厌倦的；（支票，合法要求）（因过期而）失效的 | v. （使）不新鲜，（使）走味，（使）陈旧；（动物，尤指马）撒尿 | n. 尿","steɪl","steɪl","09:51.23"
"1192","Week 5","192","sustain","v. 维持，保持；维持……的生命；n. （乐）延音","v. 维持，保持；维持……的生命；遭受，经受；（在体力或精神方面）支持，支撑；承受住……的重量；证实，证明；认可，赞成，确认；（演员）充分表演（角色，人物），扮演 | n. （乐）延音","səˈsteɪn","səˈsteɪn","09:54.46"
"1193","Week 5","193","intact","adj. 完好无损的","adj. 完好无损的","ɪnˈtækt","ɪnˈtækt","09:57.61"
"1194","Week 5","194","ornament","n. 装饰品，点缀品；装饰，摆设；v. 装饰，点缀","n. 装饰品，点缀品；装饰，摆设；首饰，饰物； 为……增添光彩的人（或事物）（ornament to sth.）；（乐）装饰音（ornaments） ；（基督教）（圣坛、圣餐杯和圣器等）礼拜用品，典礼用品 | v. 装饰，点缀","ˈɔːrnəmənt","ˈɔːnəmənt","10:00.94"
"1195","Week 5","195","collision","n. 碰撞，相撞；冲突，抵触","n. 碰撞，相撞；冲突，抵触；争用","kəˈlɪʒ(ə)n","kəˈlɪʒ(ə)n","10:06.11"
"1196","Week 5","196","parcel","n. 包裹，邮包；一批，一群；v. 把……包起来（parcel sth. up）；分配（parcel sth. out）","n. 包裹，邮包；一批，一群；一块土地（尤指地产的一部分）；有馅料的食品（通常指油酥点心） | v. 把……包起来（parcel sth. up）；分配（parcel sth. out）；（航海）用涂油帆布条缠包（绳索）","ˈpɑːrs(ə)l","ˈpɑːs(ə)l","10:09.46"
"1197","Week 5","197","honesty","n. 诚实，正直；银扇草，金钱花","n. 诚实，正直；银扇草，金钱花","ˈɑːnəsti","ˈɒnəsti","10:12.13"
"1198","Week 5","198","leap","v. 猛冲，突然而迅速地移动；剧增，猛涨；n. 跳跃，跳高；骤变，激增","v. 猛冲，突然而迅速地移动；剧增，猛涨；赶紧抓住（机会）；（心）猛跳；跳，跳跃 | n. 跳跃，跳高；骤变，激增；（对新事物的）认真尝试","liːp","liːp","10:14.89"
"1199","Week 5","199","exemplify","v. 是……的典范；举例说明","v. 是……的典范；举例说明","ɪɡˈzemplɪfaɪ","ɪɡˈzemplɪfaɪ","10:17.84"
"1200","Week 5","200","innocent","adj. 天真的，幼稚的；清白的，无罪的；n. 天真无邪的人，幼稚的人；无辜的受害者（尤指犯罪或战争的受害者）","adj. 天真的，幼稚的；清白的，无罪的；无辜受害的；没有恶意的，无冒犯之意的 | n. 天真无邪的人，幼稚的人；无辜的受害者（尤指犯罪或战争的受害者）","ˈɪnəs(ə)nt","ˈɪnəs(ə)nt","10:21.13"
"1201","Week 5","201","motion","n. 运动，移动；手势，动作；v. 打手势，示意","n. 运动，移动；手势，动作；提议，议案；排便，大便；转动的机械装置；（当庭提出裁决或命令的）请求，申请 | v. 打手势，示意","ˈmoʊʃ(ə)n","ˈməʊʃn","10:24.29"
"1202","Week 5","202","decay","v. （建筑、地方等）破败，衰落；（观念、影响力等）衰败；n. 腐烂；（观念、机构、制度等）衰退","v. （建筑、地方等）破败，衰落；（观念、影响力等）衰败；（使）腐朽，腐烂 | n. 腐烂；（观念、机构、制度等）衰退","dɪˈkeɪ","dɪˈkeɪ","10:27.30"
"1203","Week 5","203","sightseeing","n. 观光，游览；adj. 观光的，游览的；v. 观光（sightsee 的现在分词形式）","n. 观光，游览 | adj. 观光的，游览的 | v. 观光（sightsee 的现在分词形式）","ˈsaɪtsiːɪŋ","ˈsaɪtsiːɪŋ","10:30.22"
"1204","Week 5","204","superficial","adj. 粗浅的，粗略的；（思想）浅薄的，缺乏深度的","adj. 粗浅的，粗略的；（思想）浅薄的，缺乏深度的；表面的，乍看起来的（尤指实际并非如此）；（伤势或伤害）表皮的；（皮肤、土壤或岩石）表层的；不重要的，无关痛痒的；（建筑）面积的，平方的","ˌsuːpərˈfɪʃ(ə)l","ˌsuːpəˈfɪʃ(ə)l","10:33.51"
"1205","Week 5","205","seal","n. 印章，图章；表示确认的事物；v. 封上（信封）；密封（容器）","n. 印章，图章；表示确认的事物；密封装置，密封物；密封，密封状态；水止，水封（根据排污管道深度U形管中防止臭气上升的存水）；封蜡，火漆；封蜡模（印），封铅模（印）；海豹；海豹皮；装饰性的背面涂胶水的邮票（印花）；（美国海军）海豹特种部队士兵（SEAL） | v. 封上（信封）；密封（容器）；确定，使成定局；给……涂上保护层；（给文件）加封，盖印；封锁；（为避免烹调时失去过多水分，将食物放在热油中）快速煎炸；猎捕海豹","siːl","siːl","10:37.19"
"1206","Week 5","206","selection","n. 选择，挑选；被挑选的人（或物），精选品","n. 选择，挑选；被挑选的人（或物），精选品；可供选择的事物；（比赛中值得赌的）看好的马；所选数据；（英国的）学校入学选拔；（以优越条件）选购土地","sɪˈlekʃ(ə)n","sɪˈlekʃ(ə)n","10:40.04"
"1207","Week 5","207","shade","n. 背阴处，阴凉处；（图画中的）暗处；v. 为……遮阳（挡光），遮蔽（光线）；（用铅笔或加色）描黑，描影","n. 背阴处，阴凉处；（图画中的）暗处；遮光物，灯罩；（能上下卷叠的）窗帘，百叶窗；太阳镜，墨镜（shades）；（色彩的）浓淡深浅，色度；差别，不同；略微，少量（a shade）；让人想起……的事物（shades of）；次要地位，不显眼；鬼，幽灵；地狱，冥府（the Shades）；剪影 | v. 为……遮阳（挡光），遮蔽（光线）；（用铅笔或加色）描黑，描影；使阴暗，使阴郁；（色彩）渐变；（比赛）稍胜一筹，略占优势；（数量、速度或价格）略降；细微改动以掩盖事实","ʃeɪd","ʃeɪd","10:43.06"
"1208","Week 5","208","correspond","v. 类似于，相当于；通信","v. 类似于，相当于；通信；相一致，符合","ˌkɔːrəˈspɑːnd","ˌkɒrəˈspɒnd","10:46.01"
"1209","Week 5","209","bug","n. 昆虫，虫子；小病，轻微的传染病；v. 烦扰，使恼怒；装窃听器","n. 昆虫，虫子；小病，轻微的传染病；（计算机程序中的）漏洞，故障；窃听器；热衷，着迷 | v. 烦扰，使恼怒；装窃听器；（由于吃惊或害怕）张大眼睛，瞪大双眼","bʌɡ","bʌɡ","10:49.38"
"1210","Week 5","210","comprehensive","adj. 综合性的，全面的；有理解力的；n. 综合中学；专业综合测验","adj. 综合性的，全面的；有理解力的 | n. 综合中学；专业综合测验","ˌkɑːmprɪˈhensɪv","ˌkɒmprɪˈhensɪv","10:52.15"
"1211","Week 5","211","token","n. （人工智能和大语言模型）词元；（某些机器中用以代替纸币的）代币，专用辅币；adj. 装点门面的，装样子的；象征性的，作为标志的","n. （人工智能和大语言模型）词元；（某些机器中用以代替纸币的）代币，专用辅币；象征，标志；礼券，代金券；（语言学）符号；（计算机）令牌，记号；（火车通行的）路签 | adj. 装点门面的，装样子的；象征性的，作为标志的","ˈtoʊkən","ˈtəʊkən","10:55.75"
"1212","Week 5","212","consultant","n. 顾问；高级顾问医师，会诊医师","n. 顾问；高级顾问医师，会诊医师；咨询者","kənˈsʌltənt","kənˈsʌltənt","10:58.20"
"1213","Week 5","213","glorious","adj. 光荣的，值得称道的；辉煌的，绚丽的","adj. 光荣的，值得称道的；辉煌的，绚丽的；极其愉快的；（天气）阳光灿烂的","ˈɡlɔːriəs","ˈɡlɔːriəs","11:01.65"
"1214","Week 5","214","memorial","adj. 纪念的，追悼的；记忆的；n. 纪念碑，纪念馆；纪念品，纪念物","adj. 纪念的，追悼的；记忆的 | n. 纪念碑，纪念馆；纪念品，纪念物；纪念仪式；请愿书；记录，年代记","məˈmɔːriəl","məˈmɔːriəl","11:04.65"
"1215","Week 5","215","precise","adj. 精确的，准确的；恰好的，确切的","adj. 精确的，准确的；恰好的，确切的；（人）严格的，一丝不苟的","prɪˈsaɪs","prɪˈsaɪs","11:07.86"
"1216","Week 5","216","swell","v. （身体部位）肿胀，膨胀， 使（某物）膨胀，使肿胀；（使）鼓起，（使）隆起；n. 海浪的涌动，涌浪；（音量的）增强；adj. 第一流的，极好的；漂亮的，时髦的；adv. 极好地，非常顺利地","v. （身体部位）肿胀，膨胀， 使（某物）膨胀，使肿胀；（使）鼓起，（使）隆起；（使）增长，增加，扩大；（声音）逐渐增强，变响亮；（情绪）高涨，充满；波涛汹涌 | n. 海浪的涌动，涌浪；（音量的）增强；感情的高涨；（规模或数量的）增长，增加；（尤指身体部位）凸起的形状，鼓出处，隆起处； 重要人士，时髦人物；（管风琴、簧风琴的）音量调节器 | adj. 第一流的，极好的； 漂亮的，时髦的 | adv. 极好地，非常顺利地","swel","swel","11:11.13"
"1217","Week 5","217","export","v. 出口；传播，输出；n. 出口，输出；出口物，输出品；adj. 出口的","v. 出口；传播，输出；（在计算机中）导出，输出 | n. 出口，输出；出口物，输出品；出口量，出口收入 | adj. 出口的","ɪkˈspɔːrt; ˈekspɔːrt","ɪkˈspɔːt; ˈekspɔːt","11:13.77"
"1218","Week 5","218","punctual","adj. 准时的，守时的；精确的","adj. 准时的，守时的；精确的；（语法）（动作）瞬息性的","ˈpʌŋktʃuəl","ˈpʌŋktʃuəl","11:18.23"
"1219","Week 5","219","wholly","adv. 完全地，全部地","adv. 完全地，全部地","ˈhoʊlli","ˈhəʊlli","11:21.26"
"1220","Week 5","220","context","n. 背景，环境；上下文，语境","n. 背景，环境；上下文，语境","ˈkɑːntekst","ˈkɒntekst","11:23.99"
"1221","Week 5","221","pretend","v. 伪装，假装；（玩游戏时）假扮，装扮；adj. 假装的，假想的（尤为儿童使用）","v. 伪装，假装；（玩游戏时）假扮，装扮；自诩，自称（pretend to） | adj. 假装的，假想的（尤为儿童使用）","prɪˈtend","prɪˈtend","11:27.40"
"1222","Week 5","222","corps","n. 特种部队；（从事某工作或活动的）一群人","n. 特种部队；（从事某工作或活动的）一群人；（美国）海军陆战队；（由两个或两个以上师组成的）军，兵团","kɔːr","kɔː(r)","11:30.27"
"1223","Week 5","223","intermediate","adj. 居中的，中间的；中等程度的，中级的；n. 中级水平者，中级学生；中间事物；v. 充当调解人，斡旋","adj. 居中的，中间的；中等程度的，中级的 | n. 中级水平者，中级学生；中间事物；（化合物）中间体 | v. 充当调解人，斡旋","ˌɪntərˈmiːdiət","ˌɪntəˈmiːdiət","11:34.35"
"1224","Week 5","224","slap","v. （用手掌）打，拍；拍打，拍击；n. 拍，掌击；掌击声，拍打声；adv. 直接地，猛然；恰好，正好；adj. 精力不足的，效率不高的；（食物）松软的，过于柔软的","v. （用手掌）打，拍；拍打，拍击；（尤指生气地）啪的一声放下，随意扔放；（快速地、随意地或用力地）涂抹（某物）；甩击；侮辱 | n. 拍，掌击；掌击声，拍打声；（厚厚地或随意涂抹的）化妆品；侮辱 | adv. 直接地，猛然； 恰好，正好 | adj. 精力不足的，效率不高的；（食物）松软的，过于柔软的","slæp","slæp","11:37.63"
"1225","Week 5","225","mislead","v. 误导，将……引入歧途","v. 误导，将……引入歧途","ˌmɪsˈliːd","ˌmɪsˈliːd","11:40.94"
"1226","Week 5","226","urgent","adj. 紧急的，急迫的；急切的，催促的","adj. 紧急的，急迫的；急切的，催促的；（尤指某人的行动）执着的，坚定的","ˈɜːrdʒənt","ˈɜːdʒənt","11:43.79"
"1227","Week 5","227","applause","n. 掌声，喝彩","n. 掌声，喝彩","əˈplɔːz","əˈplɔːz","11:46.88"
"1228","Week 5","228","bubble","n. 气泡，泡沫；经济泡沫；v. 冒泡，沸腾；发出冒泡的声音","n. 气泡，泡沫；经济泡沫；（欲表达的）一点感情；气泡框；泡状物；安全的地方（或位置）；泡螺 | v. 冒泡，沸腾；发出冒泡的声音；忙碌，活跃；兴奋，激动；（情绪、感情等）涌动","ˈbʌb(ə)l","ˈbʌb(ə)l","11:49.93"
"1229","Week 5","229","stream","n. 小河，小溪；一连串，源源不断（的事情）；v. （人，东西）流动，涌动；不断地流出（液体），不断地排出（气体）","n. 小河，小溪；一连串，源源不断（的事情）；（烟、气、液体的）流，股；（同龄学生按能力划分的）班，组；音像流；数据流，指令流 | v. （人，东西）流动，涌动；不断地流出（液体），不断地排出（气体）；（光线）照射，照耀；（尤指在风中或水中）飘动，流动；在线收听（或收看）；按能力分班（或分组）","striːm","striːm","11:52.63"
"1230","Week 5","230","merit","n. 优秀品质，价值；优点，长处；v. 值得，应受；应受赏（或罚）","n. 优秀品质，价值；优点，长处；（成绩等级）良好；事实真相，是非曲直；善行，善事 | v. 值得，应受；应受赏（或罚）","ˈmerɪt","ˈmerɪt","11:55.63"
"1231","Week 5","231","orchestra","n. （大型的）管弦乐队；乐池（=orchestra pit）","n. （大型的）管弦乐队；乐池（=orchestra pit）；（剧院中）靠近舞台的座位；古希腊剧场舞台前部半圆形的表演区（供合唱队表演歌舞）","ˈɔːrkɪstrə","ˈɔːkɪstrə","11:58.65"
"1232","Week 5","232","dissolve","v. 解散，解除；消失；n. （电影中）（画面的）叠化，淡入淡出","v. 解散，解除；消失；（以化学手段）除去，分散；（使）溶解 | n. （电影中）（画面的）叠化，淡入淡出","dɪˈzɑːlv","dɪˈzɒlv","12:01.82"
"1233","Week 5","233","oral","adj. 口头的，口述的；口的，口腔的；n. （尤指外语）口试；（大学里的）口试","adj. 口头的，口述的；口的，口腔的；（药物）口服的；（语音）口腔发声的；（社会）没有文字的；（心理分析）口欲的，口唇的 | n. （尤指外语）口试；（大学里的）口试","ˈɔːrəl","ˈɔːrəl","12:04.74"
"1234","Week 5","234","recycle","v. 回收利用，再利用；（将可回收物品）送入回收加工厂；n. 回收利用，循环使用","v. 回收利用，再利用；（将可回收物品）送入回收加工厂；使再循环；再次应用，重新使用（观念、文章等） | n. 回收利用，循环使用","ˌriːˈsaɪk(ə)l","ˌriːˈsaɪkl","12:07.36"
"1235","Week 5","235","underneath","prep. 在……下面，在……底下；在……底面，在……底部；adv. 在……下面，在……底下；在……底面，在……底部；n. 物体的下表面，底面，底部（the underneath）；adj. 下面的，底层的","prep. 在……下面，在……底下；在……底面，在……底部；在……表面之下 | adv. 在……下面，在……底下；在……底面，在……底部；在……表面之下 | n. 物体的下表面，底面，底部（the underneath） | adj. 下面的，底层的","ˌʌndərˈniːθ","ˌʌndəˈniːθ","12:11.22"
"1236","Week 5","236","bunch","n. 束，串，扎；一伙，一群；v. 捆，扎，使集中；收紧，起褶","n. 束，串，扎；一伙，一群；大量；发辫（bunches）；突起 | v. 捆，扎，使集中；收紧，起褶","bʌntʃ","bʌntʃ","12:14.44"
"1237","Week 5","237","bundle","n. 束，捆，包；非常；v. 匆匆打发，乱塞；匆忙赶往","n. 束，捆，包；非常；一套，一系列；大量；婴儿；一大笔钱；软件包 | v. 匆匆打发，乱塞；匆忙赶往；捆绑销售；与某人和衣同睡","ˈbʌnd(ə)l","ˈbʌnd(ə)l","12:17.40"
"1238","Week 5","238","vague","adj. 不明确的，不清楚的；（形状）模糊的","adj. 不明确的，不清楚的；（形状）模糊的；（感情、记忆等）不完整的，不清晰的；含糊其词的，闪烁其词的；茫然的，心不在焉的","veɪɡ","veɪɡ","12:20.65"
"1239","Week 5","239","invade","v. 武力入侵，侵略；大量涌入，蜂拥而入","v. 武力入侵，侵略；大量涌入，蜂拥而入；侵扰，干扰；扩散，渗入","ɪnˈveɪd","ɪnˈveɪd","12:23.59"
"1240","Week 5","240","diagnose","v. 诊断（病症）；找出原因","v. 诊断（病症）；找出原因","ˌdaɪəɡˈnoʊs","ˈdaɪəɡnəʊz","12:26.32"
"1241","Week 5","241","pile","n. 一堆，一叠；一大堆，大量；v. 堆放；堆满","n. 一堆，一叠；一大堆，大量；大笔钱财；（地毯的）绒面；地桩；宏伟建筑物；痔疮；（纹章）（尖头朝下的）楔形普通图记；电池组 | v. 堆放；堆满；聚集；将（女子头发）高高盘起；蜂拥，拥挤；（车）撞（~ into）；夸大（~ something on）；用桩加固（或支撑）","paɪl","paɪl","12:29.55"
"1242","Week 5","242","soak","v. 浸泡；使湿透，浸湿；n. 浸泡，浸透；（长时间的）泡浴，洗澡","v. 浸泡；使湿透，浸湿；（液体）渗入，渗透；（在浴缸里）长时间泡浴；向……敲竹杠（征重税）；吸收，吸入；沉浸在（学习中） | n. 浸泡，浸透；（长时间的）泡浴，洗澡；酒鬼；积水洼地，水洼；大雨","soʊk","səʊk","12:32.36"
"1243","Week 5","243","penetrate","v. 刺入，穿透；打进（某地区或国家的市场）","v. 刺入，穿透；打进（某地区或国家的市场）；渗入，打入（组织、团体等）；洞察，了解；被理解，被领悟；透过……看见，看穿；（以阴茎）插入","ˈpenətreɪt","ˈpenətreɪt","12:35.54"
"1244","Week 5","244","inferior","adj. 次的，较差的；低等的，下级的；n. 下级，（地位或成就）低于他人者；下标字母，下标数字，下标符号","adj. 次的，较差的；低等的，下级的；自卑的；（法庭，特别法庭）下级的；（商品，服务）需求量在衰退期中较之繁荣期更大的，低档的；（位置）下方的，下位的，靠下的；（字母，数字，符号）下标的；低等的 | n. 下级，（地位或成就）低于他人者；下标字母，下标数字，下标符号","ɪnˈfɪriər","ɪnˈfɪəriə(r)","12:38.53"
"1245","Week 5","245","suspicion","n. 不好的预感，猜想；（对某人有罪、不诚实等的）怀疑；v. 怀疑","n. 不好的预感，猜想；（对某人有罪、不诚实等的）怀疑；不信任，猜疑；少量，一点 | v. 怀疑","səˈspɪʃ(ə)n","səˈspɪʃ(ə)n","12:41.76"
"1246","Week 5","246","triumph","n. 巨大成功，重大胜利；（胜利或成功的）喜悦，狂喜；v. 获胜，成功；（因胜利或成功而）欣喜，欢跃","n. 巨大成功，重大胜利；（胜利或成功的）喜悦，狂喜；（成功的）典范，楷模；古罗马凯旋式 | v. 获胜，成功；（因胜利或成功而）欣喜，欢跃；（古罗马将军）凯旋而归","ˈtraɪʌmf","ˈtraɪʌmf","12:45.01"
"1247","Week 5","247","appoint","v. 任命，指派；约定，安排（日期、时间）","v. 任命，指派；约定，安排（日期、时间）；装饰，布置（房间或空间）；命令，颁布法令；受权处置（财产）","əˈpɔɪnt","əˈpɔɪnt","12:48.12"
"1248","Week 5","248","prevail","v. 流行，盛行；（在比赛、竞赛或争辩中）击败，获胜","v. 流行，盛行；（在比赛、竞赛或争辩中）击败，获胜；占优势，占上风；（继续）使用；说服，劝服（prevail on/upon）","prɪˈveɪl","prɪˈveɪl","12:51.27"
"1249","Week 5","249","confirmation","n. 确认，确定；证实，证明","n. 确认，确定；证实，证明；批准，许可；坚信礼，坚振礼","ˌkɑːnfərˈmeɪʃ(ə)n","ˌkɒnfəˈmeɪʃ(ə)n","12:54.15"
"1250","Week 5","250","decorate","v. 装饰，装点；粉刷，装修","v. 装饰，装点；粉刷，装修；授予（某人）勋章","ˈdekəreɪt","ˈdekəreɪt","12:57.29"
"1251","Week 6","1","tedious","adj. 冗长的，单调乏味的","adj. 冗长的，单调乏味的","ˈtiːdiəs","ˈtiːdiəs","00:02.17"
"1252","Week 6","2","freight","n. 货物；货运；v. 运送（货物）；使充满，使负担","n. 货物；货运；运费；货运列车 | v. 运送（货物）；使充满，使负担","freɪt","freɪt","00:04.23"
"1253","Week 6","3","browse","v. 随意翻阅；（动物）吃草；n. 随意的看，浏览；（动物吃的）植物","v. 随意翻阅；（动物）吃草；（在商店里）随便看看；浏览信息 | n. 随意的看，浏览；（动物吃的）植物","braʊz","braʊz","00:07.27"
"1254","Week 6","4","tremble","v. （因害怕、紧张、兴奋等）颤抖，哆嗦；颤动，轻轻摇晃；n. 颤抖，战栗；震颤病 (the trembles)","v. （因害怕、紧张、兴奋等）颤抖，哆嗦；颤动，轻轻摇晃；害怕，紧张；（声音）颤抖 | n. 颤抖，战栗； 震颤病 (the trembles)；乳毒病（同 milk sickness）","ˈtremb(ə)l","ˈtremb(ə)l","00:09.89"
"1255","Week 6","5","senator","n. 参议员，（古罗马的）元老院议员，（大学理事会的）理事；庭长","n. 参议员，（古罗马的）元老院议员，（大学理事会的）理事；庭长","ˈsenətər","ˈsenətə(r)","00:12.84"
"1256","Week 6","6","imitate","v. 模仿，仿效；作滑稽模仿","v. 模仿，仿效；作滑稽模仿；仿造，伪造","ˈɪmɪteɪt","ˈɪmɪteɪt","00:15.81"
"1257","Week 6","7","miracle","n. 奇迹，不可思议的事；杰出例子，精品；adj. （药物或产品）神奇的，不可思议的","n. 奇迹，不可思议的事；杰出例子，精品 | adj. （药物或产品）神奇的，不可思议的","ˈmɪrək(ə)l","ˈmɪrək(ə)l","00:19.08"
"1258","Week 6","8","prime","adj. 主要的，首要的；优质的，第一流的；v. 事先指点，使（某人）做好准备；把（某事物）准备好，使备用；n. 盛年，壮年时期；质数，素数","adj. 主要的，首要的；优质的，第一流的；最可能的，最适合的；最理想的，最典型的；最初的，原始的；素（或质）数的（如2，3，5，7，11）；互为素或质数的 | v. 事先指点，使（某人）做好准备；把（某事物）准备好，使备用；给（表面）涂上底色 | n. 盛年，壮年时期；质数，素数；上标符号（'），（数字后）分钟（或英尺）符号；（八个防御姿势的）第一姿势；（自行车比赛中设特别奖的）特设行程；起始，原初；晨经，晨祷（传统上于白天中的第一个小时即早晨六点所做的祈祷，现罕用）","praɪm","praɪm","00:22.09"
"1259","Week 6","9","influential","adj. 有影响力的，有势力的；n. 有影响力的人","adj. 有影响力的，有势力的 | n. 有影响力的人","ˌɪnfluˈenʃ(ə)l","ˌɪnfluˈenʃ(ə)l","00:25.09"
"1260","Week 6","10","endure","v. 持续存在，持久；忍受，忍耐","v. 持续存在，持久；忍受，忍耐","ɪnˈdʊr","ɪnˈdjʊə(r)","00:28.67"
"1261","Week 6","11","grief","n. （尤指因某人去世引起的）悲伤，悲痛；伤心事，悲痛事","n. （尤指因某人去世引起的）悲伤，悲痛；伤心事，悲痛事；麻烦，烦恼","ɡriːf","ɡriːf","00:31.75"
"1262","Week 6","12","horror","n. 震惊，恐惧；惧怕，憎恶","n. 震惊，恐惧；惧怕，憎恶；恐怖性；极其不愉快的（或可怕的）经历；恐怖故事（或电影等）；调皮捣蛋的孩子","ˈhɔːrər","ˈhɒrə(r)","00:34.65"
"1263","Week 6","13","stem","n. （植物、灌木的）茎，干；（高脚酒杯的）柄脚；v. 阻止，遏制；止住（液体的流动）；abbr. （STEM）理工科的统称（science, technology, engineering, and mathematics）","n. （植物、灌木的）茎，干；（高脚酒杯的）柄脚；（语法中的）词干；烟斗柄；主干；船头，艏柱；（机械装置的）阀杆，导杆，棒；血统；（手表的）发条转柄；（文字的）干线，（音符的）符干；鸦片烟枪 | v. 阻止，遏制；止住（液体的流动）；起源于；去梗，去柄；（船）逆流而行；（滑雪）向外转动（滑雪屐）以便转弯（或减速）；给……装柄 | abbr. （STEM）理工科的统称（science, technology, engineering, and mathematics）","stem","stem","00:37.64"
"1264","Week 6","14","hydrogen","n. 氢，氢气","n. 氢，氢气","ˈhaɪdrədʒən","ˈhaɪdrədʒən","00:40.38"
"1265","Week 6","15","collective","adj. 集体的，共同的；总的，集合的；n. 集体农庄，集体企业；集合名词","adj. 集体的，共同的；总的，集合的 | n. 集体农庄，集体企业；集合名词","kəˈlektɪv","kəˈlektɪv","00:43.30"
"1266","Week 6","16","sin","n. （违背宗教或道德的）罪，罪恶；过错，过失；v. 犯戒律，犯过失；亵渎，冒犯（上帝，人，原则）（sin against）；abbr. 正弦（sine 的缩写）","n. （违背宗教或道德的）罪，罪恶；过错，过失 | v. 犯戒律，犯过失；亵渎，冒犯（上帝，人，原则）（sin against） | abbr. 正弦（sine 的缩写）","sɪn","sɪn","00:46.46"
"1267","Week 6","17","swift","adj. 迅速的，立刻的；快速移动的，速度非常快的；n. 雨燕；蝙蝠蛾；adv. （在组合形式以外为诗歌或文学用于）迅速","adj. 迅速的，立刻的；快速移动的，速度非常快的；机灵的，聪明的 | n. 雨燕；蝙蝠蛾；绷架 | adv. （在组合形式以外为诗歌或文学用于）迅速","swɪft","swɪft","00:49.40"
"1268","Week 6","18","stake","n. 股本，股份；桩，标桩，篱笆桩；v. 拿…...冒险，以…...打赌；用桩支撑","n. 股本，股份；桩，标桩，篱笆桩；赌注；赛马奖金（stakes）；比赛，竞赛（stakes）；利害关系；火刑柱；（制作篮子的）纵向基杆，经条；（铁匠用的）小铁砧；摩门主教管辖区 | v. 拿…...冒险，以…...打赌；用桩支撑；资助，帮助","steɪk","steɪk","00:52.44"
"1269","Week 6","19","portable","adj. 便携式的，轻便的；可移植的，可在不同计算机上使用的；n. 手提式电器；活动教室","adj. 便携式的，轻便的；可移植的，可在不同计算机上使用的；（变更工作或情景时）可转移的，可随带的 | n. 手提式电器；活动教室","ˈpɔːrtəb(ə)l","ˈpɔːtəb(ə)l","00:55.21"
"1270","Week 6","20","profile","n. （人头部的）侧面（像），侧影；（某物的）外形，轮廓；v. 概述，扼要介绍；给……画侧面像，显出……侧面轮廓","n. （人头部的）侧面（像），侧影；（某物的）外形，轮廓；（人、团体或组织的）简介，概况；（人或组织的）形象，姿态；纵断面，剖面；（地球表面纵断面的）轮廓（如河流走向）；（舞台的）平面布景；（以数量形式记录事物特点的）曲线图，数据图表；（记载个人心理或行为特点、喜好等的）档案 | v. 概述，扼要介绍；给……画侧面像，显出……侧面轮廓；显出……的轮廓（be profiled）；（尤指用模板）铣出轮廓，使……成形","ˈproʊfaɪl","ˈprəʊfaɪl","00:58.00"
"1271","Week 6","21","symbolic","adj. 用作象征的，被认为是象征的；有象征意义的","adj. 用作象征的，被认为是象征的；有象征意义的；（行为举动）象征性的，没有甚么实际影响的；符号的，使用象征的","sɪmˈbɑːlɪk","sɪmˈbɒlɪk","01:01.07"
"1272","Week 6","22","subsequent","adj. 随后的，接着的；（河，谷）后成的","adj. 随后的，接着的；（河，谷）后成的","ˈsʌbsɪkwənt","ˈsʌbsɪkwənt","01:04.57"
"1273","Week 6","23","frontier","n. 边境，国界；(常sing.) 西部边疆，边远地区；adj. 边境的，边疆的","n. 边境，国界；(常sing.) 西部边疆，边远地区；（尤指知识的）前沿，新领域；西部边疆，边远地区 | adj. 边境的，边疆的","frʌnˈtɪr","ˈfrʌntɪə(r)","01:07.83"
"1274","Week 6","24","publicity","n. （媒体的）关注，报道；宣传， 推广","n. （媒体的）关注，报道；宣传， 推广；宣传业，广告行业；宣传品，广告；引起公众关注的事物","pʌbˈlɪsəti","pʌbˈlɪsəti","01:10.31"
"1275","Week 6","25","loosen","v. （使）变松，（使）松开；放宽（限制、法律等）","v. （使）变松，（使）松开；放宽（限制、法律等）；使（关系）弱化，疏远；使（肠道）在排泄前畅通","ˈluːs(ə)n","ˈluːs(ə)n","01:12.89"
"1276","Week 6","26","deputy","n. 代理人，副手，副职；代表，议员；adj. 副的；代理的","n. 代理人，副手，副职；代表，议员；（美国协助地方治安官办案的）警官 | adj. 副的；代理的","ˈdepjuti","ˈdepjuti","01:15.87"
"1277","Week 6","27","tissue","n. 纸巾，面巾纸；（动物或植物的细胞）组织；v. 用化妆纸揩去；饰以薄纱","n. 纸巾，面巾纸；（动物或植物的细胞）组织；（用于包装易碎物品的）薄纸，绵纸；薄纱，薄织物；（罗织编造的）一套，一系列 | v. 用化妆纸揩去；饰以薄纱","ˈtɪʃuː","ˈtɪʃuː","01:19.09"
"1278","Week 6","28","agreeable","adj. 愉悦的，讨人喜欢的；欣然同意的","adj. 愉悦的，讨人喜欢的；欣然同意的；可接受的","əˈɡriːəb(ə)l","əˈɡriːəb(ə)l","01:21.97"
"1279","Week 6","29","cabinet","n. 内阁；储藏柜，陈列柜；adj. 内阁的","n. 内阁；储藏柜，陈列柜；私人小房间，密室；机箱，机壳 | adj. 内阁的","ˈkæbɪnət","ˈkæbɪnət","01:25.40"
"1280","Week 6","30","segment","n. 部分，片段；（市场）细分的部分；v. 分割，划分；（细胞）分裂","n. 部分，片段；（市场）细分的部分；（水果或花自然形成的）瓣，（昆虫的）节； 球缺，弓形；（直线或弧线上两点间的）段；（特定广播或电视节目的）时间段；某一时段单独播放的节目；音段 | v. 分割，划分；（细胞）分裂","ˈseɡmənt","ˈseɡmənt","01:28.21"
"1281","Week 6","31","hay","n. （用作饲料的）干草；少量的钱；v. 割草晒干","n. （用作饲料的）干草； 少量的钱 | v. 割草晒干","heɪ","heɪ","01:31.60"
"1282","Week 6","32","vigorous","adj. 精力充沛的，充满活力的；强壮的，强健的","adj. 精力充沛的，充满活力的；强壮的，强健的","ˈvɪɡərəs","ˈvɪɡərəs","01:34.08"
"1283","Week 6","33","hesitate","v. 犹豫，不愿意","v. 犹豫，不愿意","ˈhezɪteɪt","ˈhezɪteɪt","01:37.15"
"1284","Week 6","34","variation","n. 变化，变动；变奏曲","n. 变化，变动；变奏曲；变化，变异；（天文）二均差；（数）变分，变差；磁偏角；（芭蕾）单人舞","ˌveriˈeɪʃ(ə)n","ˌveəriˈeɪʃ(ə)n","01:40.43"
"1285","Week 6","35","conquer","v. 占领，攻克，征服；击败，战胜","v. 占领，攻克，征服；击败，战胜；克服（恐惧），解决（问题）；成功攀登；在……很受欢迎，在……取得成功","ˈkɑːŋkər","ˈkɒŋkə(r)","01:43.55"
"1286","Week 6","36","isolate","v. 孤立，分离；隔离；n. 被隔离的人（或物）；（用于研究的）分离菌，隔离群；adj. 孤独的，孤立的","v. 孤立，分离；隔离；单独考虑，区别看待；使（某物质、细胞等）分离 | n. 被隔离的人（或物）；（用于研究的）分离菌，隔离群 | adj. 孤独的，孤立的","ˈaɪsəleɪt","ˈaɪsəleɪt","01:46.58"
"1287","Week 6","37","mode","n. 方式，做法；（机器、设备的）运行方式，状态","n. 方式，做法；（机器、设备的）运行方式，状态；（衣着、艺术等的）形式，风格；（思想、情感或行为的）状态，状况；（音乐的）调式；众数（一组数字中出现次数最多的数）；（逻）（模态命题的）式，形式；（物理）模（式），波型；（模态命题的）式，形式","moʊd","məʊd","01:49.63"
"1288","Week 6","38","shadow","n. 阴影，影子；暗处，阴影处（=shadows）；v. 被……阴影笼罩，投阴影于；暗地跟踪；adj. 影子内阁的","n. 阴影，影子；暗处，阴影处（=shadows）；黑眼圈；坏影响；茫然，悲伤；一点点，丝毫；大不如从前的人（或事物）；虚幻的事物，不可能得到的东西；形影不离的人（或动物）；暗地跟踪者，尾随者；（跟随别人学习的）实习生；眼影（eyeshadow 的简称）；庇护；幽灵 | v. 被……阴影笼罩，投阴影于；暗地跟踪；跟随……实地学习（或参观）；（反对党成员）担任影子内阁大臣 | adj. 影子内阁的","ˈʃædoʊ","ˈʃædəʊ","01:52.73"
"1289","Week 6","39","integrate","v. （使）合并，成为一体；（使）加入，融入群体；adj. 整合的","v. （使）合并，成为一体；（使）加入，融入群体；（使）取消种族隔离；求……的积分；表示（面积、温度等）的总和，表示……的平均值 | adj. 整合的","ˈɪntɪɡreɪt","ˈɪntɪɡreɪt","01:55.78"
"1290","Week 6","40","riot","n. 暴乱，骚乱；纷呈，丰富多彩；v. （人群）发生骚乱，聚众闹事；放纵，恣意","n. 暴乱，骚乱；纷呈，丰富多彩；非常有趣的人（或事物）；纵情欢闹，狂欢；骚动；（感情的）爆发，宣泄 | v. （人群）发生骚乱，聚众闹事；放纵，恣意；浪费，挥霍","ˈraɪət","ˈraɪət","01:59.05"
"1291","Week 6","41","assemble","v. （使）集合，（使）聚集；装配，组装","v. （使）集合，（使）聚集；装配，组装","əˈsemb(ə)l","əˈsemb(ə)l","02:01.90"
"1292","Week 6","42","assembly","n. 议会，代表大会；集会，集会者","n. 议会，代表大会；集会，集会者；装配，组装；（计算机）汇编","əˈsembli","əˈsembli","02:04.85"
"1293","Week 6","43","refusal","n. 拒绝，回绝；拒绝接受，拒绝给予","n. 拒绝，回绝；拒绝接受，拒绝给予；优先取舍权，优先购买权（first refusal）；选择权；（马）（对障碍物的）拒跳","rɪˈfjuːz(ə)l","rɪˈfjuːz(ə)l","02:07.88"
"1294","Week 6","44","agenda","n. 待议事项，议事日程；（政治）议题","n. 待议事项，议事日程；（政治）议题；秘密计划，秘密目标","əˈdʒendə","əˈdʒendə","02:11.18"
"1295","Week 6","45","trace","v. 查出，发现，追踪；追溯，追究；n. 痕迹，遗迹，踪迹；微量，少许","v. 查出，发现，追踪；追溯，追究；描绘（事物的过程或发展），记述；（尤指用手指、脚趾）画（图，线）；勾画……的轮廓，勾勒；（用透明纸覆盖在地图、绘画等上）复制，描摹；（手指、嘴唇等）沿着……移动 | n. 痕迹，遗迹，踪迹；微量，少许；描记图，扫描线；挽绳，缰绳；跟踪，追查；（大脑上的学习或记忆）痕迹，印迹；小径，小道；交线，迹线；（数）迹","treɪs","treɪs","02:14.13"
"1296","Week 6","46","duration","n. 持续，持续时间","n. 持续，持续时间","duˈreɪʃn","djuˈreɪʃn","02:17.11"
"1297","Week 6","47","paperwork","n. 文书工作，日常文书事务；书面材料，所需文件","n. 文书工作，日常文书事务；书面材料，所需文件","ˈpeɪpərwɜːrk","ˈpeɪpəwɜːk","02:20.10"
"1298","Week 6","48","handy","adj. 有用的，方便的，便于使用的；手巧的，有手艺的","adj. 有用的，方便的，便于使用的；手巧的，有手艺的；手边的，附近的","ˈhændi","ˈhændi","02:23.40"
"1299","Week 6","49","nuclear","adj. 核子的，原子核的；核武器的","adj. 核子的，原子核的；核武器的；原子能的，核能的；核心的，中心的；细胞核的，构成细胞核的","ˈnuːkliər","ˈnjuːkliə(r)","02:26.22"
"1300","Week 6","50","humankind","n. 人类（总称）","n. 人类（总称）","ˌhjuːmənˈkaɪnd","ˌhjuːmənˈkaɪnd","02:29.37"
"1301","Week 6","51","cautious","adj. 小心的，谨慎的","adj. 小心的，谨慎的","ˈkɔːʃəs","ˈkɔːʃəs","02:33.15"
"1302","Week 6","52","dwarf","n. （神话中有魔法的）小矮人；侏儒，矮子；v. 使显得矮小，使相形见绌；adj. 矮小的，矮种的","n. （神话中有魔法的）小矮人；侏儒，矮子；矮星 | v. 使显得矮小，使相形见绌 | adj. 矮小的，矮种的","dwɔːrf","dwɔːf","02:35.91"
"1303","Week 6","53","laundry","n. 待洗（或正在洗涤、洗完）的衣物；洗衣房，洗衣店","n. 待洗（或正在洗涤、洗完）的衣物；洗衣房，洗衣店；洗衣物，洗衣物的活","ˈlɔːndri","ˈlɔːndri","02:38.94"
"1304","Week 6","54","helicopter","n. 直升机；v. 用直升机运送；乘直升机飞至（某地）","n. 直升机 | v. 用直升机运送；乘直升机飞至（某地）","ˈhelɪkɑːptər","ˈhelɪkɒptə(r)","02:41.80"
"1305","Week 6","55","gum","n. 牙龈，牙床；口香糖；v. 用黏胶粘；（因没有牙齿）用牙龈咀嚼","n. 牙龈，牙床；口香糖；树胶；黏胶；透明果味糖；桉树，树胶树；眼屎 | v. 用黏胶粘；（因没有牙齿）用牙龈咀嚼","ɡʌm","ɡʌm","02:44.80"
"1306","Week 6","56","indirect","adj. 间接的，非直接的；间接进行的，通过媒介（或中间人）进行的","adj. 间接的，非直接的；间接进行的，通过媒介（或中间人）进行的；（成本）间接的；（税赋）按商品（或服务）征收的，间接征收的；（路线）曲折的，迂回的；（照明）间接的，漫射（或反射）过来的；（说话）间接的，不直截了当的；（英足）间接任意球的；间接引语的","ˌɪndəˈrekt","ˌɪndəˈrekt","02:47.67"
"1307","Week 6","57","artificial","adj. 人造的，人工的；人为的","adj. 人造的，人工的；人为的；不真挚的，矫揉造作的","ˌɑːrtɪˈfɪʃ(ə)l","ˌɑːtɪˈfɪʃ(ə)l","02:50.98"
"1308","Week 6","58","knot","n. （用绳索等打的）结，绞成乱团的头发（线等）；节子，节疤；v. 打结，（使）缠结；（因害怕、激动等而）痉挛，紧缩","n. （用绳索等打的）结，绞成乱团的头发（线等）；节子，节疤；（身体某部位的）痉挛，难受；节（速度计量单位，每小时一海里）；发髻；一小群人；（肌肉上的）硬结，隆起物；饰带；测速绳节 | v. 打结，（使）缠结；（因害怕、激动等而）痉挛，紧缩；打发髻；使比分持平","nɑːt","nɒt","02:54.01"
"1309","Week 6","59","sway","v. 摇摆，摇晃，摆动；影响（某人），使改变看法；n. 统治，势力，支配，控制，影响；摇摆，摆动","v. 摇摆，摇晃，摆动；影响（某人），使改变看法； 统治，管理；（使）摇摆，摇动 | n. 统治，势力，支配，控制，影响；摇摆，摆动；统治，影响","sweɪ","sweɪ","02:57.21"
"1310","Week 6","60","resist","v. 阻挡，抵制；抵抗，回击；n. 保护涂层（防染色、着釉等），防染材料","v. 阻挡，抵制；抵抗，回击；耐得住，抵挡；使不受……的伤害，抗（伤害） | n. 保护涂层（防染色、着釉等），防染材料","rɪˈzɪst","rɪˈzɪst","02:59.96"
"1311","Week 6","61","resistant","adj. 抵制的，反抗的；有抵抗力的，不受……损害的；n. 抵抗者","adj. 抵制的，反抗的；有抵抗力的，不受……损害的 | n. 抵抗者","rɪˈzɪstənt","rɪˈzɪstənt","03:03.16"
"1312","Week 6","62","bonus","n. 奖金，津贴，红利；意外收获，额外好处","n. 奖金，津贴，红利；意外收获，额外好处","ˈboʊnəs","ˈbəʊnəs","03:06.17"
"1313","Week 6","63","curb","v. 控制，抑制；勒住（马）；n. 控制，抑制；路缘，马路牙子","v. 控制，抑制；勒住（马） | n. 控制，抑制；路缘，马路牙子；（马的跗关节后部因扭伤韧带引起的）硬瘤","kɜːrb","kɜːb","03:09.31"
"1314","Week 6","64","acceptance","n. 接受；赞同，认可","n. 接受；赞同，认可；容忍；接纳；相信，承认","əkˈseptəns","əkˈseptəns","03:12.09"
"1315","Week 6","65","script","n. 剧本，讲稿；笔迹，手写体；v. 写剧本，写讲稿；事先准备，计划","n. 剧本，讲稿；笔迹，手写体；连写体，草体；字体；（一种语言的）字母系统，字母表；（考生的）笔试答卷； 脚本（程序）（计算机的一系列指令）；（医生的）处方；期待，计划 | v. 写剧本，写讲稿；事先准备，计划","skrɪpt","skrɪpt","03:15.21"
"1316","Week 6","66","petroleum","n. 石油，原油","n. 石油，原油","pəˈtroʊliəm","pəˈtrəʊliəm","03:18.57"
"1317","Week 6","67","repeatedly","adv. 重复地，再三地","adv. 重复地，再三地","rɪˈpiːtɪdli","rɪˈpiːtɪdli","03:21.62"
"1318","Week 6","68","printing","n. 印刷（术）；（书的）一次印刷；v. 打印，印刷；（在报纸、杂志上）刊印，刊登","n. 印刷（术）；（书的）一次印刷；印刷字体 | v. 打印，印刷；（在报纸、杂志上）刊印，刊登；洗印，冲洗（照片）（print 的现在分词形式）","ˈprɪntɪŋ","ˈprɪntɪŋ","03:24.93"
"1319","Week 6","69","rod","n. 棒，杆；钓竿，鱼竿","n. 棒，杆；钓竿，鱼竿；钓鱼者；权力，权杖；枝条，柳条；（责打人用的）棍棒；杖责，惩罚（the rod）；（左轮）手枪；视网膜杆","rɑːd","rɒd","03:27.83"
"1320","Week 6","70","multiply","v. 大大增加，倍增；乘，乘以；adv. 多样地，多方面地；adj. 多层的（multi-ply）","v. 大大增加，倍增；乘，乘以；繁殖，滋生 | adv. 多样地，多方面地 | adj. 多层的（multi-ply）","ˈmʌltɪplaɪ","ˈmʌltɪplaɪ","03:30.74"
"1321","Week 6","71","architect","n. 建筑师；设计师，缔造者","n. 建筑师；设计师，缔造者","ˈɑːrkɪtekt","ˈɑːkɪtekt","03:34.05"
"1322","Week 6","72","contestant","n. 参赛者，竞争者；争辩者","n. 参赛者，竞争者；争辩者","kənˈtestənt","kənˈtestənt","03:37.53"
"1323","Week 6","73","assert","v. 坚称，断言；维护，坚持（权利或权威）","v. 坚称，断言；维护，坚持（权利或权威）；坚持自己的主张，表现坚定；生效，起作用","əˈsɜːrt","əˈsɜːt","03:40.48"
"1324","Week 6","74","weird","adj. 奇怪的，不寻常的；怪异的，超自然的；n. 命运；预言者；v. 使心生疑惑，使感到疏远","adj. 奇怪的，不寻常的；怪异的，超自然的 | n. 命运；预言者 | v. 使心生疑惑，使感到疏远","wɪrd","wɪəd","03:43.34"
"1325","Week 6","75","profound","adj. （影响）深刻的，极大的；（感情）强烈的，深切的","adj. （影响）深刻的，极大的；（感情）强烈的，深切的；（思想）深邃的，（见解）深刻的；深的，深处的；完全的；艰深的，玄奥的；（疾病，残疾）严重的","prəˈfaʊnd","prəˈfaʊnd","03:45.99"
"1326","Week 6","76","bump","v. （使身体部位等）碰上，撞上；（无意地）碰，撞；n. 肿块；隆起，凸块","v. （使身体部位等）碰上，撞上；（无意地）碰，撞；颠簸行进；拖拽；挤出，挤掉；改变（广播或电视节目的时间） | n. 肿块；隆起，凸块；碰撞，撞击；轻微撞车事故；屁股向前扭动的性感动作；增加；绒布","bʌmp","bʌmp","03:49.03"
"1327","Week 6","77","religion","n. 宗教信仰；宗教，教派","n. 宗教信仰；宗教，教派；痴迷的活动，极爱好的活动","rɪˈlɪdʒən","rɪˈlɪdʒən","03:52.20"
"1328","Week 6","78","cruelty","n. 残酷，残忍；不公，虐待","n. 残酷，残忍；不公，虐待","ˈkruːəlti","ˈkruːəlti","03:54.95"
"1329","Week 6","79","bloom","n. 花，花朵；花期；v. 开花，绽放；繁荣，兴旺","n. 花，花朵；花期；青春焕发，风华正茂；（肤色的）红润；（一些水果和植物的）粉衣，粉霜；（尤指音乐录音中）饱满响亮的声音；方坯 | v. 开花，绽放；繁荣，兴旺；精神焕发；给（透镜）敷膜；把（铸块）铸成方坯","bluːm","bluːm","03:58.09"
"1330","Week 6","80","format","n. 总体安排，计划，设计；（书或杂志的）开本，版式；v. 为……编排格式；格式化","n. 总体安排，计划，设计；（书或杂志的）开本，版式；（录像、激光唱片、磁带等的）格式 | v. 为……编排格式；格式化","ˈfɔːrmæt","ˈfɔːmæt","04:00.85"
"1331","Week 6","81","glance","v. 一瞥，看一眼；浏览；n. 一瞥，很快的一看；（光的）闪烁，闪耀","v. 一瞥，看一眼；浏览；击中.......后弹开，擦过；反光， 闪烁；（球类运动用语）轻擦，轻抹（球，以调整其方向）；斜击（球）；提到，影射 | n. 一瞥，很快的一看；（光的）闪烁，闪耀；（板球）斜击；（铅、铜或其他金属的）辉矿类，硫化矿类；（光的）闪烁，闪耀","ɡlæns","ɡlɑːns","04:04.24"
"1332","Week 6","82","capital","n. 资本，资金；资本家，资方；adj. 可处死刑的；大写的","n. 资本，资金；资本家，资方；首都，首府，省会；活动（或生产）中心；大写字母；柱顶，柱头 | adj. 可处死刑的；大写的；首府的，省会的；顶好的，极好的","ˈkæpɪt(ə)l","ˈkæpɪt(ə)l","04:07.20"
"1333","Week 6","83","manufacturer","n. 生产商，制造商","n. 生产商，制造商","ˌmænjuˈfæktʃərər","ˌmænjuˈfæktʃərə(r)","04:10.09"
"1334","Week 6","84","extensive","adj. 广阔的；广泛的","adj. 广阔的；广泛的；巨大的，大量的；（农业）粗放（经营）的","ɪkˈstensɪv","ɪkˈstensɪv","04:13.54"
"1335","Week 6","85","frighten","v. 使惊吓，使惊恐","v. 使惊吓，使惊恐","ˈfraɪt(ə)n","ˈfraɪt(ə)n","04:16.78"
"1336","Week 6","86","contrary","adj. 相反的，相对的；乖戾的，好与人作对的；n. 相反的事实（或事情、情况）；对立命题，反对命题；adv. 相反地","adj. 相反的，相对的；乖戾的，好与人作对的；逆向的，逆行的 | n. 相反的事实（或事情、情况）；对立命题，反对命题 | adv. 相反地","ˈkɑːntreri","ˈkɒntrəri","04:19.62"
"1337","Week 6","87","definition","n. 定义，释义；榜样，典范","n. 定义，释义；榜样，典范；清晰，清晰度，鲜明度","ˌdefɪˈnɪʃn","ˌdefɪˈnɪʃ(ə)n","04:22.69"
"1338","Week 6","88","angle1","n. 角；倾斜，斜角；v. 斜移，斜置；向（特定人群）提供资讯，定位于","n. 角；倾斜，斜角；角度；视角，立场；不可告人的动机；诡计，狡猾的手段；角铁，角钢；鱼钩 | v. 斜移，斜置；向（特定人群）提供资讯，定位于；博取，谋取；垂钓，钓鱼；（使）朝向，（使）转向","ˈæŋɡ(ə)l","ˈæŋɡ(ə)l","04:25.80"
"1339","Week 6","89","angle2","n. 角；倾斜，斜角；v. 斜移，斜置；向（特定人群）提供资讯，定位于","n. 角；倾斜，斜角；角度；视角，立场；不可告人的动机；诡计，狡猾的手段；角铁，角钢；鱼钩 | v. 斜移，斜置；向（特定人群）提供资讯，定位于；博取，谋取；垂钓，钓鱼；（使）朝向，（使）转向","ˈæŋɡ(ə)l","ˈæŋɡ(ə)l","04:28.49"
"1340","Week 6","90","ankle","n. 脚踝，踝关节；v. 走；离开","n. 脚踝，踝关节 | v. 走；离开；（骑自行车时）踝关节曲起用力","ˈæŋk(ə)l","ˈæŋk(ə)l","04:31.45"
"1341","Week 6","91","considering","prep. 考虑到，鉴于；conj. 考虑到，鉴于；adv. 从各方面考虑，通盘考虑；v. 考虑，斟酌；认为，视为","prep. 考虑到，鉴于 | conj. 考虑到，鉴于 | adv. 从各方面考虑，通盘考虑 | v. 考虑，斟酌；认为，视为；体贴，顾及（consider 的现在分词形式）","kənˈsɪdərɪŋ","kənˈsɪdərɪŋ","04:34.41"
"1342","Week 6","92","ridge","n. 山脊，山脉；屋脊；v. 使隆起，使形成脊状；（表面）成脊状，起皱","n. 山脊，山脉；屋脊；隆起部分，脊状突起；（大气层的）高压脊，高压带 | v. 使隆起，使形成脊状；（表面）成脊状，起皱","rɪdʒ","rɪdʒ","04:37.61"
"1343","Week 6","93","spectacular","adj. 壮观的，令人惊叹的；惊人的，突如其来的；n. 壮观场面，盛大演出","adj. 壮观的，令人惊叹的；惊人的，突如其来的 | n. 壮观场面，盛大演出","spekˈtækjələr","spekˈtækjələ(r)","04:40.43"
"1344","Week 6","94","breeze","n. 微风，和风；轻而易举的事；v. 轻盈而自信地走；轻松过关，轻易通过","n. 微风，和风；轻而易举的事；煤屑，焦炭渣；骚动，争吵 | v. 轻盈而自信地走；轻松过关，轻易通过；吹微风","briːz","briːz","04:44.07"
"1345","Week 6","95","shelter","n. 居所，住处；（尤指用以躲避风雨或攻击的）遮蔽物，庇护处；v. 提供庇护，提供保护；躲避，避难","n. 居所，住处；（尤指用以躲避风雨或攻击的）遮蔽物，庇护处；遮蔽，庇护；（人或动物）收容所 | v. 提供庇护，提供保护；躲避，避难；使（某人）免遭（困难，讨厌的事）；使免交税","ˈʃeltər","ˈʃeltə(r)","04:46.85"
"1346","Week 6","96","limb","n. 肢；大树枝；v. 切断……的手足；从……上截下树枝","n. 肢；大树枝；（某物的）突出部，延伸部分；十字形四个分支中的一个；弓把的上部（或下部）；（日月等天体的）边缘；冠檐，萼檐；（管状花的）瓣片；（四分仪等科学仪器上测量角度的）分度弧 | v. 切断……的手足；从……上截下树枝","lɪm","lɪm","04:49.76"
"1347","Week 6","97","sharpen","v. （使）变锋利（尖锐，清晰）；（使）改善，提高","v. （使）变锋利（尖锐，清晰）；（使）改善，提高；（使）加剧","ˈʃɑːrpən","ˈʃɑːpən","04:52.41"
"1348","Week 6","98","infection","n. 传染病；感染","n. 传染病；感染；玷污，污染","ɪnˈfekʃ(ə)n","ɪnˈfekʃ(ə)n","04:55.49"
"1349","Week 6","99","simplicity","n. 简单（性)，容易（性）；简朴，朴素","n. 简单（性)，容易（性）；简朴，朴素；简单（或质朴、朴素）之处；愚蠢，无知","sɪmˈplɪsəti","sɪmˈplɪsəti","04:58.78"
"1350","Week 6","100","mutual","adj. 相互的，彼此的；共同的，共有的；n. 互助公司","adj. 相互的，彼此的；共同的，共有的；（保险公司、建筑协会等）互助的 | n. 互助公司","ˈmjuːtʃuəl","ˈmjuːtʃuəl","05:02.29"
"1351","Week 6","101","nuisance","n. 麻烦事，讨厌的人（或事物、情况）；损害，妨害","n. 麻烦事，讨厌的人（或事物、情况）；损害，妨害；骚扰行为，妨害行为","ˈnuːs(ə)ns","ˈnjuːsns","05:05.25"
"1352","Week 6","102","whip","n. 鞭子，皮鞭；党鞭，政党纪律委员；v. 鞭打，抽；快速移开，快速拿走","n. 鞭子，皮鞭；党鞭，政党纪律委员；（用鸡蛋、鲜奶油与水果混合制成的）甜品；书面通知；鞭打，抽打；鞭策物，刺激物；鞭状枝，鞭状植物；（用于割某些庄稼的）长柄大镰刀，钐刀；党员资格（the whip）；定单绞辘；车；（专管把离群猎狗赶回狗群的）猎人副手 | v. 鞭打，抽；快速移开，快速拿走；快速移动（某物）；搅打（奶油或蛋清使成糊状）；偷盗，盗取；（在外力作用下）猛然移动；（柔韧性的物体、雨、风等）拍打，猛打；（故意）激起（情绪）；彻底击败；急投，急传；将细绳缠绕于（某物），用细绳缠绕加固","wɪp","wɪp","05:08.92"
"1353","Week 6","103","risky","adj. 有危险的，有风险的；有伤风化的，近乎淫秽的","adj. 有危险的，有风险的；有伤风化的，近乎淫秽的","ˈrɪski","ˈrɪski","05:11.99"
"1354","Week 6","104","upright","adj. （人）直立的，挺直的；直立的，垂直的，立式的；adv. 笔直地，直立地，垂直地；平稳地；n. （起支撑作用的）直柱，立柱，直立部分；球门柱","adj. （人）直立的，挺直的；直立的，垂直的，立式的；正直的，诚实的；（椅子）直靠背的，没有扶手的 | adv. 笔直地，直立地，垂直地；平稳地 | n. （起支撑作用的）直柱，立柱，直立部分；球门柱；立式钢琴","ˈʌpraɪt","ˈʌpraɪt","05:14.58"
"1355","Week 6","105","ambition","n. 追求的目标，抱负；雄心，野心；v. 追求，有……野心","n. 追求的目标，抱负；雄心，野心；干劲 | v. 追求，有……野心","æmˈbɪʃ(ə)n","æmˈbɪʃ(ə)n","05:17.80"
"1356","Week 6","106","eternal","adj. 永恒的，永存的；似乎无休无止的，没完没了的","adj. 永恒的，永存的；似乎无休无止的，没完没了的","ɪˈtɜːrn(ə)l","ɪˈtɜːn(ə)l","05:20.71"
"1357","Week 6","107","pave","v. 用石板（或砖）铺（路）；为……铺平道路，创造条件（pave the way for sth./sb.）","v. 用石板（或砖）铺（路）；为……铺平道路，创造条件（pave the way for sth./sb.）","peɪv","peɪv","05:23.73"
"1358","Week 6","108","speculate","v. 猜测，推测；投机","v. 猜测，推测；投机","ˈspekjuleɪt","ˈspekjuleɪt","05:26.80"
"1359","Week 6","109","thread","n. 线；细线，线状物；v. 穿线于，使穿过；将（珠子等）穿起来","n. 线；细线，线状物；思路，贯穿的主线；（互联网留言板上的）同主题帖子，系列相关帖子；少量，较低水平；螺纹； 衣服；（计算机）线程，调度单位 | v. 穿线于，使穿过；将（珠子等）穿起来；装好（胶卷或录音带）；穿行，曲折穿过；使夹杂（线状物）；用手指梳理（尤指头发）；刻螺纹于（孔、螺丝等）","θred","θred","05:30.16"
"1360","Week 6","110","anniversary","n. 周年纪念（日）","n. 周年纪念（日）","ˌænəˈvɜːrsəri; ˌænɪˈvɜːrsəri","ˌænɪˈvɜːsəri","05:33.10"
"1361","Week 6","111","virtue","n. 高尚的道德，德行；美德，优秀品质","n. 高尚的道德，德行；美德，优秀品质；优点，长处；（尤指妇女的）贞操；功效；（传统基督教天使学）道德天使（天国九级制度的第七级）（virtues）","ˈvɜːrtʃuː","ˈvɜːtʃuː","05:36.34"
"1362","Week 6","112","scarce","adj. 缺乏的，不足的；稀有的，少见的；adv. 几乎不","adj. 缺乏的，不足的；稀有的，少见的；故意缺席的 | adv. 几乎不","skers","skeəs","05:38.99"
"1363","Week 6","113","alongside","prep. 在……旁边；沿着……的边；adv. 在旁边","prep. 在……旁边；沿着……的边；与……一起，与……并肩（工作）；与……相比；与……同等重要的；同时，共存 | adv. 在旁边","əˌlɔːŋˈsaɪd","əˌlɒŋˈsaɪd","05:41.99"
"1364","Week 6","114","illusion","n. 错觉，幻觉；幻想，错误的观念","n. 错觉，幻觉；幻想，错误的观念","ɪˈluːʒ(ə)n","ɪˈluːʒ(ə)n","05:45.42"
"1365","Week 6","115","thoughtful","adj. 体贴入微的，考虑周到的；沉思的，思考的","adj. 体贴入微的，考虑周到的；沉思的，思考的；缜密思考过的，深思熟虑的","ˈθɔːtf(ə)l","ˈθɔːtf(ə)l","05:48.35"
"1366","Week 6","116","wander","v. 漫游，游荡，漫步，流浪；走神，开小差；n. 游荡，漫步","v. 漫游，游荡，漫步，流浪；走神，开小差；偏离，走偏（道路、航线等）；（目光）游移，往别处看；（河流、道路等）蜿蜒曲折；离题；（因年老而）神志恍惚，精神错乱；在人的身上摸来摸去（尤指他人不情愿时）；（对固定的性伴侣）不忠 | n. 游荡，漫步","ˈwɑːndər","ˈwɒndə(r)","05:51.49"
"1367","Week 6","117","slice","n. （切下的食物）薄片，片；（蛋糕等的）小块；v. 把……切成薄片；切，割，划","n. （切下的食物）薄片，片；（蛋糕等的）小块 ；水果切块；部分，份；例子；（体育运动中的）斜切球，削球，侧旋球；（切片用的）薄刀，（铲食物用的）铲子 | v. 把……切成薄片；切，割，划；轻易快速穿过（空气或水等）；削（球），斜切打；（无意中）打出弧线球；减少（时间、钱等）","slaɪs","slaɪs","05:54.31"
"1368","Week 6","118","stiff","adj. （肌肉或关节）酸痛的，僵硬的；不易弯曲的，硬的；n. 死尸；……的人；v. 诈骗，不还钱，（尤指）不给小费；（新产品、电影、节目等）不畅销，彻底失败；adv. 非常，彻底地","adj. （肌肉或关节）酸痛的，僵硬的；不易弯曲的，硬的；艰难的，严厉的；无礼的，生硬的；（酒）烈性的；稠的，难搅拌的；难移动的，不顺滑的；昂贵的；（风）强劲的，猛烈的；过于正式的 | n. 死尸；……的人；无趣的人，令人讨厌的人；（体育俱乐部的）后备队，候补队 (the stiffs) | v. 诈骗，不还钱，（尤指）不给小费；（新产品、电影、节目等）不畅销，彻底失败；冷落，怠慢；杀害某人 | adv. 非常，彻底地","stɪf","stɪf","05:57.48"
"1369","Week 6","119","crystal","n. 结晶，晶体；水晶；adj. 晶莹的，清澈透明的","n. 结晶，晶体；水晶；水晶玻璃；（钟表的）石英玻璃保护面，表蒙子 | adj. 晶莹的，清澈透明的","ˈkrɪst(ə)l","ˈkrɪst(ə)l","06:00.31"
"1370","Week 6","120","swallow","v. 吞下，咽下；（由于紧张等）做吞咽动作，咽口水；n. 吞，一口；燕子","v. 吞下，咽下；（由于紧张等）做吞咽动作，咽口水；吞没，淹没；耗尽（金钱，资源）；完全相信，信以为真；抑制（感情、言语）；默默忍受（侮辱、批评等） | n. 吞，一口；燕子","ˈswɑːloʊ","ˈswɒləʊ","06:03.09"
"1371","Week 6","121","rub","v. 擦，磨擦；揉擦，按摩（尤指疼痛部位）；n. （用手或物体）擦，揉；按摩膏，面膜","v. 擦，磨擦；揉擦，按摩（尤指疼痛部位）；擦痛，磨损；涂，抹；摹拓，拓印（黄铜碑或墓石的）碑文；（滚木球）（球）受阻，转向；（使）相互摩擦，搓；把（配料）揉擦进（混合物）（rub sth. in/into/through） | n. （用手或物体）擦，揉；按摩膏，面膜；困难，问题（the rub）；（烹饪肉之前涂抹在肉表面的）混合香料；（球）受阻，转向；磨损处","rʌb","rʌb","06:05.97"
"1372","Week 6","122","overhead","adv. 在头顶上方，在空中；adj. 头顶上的，在空中的，高架的；（驱动装置）顶置式的；n. 经常开支，营运费用（=overheads）；（用于投影仪显示文字、图片等的）透明幻灯片","adv. 在头顶上方，在空中 | adj. 头顶上的，在空中的，高架的；（驱动装置）顶置式的；经费的，管理费用的 | n. 经常开支，营运费用（=overheads）；（用于投影仪显示文字、图片等的）透明幻灯片；（尤指飞机的）顶舱","ˌoʊvərˈhed","ˌəʊvəˈhed","06:09.02"
"1373","Week 6","123","romantic","adj. （人）浪漫的，有情调的；（事物）富有浪漫色彩的，充满浪漫气息的；n. 浪漫的人；爱幻想的人，空想者","adj. （人）浪漫的，有情调的；（事物）富有浪漫色彩的，充满浪漫气息的；爱情的，情爱的；不切实际的，空想的；（文学、艺术和音乐）浪漫主义的（Romantic） | n. 浪漫的人；爱幻想的人，空想者； 浪漫主义作家（或音乐家、艺术家）（Romantic）","roʊˈmæntɪk","rəʊˈmæntɪk","06:13.41"
"1374","Week 6","124","span","n. 时间跨度，一段时间；（桥或拱的）墩距，跨距；v. 持续，贯穿；包括（广大地区），涵盖（多项内容）；adj. 整洁干净的，照管得很好的（spick and span）","n. 时间跨度，一段时间；（桥或拱的）墩距，跨距；宽度，翼展；范围，包括的种类；（航海）跨绳；一队人（或动物）；数值范围；一掌的长度 | v. 持续，贯穿；包括（广大地区），涵盖（多项内容）；横跨，跨越；张开手覆盖（或环绕）；给（动物）套上轭 | adj. 整洁干净的，照管得很好的（spick and span）","spæn","spæn","06:16.89"
"1375","Week 6","125","fossil","n. 化石；思想僵化的人；adj. 化石的，从地下采掘出的；不变的，古老的","n. 化石；思想僵化的人；僵化的事物 | adj. 化石的，从地下采掘出的；不变的，古老的","ˈfɑːs(ə)l","ˈfɒs(ə)l","06:19.80"
"1376","Week 6","126","ridiculous","adj. 可笑的，荒谬的","adj. 可笑的，荒谬的","rɪˈdɪkjələs","rɪˈdɪkjələs","06:23.13"
"1377","Week 6","127","applicable","adj. 适用的，适当的","adj. 适用的，适当的","ˈæplɪkəb(ə)l","əˈplɪkəb(ə)l","06:25.98"
"1378","Week 6","128","publication","n. 出版，发行；出版物，发行物","n. 出版，发行；出版物，发行物；（信息的） 刊登，公布","ˌpʌblɪˈkeɪʃ(ə)n","ˌpʌblɪˈkeɪʃn","06:29.26"
"1379","Week 6","129","outline","n. 轮廓，外形；轮廓图，草图；v. 概述，略述；勾勒，描画……的轮廓","n. 轮廓，外形；轮廓图，草图；提纲，大纲；梗概，要点；（词的）速记形式 | v. 概述，略述；勾勒，描画……的轮廓","ˈaʊtlaɪn","ˈaʊtlaɪn","06:32.23"
"1380","Week 6","130","ministry","n. （政府的）部，部办公楼；（全体）牧师","n. （政府的）部，部办公楼；（全体）牧师；神职，神职任期；一任首相的执政期；照料，服务","ˈmɪnɪstri","ˈmɪnɪstri","06:35.39"
"1381","Week 6","131","boast","v. 有（值得自豪的东西）；吹嘘，夸耀；n. 夸耀，自吹自擂，感到自豪的事","v. 有（值得自豪的东西）；吹嘘，夸耀 | n. 夸耀，自吹自擂，感到自豪的事","boʊst","bəʊst","06:38.79"
"1382","Week 6","132","excellence","n. 杰出，卓越；优点，美德","n. 杰出，卓越；优点，美德","ˈeksələns","ˈeksələns","06:41.86"
"1383","Week 6","133","archive","n. 存档材料，档案；档案室；v. 把……存档，把……归档","n. 存档材料，档案；档案室 | v. 把……存档，把……归档","ˈɑːrkaɪv","ˈɑːkaɪv","06:44.79"
"1384","Week 6","134","dial","v. 拨号；n. 钟面，仪表盘；调节器","v. 拨号 | n. 钟面，仪表盘；调节器；（老式电话机的）拨号盘；（人的）脸","ˈdaɪəl","ˈdaɪəl","06:47.83"
"1385","Week 6","135","stir","v. 搅拌，搅和（液体等物质）；激发，打动；n. 搅动，搅拌；激动（情绪），愤怒（情绪）","v. 搅拌，搅和（液体等物质）；激发，打动；（情感）逐渐产生，萌发；（使）行动，活动；（使）微动；离开；挑拨，惹是生非 | n. 搅动，搅拌；激动（情绪），愤怒（情绪）；微动，颤动；轻微的感觉；监狱","stɜːr","stɜː(r)","06:50.97"
"1386","Week 6","136","vertical","adj. 垂直的，直立的；纵向的；n. 垂直线，垂直面，竖直位置；竖杆","adj. 垂直的，直立的；纵向的；不同层次（或等级）的；（某类产品从生产到销售各个阶段）纵向结构的；（尤指疾病或遗传特性传递）代代相传的；（解剖）颅顶的，头顶的；顶点的，最高点的 | n. 垂直线，垂直面，竖直位置；竖杆；垂直高度差","ˈvɜːrtɪk(ə)l","ˈvɜːtɪk(ə)l","06:53.41"
"1387","Week 6","137","scan","vt. 细看，审视；粗略看，浏览；n. 快速查阅，浏览；（医疗）扫描检查","vt. 细看，审视；粗略看，浏览；扫描检查（物体或身体部位等）；（机器或计算机程序）扫描，察看；将（文件、照片等）扫描进计算机；（用声呐或雷达）扫描，扫掠；（诗）符合格律，韵节合拍；用（光束）扫描；电视扫描 | n. 快速查阅，浏览；（医疗）扫描检查；扫描图；胎儿扫描检查","skæn","skæn","06:56.49"
"1388","Week 6","138","wreck","v. 破坏，断送（计划、关系等）；（严重）破坏，毁坏（车辆或建筑物）；n. 沉船，遇难船；遭到严重破坏的东西（尤指建筑物、车辆）","v. 破坏，断送（计划、关系等）；（严重）破坏，毁坏（车辆或建筑物）；造成（船舶）失事，使遇难；毁船打劫；（为获取有用的零件、碎料而）拆，拆除（破汽车、旧建筑物等）；营救失事船只；失事 | n. 沉船，遇难船；遭到严重破坏的东西（尤指建筑物、车辆）；健康（或精神）严重受损的人；（船舶的）失事，遇难，交通事故；杂乱的地方；（船舶失事后被冲上岸的）残货，沉船漂浮物","rek","rek","06:59.32"
"1389","Week 6","139","flourish","v. 繁荣，昌盛；挥动；n. 夸张动作；（讲话或文章的）华丽辞藻，修饰","v. 繁荣，昌盛；挥动；（植物或动物）长势好，茁壮成长 | n. 夸张动作；（讲话或文章的）华丽辞藻，修饰；花彩号声；（手写花体字的）花饰","ˈflɜːrɪʃ","ˈflʌrɪʃ","07:02.33"
"1390","Week 6","140","suicide","n. 自杀；自杀者；adj. 自杀的，与自杀有关的；v. 自杀","n. 自杀；自杀者；自杀性的行为，自取灭亡的行为；（篮球中的）自杀训练 | adj. 自杀的，与自杀有关的 | v. 自杀","ˈsuːɪsaɪd","ˈsuːɪsaɪd","07:05.28"
"1391","Week 6","141","utmost","adj. 极度的，最大的；最远的；n. 极度，极限","adj. 极度的，最大的；最远的 | n. 极度，极限","ˈʌtmoʊst","ˈʌtməʊst","07:09.04"
"1392","Week 6","142","spray","n. 喷雾液体，喷剂；喷雾器；v. 喷，喷洒（液体）；（使）飞溅，（使）飞散","n. 喷雾液体，喷剂；喷雾器；喷，喷涂；喷雾状物；浪花，飞沫；（用作装饰的）小树枝，小花枝；（戴在身上的）一簇花，枝状饰物 | v. 喷，喷洒（液体）；（使）飞溅，（使）飞散；喷农药；在……上喷涂料（或油漆）；向……扫射（子弹）；用于体育运动中踢（或击、扔）（方向不定或不准的球）；撒尿（以示领地占有）；（臭鼬）用臭液弄湿","spreɪ","spreɪ","07:12.34"
"1393","Week 6","143","battery","n. 电池，蓄电池；一组，一系列；adj. 笼养的，层架式养殖的","n. 电池，蓄电池；一组，一系列；炮组，排炮；殴打罪；（棒球队的）投手和接球手 | adj. 笼养的，层架式养殖的","ˈbætəri","ˈbætri","07:14.99"
"1394","Week 6","144","wit","n. （说话）风趣；说话风趣的人；v. 知道；即，就是","n. （说话）风趣；说话风趣的人；机智；明智（the wit）；（不使用语言的）幽默机智 | v. 知道；即，就是","wɪt","wɪt","07:18.04"
"1395","Week 6","145","accidental","adj. 意外的，偶然的；非主要的，附带的；n. 临时记号；次要方面，非主要的特性","adj. 意外的，偶然的；非主要的，附带的；（亚里士多德思想中的）非本质属性的；临时记号的 | n. 临时记号；次要方面，非主要的特性","ˌæksəˈdent(ə)l","ˌæksɪˈdent(ə)l","07:20.96"
"1396","Week 6","146","missile","n. 导弹，飞弹；投掷物；adj. 可投掷的；用以发射导弹的","n. 导弹，飞弹；投掷物 | adj. 可投掷的；用以发射导弹的","ˈmɪs(ə)l","ˈmɪsaɪl","07:24.04"
"1397","Week 6","147","treaty","n. （国家之间的）条约，协定","n. （国家之间的）条约，协定","ˈtriːti","ˈtriːti","07:27.50"
"1398","Week 6","148","scold","v. 责骂，训斥；n. 爱训斥人的人","v. 责骂，训斥 | n. 爱训斥人的人","skoʊld","skəʊld","07:30.26"
"1399","Week 6","149","canal","n. 运河，灌溉渠，水道；（体内的）管，道；v. 在……开凿运河","n. 运河，灌溉渠，水道；（体内的）管，道 | v. 在……开凿运河","kəˈnæl","kəˈnæl","07:33.40"
"1400","Week 6","150","spy","n. 间谍，密探；暗中监视者；v. 从事间谍活动；突然看见，认出；adj. （卫星、飞机）执行间谍任务的","n. 间谍，密探；暗中监视者 | v. 从事间谍活动；突然看见，认出；秘密监视；探明，查明 | adj. （卫星、飞机）执行间谍任务的","spaɪ","spaɪ","07:35.95"
"1401","Week 6","151","orderly","adj. 有条理的，整齐的；守秩序的；n. （医院）护理员，勤杂工；传令兵，勤务兵；adv. 有秩序地","adj. 有条理的，整齐的；守秩序的；传达命令的，值班的 | n. （医院）护理员，勤杂工；传令兵，勤务兵 | adv. 有秩序地","ˈɔːrdərli","ˈɔːdəli","07:38.87"
"1402","Week 6","152","naval","adj. 海军的，军舰的","adj. 海军的，军舰的","ˈneɪv(ə)l","ˈneɪv(ə)l","07:41.61"
"1403","Week 6","153","colony","n. 殖民地；殖民团，移民队","n. 殖民地；殖民团，移民队；聚集人群，聚居地（区）；群体，群落；（统称）英属殖民地；（美国独立前的）北美十三州","ˈkɑːləni","ˈkɒləni","07:44.69"
"1404","Week 6","154","satisfactory","adj. 令人满意的，合适的；（病人）未恶化的，没有生命危险的","adj. 令人满意的，合适的；（病人）未恶化的，没有生命危险的；（证据，判决）满足案情需要的；赎罪的","ˌsætɪsˈfæktəri","ˌsætɪsˈfæktəri","07:47.91"
"1405","Week 6","155","omit","v. 省去，遗漏；不做，未能做","v. 省去，遗漏；不做，未能做","əˈmɪt","əˈmɪt","07:51.14"
"1406","Week 6","156","approximate","adj. 大概的，近似的；v. 类似，接近；模仿，模拟","adj. 大概的，近似的 | v. 类似，接近；模仿，模拟；粗略估计","əˈprɑːksɪmət","əˈprɒksɪmət","07:54.26"
"1407","Week 6","157","offensive","adj. 无礼的，冒犯的；令人不快（讨厌）的；n. （军事）进攻，攻势；（引人注意的）系列行动，攻势","adj. 无礼的，冒犯的；令人不快（讨厌）的；攻击的，进攻性的； （体育比赛中）进攻的，攻势的 | n. （军事）进攻，攻势； （引人注意的）系列行动，攻势","əˈfensɪv","əˈfensɪv","07:58.92"
"1408","Week 6","158","pump","n. 泵，抽水机；平底鞋，轻软舞鞋；v. 用泵（或泵样器官等）输送；快速上下（或内外）运动","n. 泵，抽水机；平底鞋，轻软舞鞋；高跟无带女鞋；抽吸，泵送；（生理）泵（指特定离子逆浓度梯度进行的跨膜主动运输机制） | v. 用泵（或泵样器官等）输送；快速上下（或内外）运动；涌出，涌流； 盘问，套问； 让某人使用大量药物； 举重（pump iron）；给......洗胃； 不断制造（pump out）；大量增加（pump up）；接连发射","pʌmp","pʌmp","08:01.98"
"1409","Week 6","159","enforce","v. 实施，执行（法律、规章）；强迫，迫使","v. 实施，执行（法律、规章）；强迫，迫使；竭力使人接受（要求，论点）","ɪnˈfɔːrs","ɪnˈfɔːs","08:04.98"
"1410","Week 6","160","refugee","n. 难民，避难者","n. 难民，避难者","ˌrefjuˈdʒiː","ˌrefjuˈdʒiː","08:08.18"
"1411","Week 6","161","antique","adj. 古老的，古董的；老式的，过时的；n. 古物，古董；古式（尤指古希腊、古罗马的雕刻、建筑等）；v. 以仿古式样制作；觅购古玩","adj. 古老的，古董的；老式的，过时的；（木器表面罩漆工艺）仿古的，古式的；年久的，破旧的 | n. 古物，古董；古式（尤指古希腊、古罗马的雕刻、建筑等）；西文粗体字体 | v. 以仿古式样制作；觅购古玩","ænˈtiːk","ænˈtiːk","08:11.20"
"1412","Week 6","162","farewell","n. 告别；离去；adj. 告别的；v. 告别，欢送；int. 再见，一路顺风","n. 告别；离去；分别时的美好祝愿 | adj. 告别的 | v. 告别，欢送 | int. 再见，一路顺风","ˌferˈwel","ˌfeəˈwel","08:14.93"
"1413","Week 6","163","outlook","n. 看法，态度；前景，展望","n. 看法，态度；前景，展望；景色，风光；瞭望处","ˈaʊtlʊk","ˈaʊtlʊk","08:17.29"
"1414","Week 6","164","respective","adj. 分别的，各自的","adj. 分别的，各自的","rɪˈspektɪv","rɪˈspektɪv","08:20.31"
"1415","Week 6","165","strap","n. 带子，皮带；铁皮条，金属带，铰链片；v. （用带子）束住，捆绑；用绷带包扎（伤口）","n. 带子，皮带；铁皮条，金属带，铰链片；鞭打（the strap）；拉手吊带，拉手吊环 | v. （用带子）束住，捆绑；用绷带包扎（伤口）；用皮鞭抽打，鞭打","stræp","stræp","08:23.81"
"1416","Week 6","166","classification","n. 分类，分级；类别，级别","n. 分类，分级；类别，级别；（动植物等的）分类学，分类法；（图书馆的书、磁带、杂志等的）分类系统，编目","ˌklæsɪfɪˈkeɪʃ(ə)n","ˌklæsɪfɪˈkeɪʃ(ə)n","08:27.05"
"1417","Week 6","167","given","adj. 规定的，指定的；倾向于；prep. 考虑到；如果，倘若；n. 假定事实；v. 给予（give 的过去分词形式）","adj. 规定的，指定的；倾向于；（文件）（已在某日期由某人）签署的；赠送的；假定的，假设的 | prep. 考虑到；如果，倘若 | n. 假定事实 | v. 给予（give 的过去分词形式）","ˈɡɪv(ə)n","ˈɡɪv(ə)n","08:30.20"
"1418","Week 6","168","mug","n. 大杯，马克杯；一大杯的容量；v. （公开）行凶抢劫，打劫；（尤指在舞台上或摄影机前）扮鬼脸，扮怪相","n. 大杯，马克杯；一大杯的容量；（人的）脸；傻瓜，笨蛋；恶棍，暴徒 | v. （公开）行凶抢劫，打劫；（尤指在舞台上或摄影机前）扮鬼脸，扮怪相","mʌɡ","mʌɡ","08:32.97"
"1419","Week 6","169","multiple","adj. 多个的，多种的；多人共有的；n. 倍数；连锁商店","adj. 多个的，多种的；多人共有的；影响身体许多部位的 | n. 倍数；连锁商店；（电信）复联，复接","ˈmʌltɪp(ə)l","ˈmʌltɪp(ə)l","08:35.99"
"1420","Week 6","170","prior","adj. 先前的，事先的；优先的，更重要的；n. 犯罪前科；小修道院院长","adj. 先前的，事先的；优先的，更重要的；在前面的（prior to） | n. 犯罪前科；小修道院院长；大修道院副院长；托钵会会长","ˈpraɪər","ˈpraɪə(r)","08:39.45"
"1421","Week 6","171","worship","v. 敬奉（神）；爱慕，崇拜；n. 敬神，拜神；崇拜，爱慕","v. 敬奉（神）；爱慕，崇拜 | n. 敬神，拜神；崇拜，爱慕； 阁下（对地位高的人的尊称）","ˈwɜːrʃɪp","ˈwɜːʃɪp","08:41.92"
"1422","Week 6","172","spark","n. 导火线，诱因；火花，火星；v. 引发，触发；产生火花（电火花）","n. 导火线，诱因；火花，火星；电火花；一丝，略微；生气，活力，才华；愤怒的情感，激烈的情绪；军队中对无线电报务员（或电工）的昵称（Sparks）；生龙活虎的小伙子；（内燃机里火花塞的）放电 | v. 引发，触发；产生火花（电火花）；点燃；增加趣味（或活力、风味等）；求婚","spɑːrk","spɑːk","08:45.23"
"1423","Week 6","173","liberty","n. 自由，自由权；（某种）合法权利","n. 自由，自由权；（某种）合法权利；冒犯行为（或言语），失礼；意志自由，选择自由； 自以为是的言语，专断的行动；（水手的）上岸休假","ˈlɪbərti","ˈlɪbəti","08:48.47"
"1424","Week 6","174","convention","n. 习俗，惯例；大会，集会","n. 习俗，惯例；大会，集会；公约，协定；（文学、艺术上的）传统手法，传统风格","kənˈvenʃ(ə)n","kənˈvenʃ(ə)n","08:51.26"
"1425","Week 6","175","horizontal","adj. 水平的；（公司）同一层次的；n. 水平位置；水平线，水平面","adj. 水平的；（公司）同一层次的；统一的，一致的；地平线的，在地平线上的 | n. 水平位置；水平线，水平面","ˌhɔːrɪˈzɑːnt(ə)l","ˌhɒrɪˈzɒnt(ə)l","08:54.85"
"1426","Week 6","176","patch","n. 补丁，补片；（保护受伤眼睛的）眼罩；vt. 修补，缝补；使出现斑块","n. 补丁，补片；（保护受伤眼睛的）眼罩；（衣服上的）徽章，标识；药膏，胶布；（与周围部分不同的）斑，小块；小片，碎片；（尤指园艺用的）一小块地；熟悉的地方，家乡； 属地，管辖地；一段时间；（尤指17、18世纪妇女装饰用的）饰颜片，美人斑；（软件的）补丁程序；（电气或电话的）临时连接（线）；（电子乐器，尤指合成乐器中的）预设配置（或声音）数据文件，配音 | vt. 修补，缝补；使出现斑块；临时连接，临时接入（通信系统）；（计算机）（用补丁对程序进行）修正，打补丁；解决；拼凑，匆匆制成","pætʃ","pætʃ","08:57.97"
"1427","Week 6","177","torture","n. 拷打，拷问，酷刑逼供；折磨，煎熬；v. 拷打，拷问，严刑逼供；造成精神上的巨大痛苦，使忧虑","n. 拷打，拷问，酷刑逼供；折磨，煎熬；变形 | v. 拷打，拷问，严刑逼供；造成精神上的巨大痛苦，使忧虑；扭曲","ˈtɔːrtʃər","ˈtɔːtʃə(r)","09:00.72"
"1428","Week 6","178","resemble","v. 像，与……相似","v. 像，与……相似","rɪˈzemb(ə)l","rɪˈzemb(ə)l","09:03.64"
"1429","Week 6","179","beneath","prep. 在……下方；在……表面之下，隐藏在……之下；adv. 在下面，在底下","prep. 在……下方；在……表面之下，隐藏在……之下；（对某人来说）不够好，不相称；低于，次于 | adv. 在下面，在底下","bɪˈniːθ","bɪˈniːθ","09:06.58"
"1430","Week 6","180","pat","v. 轻拍（以示喜爱、赞同或安慰）；轻拍（以引起注意或检查安放好的物品）；n. （表示友善的）轻拍；小块（黄油等）；adj. （回答或解释）脱口而出的，敷衍的；adv. 记得一清二楚地；及时地，适时地","v. 轻拍（以示喜爱、赞同或安慰）；轻拍（以引起注意或检查安放好的物品）；爱抚（狗或马等动物）；轻拍抚平，轻拍成形；拍干 | n. （表示友善的）轻拍；小块（黄油等） | adj. （回答或解释）脱口而出的，敷衍的 | adv. 记得一清二楚地；及时地，适时地","pæt","pæt","09:09.71"
"1431","Week 6","181","subtle","adj. 不易察觉的，微妙的；敏锐的，有洞察力的","adj. 不易察觉的，微妙的；敏锐的，有洞察力的；灵活的，巧妙的；含蓄的，隐晦的；狡猾的","ˈsʌt(ə)l","ˈsʌt(ə)l","09:13.07"
"1432","Week 6","182","desperate","adj. 不顾一切的，拼命的；极需要的，渴望的","adj. 不顾一切的，拼命的；极需要的，渴望的；极严重的，极危险的；绝望的，无望的；绝望的，无望的","ˈdespərət","ˈdespərət","09:16.16"
"1433","Week 6","183","kneel","v. 跪着，跪下","v. 跪着，跪下","niːl","niːl","09:18.59"
"1434","Week 6","184","pinch","v. 捏，拧，掐；揑住，夹紧；n. 捏，掐，拧；一撮；adj. 替代的，替补的；由替补击球手完成的","v. 捏，拧，掐；揑住，夹紧；掐掉；（穿的鞋等）夹痛，挤痛；偷窃；逮捕，拘捕；节约，节省；使经济拮据；捏拉缩放；（由于担心或紧张）抿（嘴唇）；（航海）使（帆船）紧抢风 | n. 捏，掐，拧；一撮；偷窃；（棒球）紧要时刻，紧要关头 | adj. 替代的，替补的；由替补击球手完成的","pɪntʃ","pɪntʃ","09:21.42"
"1435","Week 6","185","spur","n. 一时冲动之下，心血来潮；刺激，激励；v. 激励，鼓励；促进，加速，刺激（某事发生）","n. 一时冲动之下，心血来潮；刺激，激励；山嘴，尖坡；（公路或铁路的）支线，岔线；马刺，靴刺 | v. 激励，鼓励；促进，加速，刺激（某事发生）；用马刺策（马）前进；紧贴主干剪短（副梢）","spɜːr","spɜː(r)","09:24.55"
"1436","Week 6","186","probe","v. 调查，打探，探究；（用手指、细长工具等）探查，查看；n. 探究，详尽调查；（医生和科学家用的）探针","v. 调查，打探，探究；（用手指、细长工具等）探查，查看；搜寻，探索；侦察，侦探（敌情） | n. 探究，详尽调查；（医生和科学家用的）探针； 航天探测器，太空探测器（=space probe）；探测仪，传感器，取样器","proʊb","prəʊb","09:27.39"
"1437","Week 6","187","expel","v. 把……开除（或除名）；驱逐","v. 把……开除（或除名）；驱逐；排出（空气、水、气体等）","ɪkˈspel","ɪkˈspel","09:30.31"
"1438","Week 6","188","charter","n. 宪章，章程；特许状，许可证；v. 包租，租用；特许成立，给予……特权；adj. （临时）租用的","n. 宪章，章程；特许状，许可证；不完善，漏洞；包租，租赁 | v. 包租，租用；特许成立，给予……特权 | adj. （临时）租用的","ˈtʃɑːrtər","ˈtʃɑːtə(r)","09:33.26"
"1439","Week 6","189","molecule","n. 分子，摩尔；少量，一点儿","n. 分子，摩尔；少量，一点儿；微小颗粒，微粒","ˈmɑːlɪkjuːl","ˈmɒlɪkjuːl","09:36.05"
"1440","Week 6","190","behalf","n. 代表（on behalf of）；因为，为了……的利益（in/on behalf of）","n. 代表（on behalf of）；因为，为了……的利益（in/on behalf of）；就……而言，在……一方（on behalf of）","bɪˈhæf","bɪˈhɑːf","09:39.30"
"1441","Week 6","191","screw","n. 螺丝（钉）；螺杆，螺丝杆；v. 用螺丝固定；拧紧，旋紧","n. 螺丝（钉）；螺杆，螺丝杆；螺旋桨；螺旋体，螺旋状物；螺旋运动，拧紧螺旋；监狱看守人，狱警（尤为囚犯用语）；性行为，性伴侣；旋转球，倒旋；（多指包有盐或烟草的）小纸卷；工资，工钱；卑鄙的人，吝啬鬼；疲马；拇指夹（旧时的一种刑具）（the screws） | v. 用螺丝固定；拧紧，旋紧；（物体）旋上，旋开；把（纸等）揉成一团；扭曲（脸），眯起（眼睛）；（和某人）性交；欺骗，诈骗；敲诈，勒索（钱财等）；毁掉，搞砸；见鬼去；使（球）旋转，使（击球）偏转；打旋转球；猛回头，急转身（screw sth. around/round）","skruː","skruː","09:42.40"
"1442","Week 6","192","submerge","v. （使）潜入水中，（使）没入水中，浸没；湮没，掩盖（思想、感情等）","v. （使）潜入水中，（使）没入水中，浸没；湮没，掩盖（思想、感情等）；使（自己）集中精力于，使（自己）沉浸于","səbˈmɜːrdʒ","səbˈmɜːdʒ","09:45.50"
"1443","Week 6","193","worthwhile","adj. 重要的，有益的，值得做的","adj. 重要的，有益的，值得做的","ˌwɜːrθˈwaɪl","ˌwɜːθˈwaɪl","09:49.01"
"1444","Week 6","194","imperial","adj. 帝国的，皇帝的；宏伟的，华丽的；n. （在下唇下的）尖胡须；纸张尺寸","adj. 帝国的，皇帝的；宏伟的，华丽的；专横的，飞扬跋扈的；（度量衡）英制的；（纸张尺寸）（英国）762×559毫米的 | n. （在下唇下的）尖胡须；纸张尺寸；特等品","ɪmˈpɪriəl","ɪmˈpɪəriəl","09:51.95"
"1445","Week 6","195","operational","adj. （机器、设备等）正常运转的，可使用的；操作的，运营的，业务的","adj. （机器、设备等）正常运转的，可使用的；操作的，运营的，业务的；军事行动的；操作论的，操作主义的","ˌɑːpəˈreɪʃən(ə)l","ˌɒpəˈreɪʃən(ə)l","09:54.99"
"1446","Week 6","196","revolt","n. （对权威、规定、法律的）反抗，违抗；叛乱，造反；v. 叛乱，造反；反抗，拒绝服从（权威、规定或法律）","n. （对权威、规定、法律的）反抗，违抗；叛乱，造反 | v. 叛乱，造反；反抗，拒绝服从（权威、规定或法律）；使反感，使震惊","rɪˈvoʊlt","rɪˈvəʊlt","09:58.41"
"1447","Week 6","197","trifle","n. 琐事，无价值的东西；屈莱弗甜食，乳脂松糕；v. 怠慢，小看；轻浮地说（或做）","n. 琐事，无价值的东西；屈莱弗甜食，乳脂松糕；稍微，有点儿（a trifle）；少量，少许 | v. 怠慢，小看；轻浮地说（或做）；浪费（物品，尤指时间），虚度","ˈtraɪf(ə)l","ˈtraɪf(ə)l","10:01.35"
"1448","Week 6","198","democracy","n. 民主政体；民主国家","n. 民主政体；民主国家；民主，民主精神","dɪˈmɑːkrəsi","dɪˈmɒkrəsi","10:04.24"
"1449","Week 6","199","incident","n. 事件，事故；（两国间的）冲突，严重摩擦；adj. 由……产生的；附属的","n. 事件，事故；（两国间的）冲突，严重摩擦；（职务、财产等所有物的）附属特权 | adj. 由……产生的；附属的；入射的","ˈɪnsɪdənt","ˈɪnsɪdənt","10:07.64"
"1450","Week 6","200","abolish","v. 废除，废止，取消","v. 废除，废止，取消","əˈbɑːlɪʃ","əˈbɒlɪʃ","10:10.70"
"1451","Week 6","201","statue","n. （石或金属做的动物或人的）雕像","n. （石或金属做的动物或人的）雕像","ˈstætʃuː","ˈstætʃuː","10:13.57"
"1452","Week 6","202","veil","n. 面纱，面罩；（修女的）头巾；v. 以面纱掩盖；遮盖，掩饰","n. 面纱，面罩；（修女的）头巾；遮盖物，掩饰，借口；避而不谈（难堪或不愉快的）某事；（古犹太教）圣布；（植）菌幕；（穆斯林国家妇女）带面纱的习俗 | v. 以面纱掩盖；遮盖，掩饰","veɪl","veɪl","10:16.94"
"1453","Week 6","203","diagram","n. 图表，图解；几何图形；v. 以图表示","n. 图表，图解；几何图形 | v. 以图表示","ˈdaɪəɡræm","ˈdaɪəɡræm","10:19.58"
"1454","Week 6","204","literacy","n. 识字，读写能力；专业知识","n. 识字，读写能力；专业知识；精通文学","ˈlɪtərəsi","ˈlɪtərəsi","10:22.43"
"1455","Week 6","205","plunge","v. （使）突然向前倒下（跌落）；猛推，猛插；n. （突然的）坠落；跳水，快速游泳；adj. （女式服装）领口低的（plunging）","v. （使）突然向前倒下（跌落）；猛推，猛插；投入（液体中以使淹没）；（价值）猛跌；（剧烈）颠簸，震荡；（马）猛地用后腿直立；陡然向下倾斜；骤然陷入；（鲁莽地）开始；（使）投身，（使）突然开始从事；种下（植物） | n. （突然的）坠落；跳水，快速游泳；（价值或数量的）骤然下跌；突然陷入 | adj. （女式服装）领口低的（plunging）","plʌndʒ","plʌndʒ","10:26.10"
"1456","Week 6","206","rotten","adj. 腐烂的，发臭的；（道德、社会或政治）腐败的，堕落的；adv. 非常；恶劣地，糟糕地","adj. 腐烂的，发臭的；（道德、社会或政治）腐败的，堕落的；令人不快的，讨厌的；质量差的，水平低的；（人）不友善的，不诚实的；身体不适的，有病的；感到内疚（或惭愧）的； （强调非常生气或沮丧）倒霉的，破烂的 | adv. 非常；恶劣地，糟糕地","ˈrɑːt(ə)n","ˈrɒt(ə)n","10:28.85"
"1457","Week 6","207","static","adj. 静止的，停滞的；静电的；n. 静电；（广播、电视里的）静电噪声，静电干扰","adj. 静止的，停滞的；静电的；静力的；（计算机）（储存器，储存）静态的；（计算机）（程序，变量）静态的；（物理）（物体）静止的，不动的 | n. 静电；（广播、电视里的）静电噪声，静电干扰；不停的抱怨，指责；静力学","ˈstætɪk","ˈstætɪk","10:31.79"
"1458","Week 6","208","variable","adj. 易变的，多变的；时好时坏的；n. 可变性，可变因素；（数学中的）变量，变元","adj. 易变的，多变的；时好时坏的；可变的，可调节的；（数）（数字）变量的；（植，动）变异的，变型的；（齿轮）变速的 | n. 可变性，可变因素；（数学中的）变量，变元；（计算机）变量（元）；（天文）变星的简称；（东北信风带以北或南半球的东南信风带与西风带之间的）变风区","ˈveriəb(ə)l","ˈveəriəb(ə)l","10:34.95"
"1459","Week 6","209","fertilizer,-iser","n. 肥料，化肥；受精媒介物","n. 肥料，化肥；受精媒介物","ˈfɜːrtəlaɪzər","ˈfɜːtəlaɪzə(r)","10:38.17"
"1460","Week 6","210","nourish","v. 养育，滋养；培养，怀有（感情、信念等）","v. 养育，滋养；培养，怀有（感情、信念等）","ˈnɜːrɪʃ","ˈnʌrɪʃ","10:41.27"
"1461","Week 6","211","provision","n. 提供，供应；准备，预备；v. 为……提供所需物品（尤指食物）；（为已知债务）留出准备金","n. 提供，供应；准备，预备；（尤指为旅行准备的）食物，必需品（provisions）；条款，规定；赡养，供养；（机构账户上为已知负债，尤指坏账或资产价值缩减，从利润中留出的）准备金；神职委任（尤指教皇对尚未缺额神职的预先委任） | v. 为……提供所需物品（尤指食物）；（为已知债务）留出准备金","prəˈvɪʒ(ə)n","prəˈvɪʒ(ə)n","10:44.02"
"1462","Week 6","212","suck","v. 吸，吮，啜；含在嘴里吸食；n. 吮，吸，啜；（水流的）冲刷声","v. 吸，吮，啜；含在嘴里吸食；抽，吸（空气或液体）；（空气或液体的压力）将……卷入，吞没；使卷入；糟糕，差劲；收紧，收缩（身体某部分）；把（空气或烟）吸进肺部；吸纳，吸收，吸取；巴结；（水泵）空抽 | n. 吮，吸，啜；（水流的）冲刷声","sʌk","sʌk","10:47.12"
"1463","Week 6","213","magnificent","adj. 宏伟的，壮丽的；令人印象深刻的，出色的","adj. 宏伟的，壮丽的；令人印象深刻的，出色的；高尚的，高贵的","mæɡˈnɪfɪs(ə)nt","mæɡˈnɪfɪs(ə)nt","10:50.18"
"1464","Week 6","214","sketch","n. 素描，速写，草图；（任何作品的）粗样，初稿；v. （给……）画速写，（给……）画素描；简述，概述","n. 素描，速写，草图；（任何作品的）粗样，初稿；简述，概述；幽默短剧，滑稽小品；滑稽的人（或物） | v. （给……）画速写，（给……）画素描；简述，概述；（用手或身体）做（姿势）","sketʃ","sketʃ","10:53.93"
"1465","Week 6","215","lick","v. 舔，舔吃；成功地处理（难题或困境）；n. 舔；少量，一点","v. 舔，舔吃；成功地处理（难题或困境）；揍，打败；（火焰）燎着，（波浪）轻拍；砍倒，击倒 | n. 舔；少量，一点；（狠狠的）一击，一撞；（吉他演奏的歌曲）小过门","lɪk","lɪk","10:56.71"
"1466","Week 6","216","bacteria","n. 细菌（bacterium的复数）","n. 细菌（bacterium的复数）","bækˈtɪriə","bækˈtɪəriə","10:59.47"
"1467","Week 6","217","receipt","n. 发票，收据；收到，接收；v. 在（账单）上注明收讫字样","n. 发票，收据；收到，接收；(企业、银行、政府等）收到的款项，收入（receipts） | v. 在（账单）上注明收讫字样","rɪˈsiːt","rɪˈsiːt","11:02.57"
"1468","Week 6","218","succession","n. 连续不断的人（物）；继任，继承，继承权","n. 连续不断的人（物）；继任，继承，继承权；交替，更迭；（地质）（地层的）次序，生长顺序","səkˈseʃ(ə)n","səkˈseʃ(ə)n","11:05.64"
"1469","Week 6","219","successive","adj. 连续的，依次的；接替的，继承的","adj. 连续的，依次的；接替的，继承的","səkˈsesɪv","səkˈsesɪv","11:08.72"
"1470","Week 6","220","revolve","v. （使）旋转；围绕……旋转（revolve around）；n. 旋转舞台","v. （使）旋转；围绕……旋转（revolve around）；以……为最重要内容，以……为中心（revolve around）；反复思考，反复斟酌；循环出现 | n. 旋转舞台","rɪˈvɑːlv","rɪˈvɒlv","11:12.21"
"1471","Week 6","221","motive","n. 动机，目的，原因；（文艺作品、音乐的）艺术思想，主题；adj. 引起运动的，起推动作用的；v. 使产生动机，激起","n. 动机，目的，原因；（文艺作品、音乐的）艺术思想，主题 | adj. 引起运动的，起推动作用的 | v. 使产生动机，激起","ˈmoʊtɪv","ˈməʊtɪv","11:15.34"
"1472","Week 6","222","sequence","n. 顺序，次序；连续事件（或动作、事物）；v. 按顺序排列；测定（整套基因或分子成分的）序列","n. 顺序，次序；连续事件（或动作、事物）；（电影中表现同一主题或场面的）一组镜头；（生物学中分子或基因的排列）顺序；模进；（纸牌的）同花顺；序列；（天主教弥撒中圣歌与福音之间的）继续经 | v. 按顺序排列；测定（整套基因或分子成分的）序列；用音序器播放（或录制）音乐","ˈsiːkwəns","ˈsiːkwəns","11:18.14"
"1473","Week 6","223","certainty","n. 确实，确定性；确实的事，必然的事","n. 确实，确定性；确实的事，必然的事","ˈsɜːrt(ə)nti","ˈsɜːt(ə)nti","11:21.51"
"1474","Week 6","224","smash","v. 打碎，（使）粉碎；（使）猛击，（使）猛撞；n. 猛烈撞击声，破碎时的哗啦声；猛击；adv. 哗啦一声；adj. 非常轰动的，出色的","v. 打碎，（使）粉碎；（使）猛击，（使）猛撞；（用力）撞开，闯过；击溃，使结束；撞毁，撞坏（交通工具）；（网球等比赛中）扣球，打高压球；（轻松）打破（记录） | n. 猛烈撞击声，破碎时的哗啦声；猛击；撞车，车祸；（网球运动中的）高压球，扣球；大获成功的歌曲（或戏剧、电影）（=smash hit）；（由白兰地、果味水和冰混合调制的）斯马喜（混合烈酒）饮料；破产，投资失败 | adv. 哗啦一声 | adj. 非常轰动的，出色的","smæʃ","smæʃ","11:24.81"
"1475","Week 6","225","bulletin","n. （广播或电视中的）新闻简报；公告，布告；v. 通过公告公布或告知","n. （广播或电视中的）新闻简报；公告，布告；（机构或社团的）通讯，刊物 | v. 通过公告公布或告知","ˈbʊlətɪn","ˈbʊlətɪn","11:27.99"
"1476","Week 6","226","occasional","adj. 偶尔的，不经常的；（家具）特定场合才使用的","adj. 偶尔的，不经常的；（家具）特定场合才使用的； （文章、演讲或宗教仪式等）在特殊场合所作的，为特殊场合所准备的；非定时的，临时的","əˈkeɪʒən(ə)l","əˈkeɪʒən(ə)l","11:31.07"
"1477","Week 6","227","siege","n. （军队或警察对某地的）围困，包围；不断的攻击；v. 围攻，包围","n. （军队或警察对某地的）围困，包围；不断的攻击 | v. 围攻，包围","siːdʒ","siːdʒ","11:34.86"
"1478","Week 6","228","jungle","n. （热带）丛林；弱肉强食的地方","n. （热带）丛林；弱肉强食的地方；杂草丛生的地方；杂乱无章的一堆；丛林音乐（一种快速舞蹈音乐）","ˈdʒʌŋɡ(ə)l","ˈdʒʌŋɡ(ə)l","11:37.29"
"1479","Week 6","229","trunk","n. 树干；（人或动物的）躯干；adj. 干线的","n. 树干；（人或动物的）躯干；象鼻；（汽车后部的）行李箱，后备箱；旅行箱，衣箱；男式游泳裤（trunks）；大血管，神经干；电缆管道，通风管；拳击手短裤（trunks） | adj. 干线的","trʌŋk","trʌŋk","11:40.07"
"1480","Week 6","230","summary","n. 总结，概要；adj. 总结性的，概括的；（司法程序）即决的，简易的","n. 总结，概要 | adj. 总结性的，概括的；（司法程序）即决的，简易的","ˈsʌməri","ˈsʌməri","11:43.01"
"1481","Week 6","231","summarize,-ise","v. 总结，概述","v. 总结，概述","ˈsʌməraɪz","ˈsʌməraɪz","11:45.96"
"1482","Week 6","232","chaotic","adj. 混乱的，无秩序的；（与）……混沌（有关）的","adj. 混乱的，无秩序的；（与）……混沌（有关）的","keɪˈɑːtɪk","keɪˈɒtɪk","11:49.04"
"1483","Week 6","233","moderate","adj. 普通的，中等的；不偏激的，温和的；v. 缓和，使适中；主持（讨论或会议）；n. 持温和政见者","adj. 普通的，中等的；不偏激的，温和的；有节制的，不过分的；（变化）不大的，有限的 | v. 缓和，使适中；主持（讨论或会议）；审核评分（查看不同阅卷人所打分数是否公平一致）；（物理）使（中子）减速 | n. 持温和政见者","ˈmɑːdərət","ˈmɒdərət","11:52.23"
"1484","Week 6","234","roar","v. 吼叫，咆哮；（人群）用欢呼声激励，为......喝彩，为加油；n. 吼叫声， 咆哮声；（风或海的）呼啸声，（机器的）隆隆声","v. 吼叫，咆哮；（人群）用欢呼声激励，为......喝彩，为加油；哄笑，大笑；（尤指车辆）轰鸣着疾驶，呼啸而过；果断行事，迅速发生；熊熊燃烧 | n. 吼叫声， 咆哮声；（风或海的）呼啸声，（机器的）隆隆声；（狮等的）吼叫声；爆笑声","rɔːr","rɔː(r)","11:56.45"
"1485","Week 6","235","theoretical","adj. 理论的；理论上存在的，假设的","adj. 理论的；理论上存在的，假设的","ˌθiːəˈretɪk(ə)l","ˌθɪəˈretɪk(ə)l","11:59.16"
"1486","Week 6","236","cement","n. 水泥；胶合剂，接合剂；v. 用（水泥或胶合剂）黏结，胶合；巩固，加强","n. 水泥；胶合剂，接合剂；（对关系、看法等起巩固作用的）纽带；牙骨质；（黏附颗粒的）沉积岩基质；（填充牙齿龋洞的）黏固粉 | v. 用（水泥或胶合剂）黏结，胶合；巩固，加强；决定，确立","sɪˈment","sɪˈment","12:02.33"
"1487","Week 6","237","oily","adj. 含油的，涂油的；（食物）含油多的，富含脂肪的","adj. 含油的，涂油的；（食物）含油多的，富含脂肪的；（头发或皮肤）油质的，油性的；（质地、味道、气味、形态）像油的；（人，行为）油滑的，讨好的","ˈɔɪli","ˈɔɪli","12:05.27"
"1488","Week 6","238","slam","v. （使）砰地关上；用力一放，使劲一推；n. 猛关（或推、摔、撞等），猛摔（或撞等）的声音；诗歌朗诵比赛","v. （使）砰地关上；用力一放，使劲一推；猛烈撞击；猛烈抨击；突然（或猛然）采取行动；闯，冲； 轻松得分或战胜（某人）； （电话公司）未经允许接管（电话顾客）的账单（slamming） | n. 猛关（或推、摔、撞等），猛摔（或撞等）的声音； 诗歌朗诵比赛；（桥牌）满贯； 监狱（the slam）","slæm","slæm","12:08.11"
"1489","Week 6","239","liquor","n. 烈性酒；酒精类饮料；v. 把……浸于溶液中；使喝醉","n. 烈性酒；酒精类饮料；（某种加工过程中所产生或使用的）液，汁 | v. 把……浸于溶液中；使喝醉；灌酒；给（皮革）上油；在水中浸泡（麦芽等）","ˈlɪkər","ˈlɪkə(r)","12:11.06"
"1490","Week 6","240","vacant","adj. （地方）空着的，无人用的；（职位，工作）空缺的","adj. （地方）空着的，无人用的；（职位，工作）空缺的；茫然的，失神的","ˈveɪkənt","ˈveɪkənt","12:13.85"
"1491","Week 6","241","bowel","n. 肠，肠道；内部，深处","n. 肠，肠道；内部，深处","ˈbaʊəl","ˈbaʊəl","12:16.86"
"1492","Week 6","242","peculiar","adj. 奇怪的，不寻常的；特别的，独特的；n. 特殊教区（或教堂）；特权，特有财产","adj. 奇怪的，不寻常的；特别的，独特的；不舒服的 | n. 特殊教区（或教堂）；特权，特有财产","pɪˈkjuːliər","pɪˈkjuːliə(r)","12:19.98"
"1493","Week 6","243","rotate","v. （使）旋转，（使）转动；（人员）轮换，轮值；adj. （植） 辐状的","v. （使）旋转，（使）转动；（人员）轮换，轮值；轮种，轮作；定期调换地点（或位置） | adj. （植） 辐状的","ˈroʊteɪt","rəʊˈteɪt","12:23.21"
"1494","Week 6","244","correspondent","n. （尤指从某一国家发回专题报道的）记者，通讯员；通信者，写信人","n. （尤指从某一国家发回专题报道的）记者，通讯员；通信者，写信人","ˌkɔːrəˈspɑːndənt","ˌkɒrəˈspɒndənt","12:26.07"
"1495","Week 6","245","notify","v. 通报，告知；申报","v. 通报，告知；申报","ˈnoʊtɪfaɪ","ˈnəʊtɪfaɪ","12:29.38"
"1496","Week 6","246","quiver","n. （尤指突然的强烈情感所致的）颤抖，颤音；箭囊，箭袋；v. 颤抖，抖动；使颤抖，使抖动","n. （尤指突然的强烈情感所致的）颤抖，颤音；箭囊，箭袋；一组（长度、形状各异的）冲浪板 | v. 颤抖，抖动；使颤抖，使抖动","ˈkwɪvər","ˈkwɪvə(r)","12:32.73"
"1497","Week 6","247","sanction","n. 制裁；处罚，惩罚；v. 认可，准许；对……实施制裁，处罚","n. 制裁；处罚，惩罚；（正式）许可，批准；（尤指基督教会的）法令，法律；（伦理学）约束力；支持，鼓励 | v. 认可，准许；对……实施制裁，处罚","ˈsæŋkʃ(ə)n","ˈsæŋkʃn","12:35.47"
"1498","Week 6","248","stoop","v. 俯身，弯腰；（站立或行走时）弓背，驼背；n. 驼背，弯腰曲背；门廊，门阶","v. 俯身，弯腰；（站立或行走时）弓背，驼背；卑鄙，堕落；（猛禽）下扑，猛扑 | n. 驼背，弯腰曲背；门廊，门阶；（猛禽的）下扑，猛扑","stuːp","stuːp","12:38.20"
"1499","Week 6","249","toss","v. （轻轻地或随意地）扔，抛，掷；向后甩（头发或身体部位）；n. 掷硬币决定；（轻轻的或随意的）扔，抛，掷","v. （轻轻地或随意地）扔，抛，掷；向后甩（头发或身体部位）；（使）摇摆，挥动，颠簸；（在液体中）搅拌（食物），拌匀；（为……）掷硬币决定，掷币猜边儿；把（煎饼）颠起翻面；除掉，抛弃；（马）摔下（骑手）；搜（某地） | n. 掷硬币决定；（轻轻的或随意的）扔，抛，掷；向上甩头，猛仰头；（尤指比赛或游戏中）投掷；根本不在乎","tɔːs","tɒs","12:41.25"
"1500","Week 6","250","damn","int. 该死，见鬼（表示很生气或失望）；天啊（表示赞叹或惊奇）；adj. 该死的（表示对某人或某物生气）；（用于加强语气）十足的，完全的；adv. 极其，非常；丝毫不；v. 严厉批评，谴责；（表愤怒或厌烦）该死，讨厌，混账；n. 一点点，丝毫；（对……）在乎","int. 该死，见鬼（表示很生气或失望）；天啊（表示赞叹或惊奇） | adj. 该死的（表示对某人或某物生气）；（用于加强语气）十足的，完全的； | adv. 极其，非常；丝毫不 | v. 严厉批评，谴责；（表愤怒或厌烦）该死，讨厌，混账；令（某人）下地狱；（强调对某事毫不在意）不管，无所谓；真没想到，真让我吃惊；决不，绝对不；贬斥，把……说得很糟糕；左右为难，做也不是，不做也不是；注定受难（或失败）；诅咒 | n. 一点点，丝毫；（对……）在乎","dæm","dæm","12:44.11"
"1501","Week 7","1","minus","prep. 减，减去；没有，缺少；n. 缺点，不利条件；减号，负号；adj. 小于零的，负的；不利的，负面的","prep. 减，减去；没有，缺少；零下 | n. 缺点，不利条件；减号，负号 | adj. 小于零的，负的；不利的，负面的；（指分数或等级）略低于某标准的，稍差的；阴性的，负电的","ˈmaɪnəs","ˈmaɪnəs","00:02.13"
"1502","Week 7","2","plausible","adj. 似乎是真的，貌似有理的；（人）花言巧语的，貌似可信的","adj. 似乎是真的，貌似有理的；（人）花言巧语的，貌似可信的；可靠的，可重用的","ˈplɔːzəb(ə)l","ˈplɔːzəb(ə)l","00:04.40"
"1503","Week 7","3","scare","v. 使惊恐，吓唬；害怕，恐惧；n. 惊恐，惊吓；（社会上的）大恐慌","v. 使惊恐，吓唬；害怕，恐惧 | n. 惊恐，惊吓；（社会上的）大恐慌","sker","skeə(r)","00:07.47"
"1504","Week 7","4","stable","adj. 稳定的，牢固的；稳重的，沉稳的；n. 马厩；（属同一马主或驯马师的）一群赛马；v. 使（马）入厩，把（马）拴在马厩","adj. 稳定的，牢固的；稳重的，沉稳的；（化学结构或物理状态）稳定的 | n. 马厩；（属同一马主或驯马师的）一群赛马；（在同一地方工作或训练的）一批人，（同一公司生产的）系列产品；赛马训练场 | v. 使（马）入厩，把（马）拴在马厩","ˈsteɪb(ə)l","ˈsteɪb(ə)l","00:10.29"
"1505","Week 7","5","withdraw","v. 提，取（银行账户中的钱款）；停止提供，不再给予","v. 提，取（银行账户中的钱款）；停止提供，不再给予； 退出，不参加；（军队）撤离； 脱离（社会），不与人交往；离开；（将某物从某地或位置）抽回，移开；撤回，收回（前言）；（从某物中）拿出；停止提供，召回；退出，返回（至另一个房间）；（因对工作时间、报酬等不满意而）罢工；取消（许可、邀请或提议）；戒毒","wɪðˈdrɔː","wɪðˈdrɔː","00:13.14"
"1506","Week 7","6","cabin","n. 小木屋；船舱；v. 使身居斗室","n. 小木屋；船舱；机舱，客舱 | v. 使身居斗室","ˈkæbɪn","ˈkæbɪn","00:16.35"
"1507","Week 7","7","lump","n. （不定形的）块；（单独的）大量；v. 把……归并在一起；无奈地接受，勉强同意；adj. 成团的；总共的","n. （不定形的）块；（单独的）大量；肿块；方糖；笨重的人，傻大个；个体劳动者 | v. 把……归并在一起；无奈地接受，勉强同意；结块，起疙瘩；背负（重物） | adj. 成团的；总共的","lʌmp","lʌmp","00:19.12"
"1508","Week 7","8","pitch","n. 体育场地，球场；程度，强度；v. 扔，抛，掷；（棒球中）投（球）","n. 体育场地，球场；程度，强度；音准，音高；推销用语；投球；沥青，柏油；（船或飞机的）颠簸；倾斜度，高度；摊位，（街头艺人的）表演场所；（高尔夫）下旋高球；露营地；（技）螺距，节距 | v. 扔，抛，掷；（棒球中）投（球）；击地，（使球）定点落地；重跌，坠落；（船或飞机）颠簸；把……定于某水平；使（产品）针对，面向；推销；为……定音高；向下倾斜；扎，搭建；（高尔夫）击下旋高球；用石头铺（路）；（酿酒用语）给（麦芽汁）加酵母；盖上沥青，涂上沥青","pɪtʃ","pɪtʃ","00:22.31"
"1509","Week 7","9","stereotype","n. 模式化的思想，老一套；公式化人物；v. 对……形成刻板的看法，（尤指）对……有成见；使用铅版","n. 模式化的思想，老一套；公式化人物；铅版，铅版浇铸，铅版印刷 | v. 对……形成刻板的看法，（尤指）对……有成见；使用铅版","ˈsteriətaɪp","ˈsteriətaɪp","00:24.95"
"1510","Week 7","10","beloved","adj. 钟爱的，深受爱戴的；n. 心爱的人","adj. 钟爱的，深受爱戴的 | n. 心爱的人","bɪˈlʌvɪd","bɪˈlʌvɪd","00:28.81"
"1511","Week 7","11","disabled","adj. 丧失能力的，有残疾的；（活动、组织、设施）与残疾人有关的；v. 使丧失能力，使伤残；使不能运转（disable 的过去式和过去分词形式）","adj. 丧失能力的，有残疾的；（活动、组织、设施）与残疾人有关的 | v. 使丧失能力，使伤残；使不能运转（disable 的过去式和过去分词形式）","dɪsˈeɪbld","dɪsˈeɪb(ə)ld","00:33.15"
"1512","Week 7","12","monument","n. 纪念碑，纪念馆，纪念物；遗址，名胜古迹；v. 为……树碑","n. 纪念碑，纪念馆，纪念物；遗址，名胜古迹；典范；塑像，墓碑；有永久价值的作品 | v. 为……树碑","ˈmɑːnjumənt","ˈmɒnjumənt","00:35.95"
"1513","Week 7","13","preferable","adj. 更好的，更合适的","adj. 更好的，更合适的","ˈprefrəb(ə)l","ˈprefrəb(ə)l","00:39.14"
"1514","Week 7","14","surge","n. 激增，猛增；（风、水等的）奔涌，汹涌；v. 急剧上升，激增；（人群，自然力）汹涌，奔腾","n. 激增，猛增；（风、水等的）奔涌，汹涌；（情感的）涌起，翻涌；（人群的）蜂拥；电流急冲，电涌；增兵，增援 | v. 急剧上升，激增；（人群，自然力）汹涌，奔腾；（感情）涌起，涌现；（电压，电流）猛增，浪涌；（绳子，缆索，绞盘）突然松开，突然滑脱","sɜːrdʒ","sɜːdʒ","00:42.25"
"1515","Week 7","15","intensity","n. 强烈，剧烈；（光、声音等的）强度","n. 强烈，剧烈；（光、声音等的）强度","ɪnˈtensəti","ɪnˈtensəti","00:45.23"
"1516","Week 7","16","bull","n. 公牛；雄性大型动物；v. 用力推，猛推；（母牛）发情","n. 公牛；雄性大型动物；买空者，多头；教皇诏书，教皇训谕；废话，胡说八道；靶心 | v. 用力推，猛推；（母牛）发情","bʊl","bʊl","00:48.35"
"1517","Week 7","17","hedge","n. 树篱；防范措施，防备手段；v. 拐弯抹角，避免正面回答；用树篱围住","n. 树篱；防范措施，防备手段 | v. 拐弯抹角，避免正面回答；用树篱围住；包围，限制；采取保值措施以规避风险","hedʒ","hedʒ","00:51.33"
"1518","Week 7","18","removal","n. 移走，去掉；消除，清除","n. 移走，去掉；消除，清除；免职，开除；搬运，搬迁；种族迫迁；（从家里运至教堂举行葬礼的）尸体搬运仪式","rɪˈmuːv(ə)l","rɪˈmuːv(ə)l","00:54.24"
"1519","Week 7","19","sideways","adv. 斜向一边地；侧面朝前地，侧着；adj. 向一边（或一侧）的，向旁边的；（工作，职位）平级变动的","adv. 斜向一边地；侧面朝前地，侧着；（工作调动）平级地；间接地 | adj. 向一边（或一侧）的，向旁边的；（工作，职位）平级变动的；间接的；（观点）非常规的，非正统的","ˈsaɪdweɪz","ˈsaɪdweɪz","00:57.14"
"1520","Week 7","20","timber","n. 木材，原木；（用于生产木材的）林木，树林；v. 用木料支撑或建造","n. 木材，原木；（用于生产木材的）林木，树林；（造屋或造船用的）大木料，栋木；（砍伐树木时说）倒啦，小心大树倒下；（尤指人适于某角色的）素质，性格，才干 | v. 用木料支撑或建造","ˈtɪmbər","ˈtɪmbə(r)","01:00.51"
"1521","Week 7","21","dialect","n. 方言，土话","n. 方言，土话","ˈdaɪəlekt","ˈdaɪəlekt","01:03.26"
"1522","Week 7","22","jealous","adj. 妒忌的，好嫉妒的；珍惜的","adj. 妒忌的，好嫉妒的；珍惜的；猜疑的，留意提防的；（神祇）要求绝对忠实和崇敬的","ˈdʒeləs","ˈdʒeləs","01:06.45"
"1523","Week 7","23","envious","adj. 羡慕的，嫉妒的","adj. 羡慕的，嫉妒的","ˈenviəs","ˈenviəs","01:09.45"
"1524","Week 7","24","precaution","n. 预防措施，防备；避孕措施（precautions）","n. 预防措施，防备；避孕措施（precautions）","prɪˈkɔːʃn","prɪˈkɔːʃ(ə)n","01:12.64"
"1525","Week 7","25","proceed","v. 开始行动，开展；继续做（或从事、进行）；n. （某个事件或活动的）收入，收益","v. 开始行动，开展；继续做（或从事、进行）；（完成其他事后）继续做某事；行进，前往；起诉某人；来自，出自 | n. （某个事件或活动的）收入，收益","proʊˈsiːd","prəˈsiːd","01:15.76"
"1526","Week 7","26","preceding","adj. 先前的，前面的；v. 在……之前发生（或出现）；走在……前面（precede 的现在分词形式）","adj. 先前的，前面的 | v. 在……之前发生（或出现）；走在……前面（precede 的现在分词形式）","prɪˈsiːdɪŋ","prɪˈsiːdɪŋ","01:18.73"
"1527","Week 7","27","present","adj. （人）在场的，出席的；（事物）存在的；n. 现在，目前；礼物，赠品；v. 颁发，赠送；出示（护照等供检查）","adj. （人）在场的，出席的；（事物）存在的；现在的，目前的；考虑中的，正在讨论的；（语法）现在时（态）的；历历在目的 | n. 现在，目前；礼物，赠品；（语法）现在时；（举枪的）瞄准（姿势） | v. 颁发，赠送；出示（护照等供检查）；正式提交（支票，账单）； 正式引见，介绍；正式出席，到场；引起，造成；表达（歉意等）；提出，陈述；上映，播出；展示，表现； 主持（广播或电视节目）；把……对准；（病人）呈现症状","ˈprez(ə)nt; prɪˈzent","ˈprez(ə)nt; prɪˈzent","01:21.55"
"1528","Week 7","28","rouse","v. 唤醒，（使）醒来；激励，（使）振奋；n. 觉醒，奋起","v. 唤醒，（使）醒来；激励，（使）振奋；激起（某种情感）；激怒，使激动；使（某事物）发生，引起；搅动（液体，尤指酿制中的啤酒） | n. 觉醒，奋起","raʊz","raʊz","01:25.55"
"1529","Week 7","29","subdivide","vt. 把……再分，把……细分；把（土地等）划分成小块（尤指供出售）；vi. 细分，再分；（细胞、组织等）继续分裂","vt. 把……再分，把……细分；把（土地等）划分成小块（尤指供出售） | vi. 细分，再分；（细胞、组织等）继续分裂","ˌsʌbˈdɪvaɪd","ˈsʌbdɪvaɪd","01:28.83"
"1530","Week 7","30","brow","n. 额；眉毛","n. 额；眉毛；坡顶；（从船到岸上的）跳板","braʊ","braʊ","01:32.11"
"1531","Week 7","31","maximum","adj. 最大限度的；（数量）极大的，极多的；n. 最大量，最大限度；adv. 最多，充其量","adj. 最大限度的；（数量）极大的，极多的 | n. 最大量，最大限度 | adv. 最多，充其量","ˈmæksɪməm","ˈmæksɪməm","01:34.65"
"1532","Week 7","32","reunite","v. （使）团聚，（使）重聚；（使）再结合，（使）重新团结","v. （使）团聚，（使）重聚；（使）再结合，（使）重新团结","ˌriːjuˈnaɪt","ˌriːjuˈnaɪt","01:37.73"
"1533","Week 7","33","owing","v. 欠（钱）；应该给予（感激、尊敬等）；adj. （钱）未付的，欠着的","v. 欠（钱）；应该给予（感激、尊敬等）；归因于，归功于（owe 的现在分词） | adj. （钱）未付的，欠着的","ˈoʊɪŋ","ˈəʊɪŋ","01:41.06"
"1534","Week 7","34","shove","v. 猛推，乱挤；连推带挤地走；n. 猛推","v. 猛推，乱挤；连推带挤地走； 随便放置，乱放（某物）；移动身体，挪动身体（以腾出地方）；去他的，让……见鬼 | n. 猛推","ʃʌv","ʃʌv","01:43.95"
"1535","Week 7","35","swing","v. （使）摆动，摇荡；（使）改变（意见、情绪等）；n. 摇摆，摆动；挥舞，挥动；adj. 摇摆乐的；（在投票选举中）摇摆不定的","v. （使）摆动，摇荡；（使）改变（意见、情绪等）；做弧线运动，转弯；（挥动某物）朝……打去；热闹，令人开心；（使）突然转向，突然转身；以强劲的节奏演奏；（迈着有节奏的步伐）行进；（有时略微不正当地）获得；荡秋千；纵身跃向；绞死；男女乱交；移转（船，飞机）至各方位点 | n. 摇摆，摆动；挥舞，挥动；挥杆动作；改变，变化；秋千；摇摆乐；以强劲的节奏演奏；巡游，竞选旅行；（板球）侧飞球；（音乐剧）替补 | adj. 摇摆乐的；（在投票选举中）摇摆不定的","swɪŋ","swɪŋ","01:46.83"
"1536","Week 7","36","briefcase","n. 公文包，公事包","n. 公文包，公事包","ˈbriːfkeɪs","ˈbriːfkeɪs","01:49.45"
"1537","Week 7","37","erosion","n. 侵蚀，腐蚀；削弱，降低","n. 侵蚀，腐蚀；削弱，降低；糜烂","ɪˈroʊʒ(ə)n","ɪˈrəʊʒ(ə)n","01:52.87"
"1538","Week 7","38","promising","adj. 有希望的，有前途的；v. 承诺，答应；使很可能，预示（promise 的现在分词形式）","adj. 有希望的，有前途的 | v. 承诺，答应；使很可能，预示（promise 的现在分词形式）","ˈprɑːmɪsɪŋ","ˈprɒmɪsɪŋ","01:55.78"
"1539","Week 7","39","cellar","n. 地下室，地窖；窖藏酒；v. 将（酒）存于地窖","n. 地下室，地窖；窖藏酒 | v. 将（酒）存于地窖","ˈselər","ˈselə(r)","01:58.73"
"1540","Week 7","40","stride","n. 大步，阔步；步态，步伐；v. 大步走，阔步走；跨越，跨过","n. 大步，阔步；步态，步伐；步距，步幅；步速；进展，进步；裤子（strides）；钢琴跨越弹奏法 | v. 大步走，阔步走；跨越，跨过；跨坐在……上，跨立在……上","straɪd","straɪd","02:01.43"
"1541","Week 7","41","procession","n. （人或车辆的）行列，队伍；一连串的人（或物）","n. （人或车辆的）行列，队伍；一连串的人（或物）；（神学）圣灵流出","prəˈseʃ(ə)n","prəˈseʃ(ə)n","02:04.54"
"1542","Week 7","42","shiver","v. （因寒冷或害怕而）颤抖，哆嗦，发抖；n. 颤抖,哆嗦（因寒冷、恐惧、激动等）；寒战，寒噤（因恐惧或发高烧）（the shivers）","v. （因寒冷或害怕而）颤抖，哆嗦，发抖 | n. 颤抖,哆嗦（因寒冷、恐惧、激动等）；寒战，寒噤（因恐惧或发高烧）（the shivers）","ˈʃɪvər","ˈʃɪvə(r)","02:07.52"
"1543","Week 7","43","cease","v. 终止，结束；n. 停止","v. 终止，结束 | n. 停止","siːs","siːs","02:10.33"
"1544","Week 7","44","innocence","n. 天真，单纯；清白，无罪","n. 天真，单纯；清白，无罪","ˈɪnəsns","ˈɪnəs(ə)ns","02:13.23"
"1545","Week 7","45","restless","adj. 坐立不安的，不耐烦的；不满足现状的，求变的","adj. 坐立不安的，不耐烦的；不满足现状的，求变的；得不到休息的，没有睡眠的","ˈrestləs","ˈrestləs","02:16.56"
"1546","Week 7","46","skim","v. （从液体表面）撇去（浮物）；掠过，擦过（表面）；n. 液面上的表层物；浏览；adj. 脱脂的；撇去浮沫的","v. （从液体表面）撇去（浮物）；掠过，擦过（表面）；用（扁石）打水漂；略读，浏览；略微讨论（或处理）（skim over）；（尤指一段时间内）挪用（小数额钱）；盗用（信用卡电子信息） | n. 液面上的表层物；浏览；脱脂品（尤指脱脂奶） | adj. 脱脂的；撇去浮沫的","skɪm","skɪm","02:19.84"
"1547","Week 7","47","transparent","adj. 透明的，清澈的；（过程、活动或组织）透明的，公开的","adj. 透明的，清澈的；（过程、活动或组织）透明的，公开的；明显的，一目了然的；（谎言或借口）易识破的；（思想、情感、动机）易被人所知的；（计算机）（过程、界面）透明的；（物理）可穿透的，（热、电磁波）可通过的","trænsˈpærənt","trænsˈpærənt","02:22.91"
"1548","Week 7","48","graceful","adj. 优美的，优雅的；得体的，有风度的","adj. 优美的，优雅的；得体的，有风度的","ˈɡreɪsf(ə)l","ˈɡreɪsf(ə)l","02:26.29"
"1549","Week 7","49","plow","n. 犁；犁过的地；v. 耕，犁；（用犁）挖出","n. 犁；犁过的地；雪犁；犁式；北斗七星（the Plow） | v. 耕，犁；（用犁）挖出；（用或仿佛用犁）划出（沟或线）；艰难地进行；奋力前进；（尤指车辆）猛撞；（用铲雪机）铲雪；（轮船，木船）穿过（水域），破浪前进","plaʊ","plaʊ","02:29.19"
"1550","Week 7","50","swear","v. 咒骂，诅咒；郑重承诺，发誓；n. 宣誓；诅咒","v. 咒骂，诅咒；郑重承诺，发誓；保证（所说属实）；使起誓（保密）；（尤指在法庭）宣誓，起誓 | n. 宣誓；诅咒","swer","sweə(r)","02:31.82"
"1551","Week 7","51","declaration","n. 声明，表白；申报（单）","n. 声明，表白；申报（单）；（板球）对一赛局结束的宣布；公告，宣告","ˌdekləˈreɪʃn","ˌdekləˈreɪʃ(ə)n","02:34.55"
"1552","Week 7","52","headquarters","n. 总部，总公司；司令部，指挥部","n. 总部，总公司；司令部，指挥部","ˈhedkwɔːrtərz","ˌhedˈkwɔːtəz","02:37.76"
"1553","Week 7","53","occupy","v. 使用（房屋、建筑），居住；占据（空间，时间）","v. 使用（房屋、建筑），居住；占据（空间，时间）；使忙于（做某事）；使一直在想；（军事）占领，占据；（尤指为表示抗议而）非法强占（建筑物）；任职，位居","ˈɑːkjupaɪ","ˈɒkjupaɪ","02:40.87"
"1554","Week 7","54","proficiency","n. 熟练，精通","n. 熟练，精通","prəˈfɪʃ(ə)nsi","prəˈfɪʃ(ə)nsi","02:43.82"
"1555","Week 7","55","scatter","v. 撒，播撒；（使）散开，（使）散布在各处；n. 零星散布的东西；（统计）（对某一变量作反复测量或观察所得数值的）离差","v. 撒，播撒；（使）散开，（使）散布在各处；（物理）散射（电磁辐射或粒子）；（棒球）（被击中但没有得分的）有效投（球） | n. 零星散布的东西；（统计）（对某一变量作反复测量或观察所得数值的）离差；（物理）（光、其他电磁波或粒子的）散射","ˈskætər","ˈskætə(r)","02:46.96"
"1556","Week 7","56","spine","n. 脊髓，脊柱；书脊","n. 脊髓，脊柱；书脊；（动植物的）刺，刺毛；中心力量，中流砥柱；骨气，勇气；直线型薪酬级别制；（地质）火山栓，熔岩塔","spaɪn","spaɪn","02:49.84"
"1557","Week 7","57","embarrass","v. （使）尴尬，窘迫；使难堪，使为难","v. （使）尴尬，窘迫；使难堪，使为难；妨碍（人，移动，行动）；使困难重重，使复杂化","ɪmˈbærəs","ɪmˈbærəs","02:52.95"
"1558","Week 7","58","liberate","v. 解放，解救；使自由，使摆脱约束","v. 解放，解救；使自由，使摆脱约束；偷窃；释放（气体、能量等）","ˈlɪbəreɪt","ˈlɪbəreɪt","02:56.19"
"1559","Week 7","59","presumably","adv. 大概，可能","adv. 大概，可能","prɪˈzuːməbli","prɪˈzjuːməbli","02:59.63"
"1560","Week 7","60","rip","v. （使）撕裂，（使）划破；迅速扯开，猛力去除；n. 裂口，裂缝；撕，撕破","v. （使）撕裂，（使）划破；迅速扯开，猛力去除；（迅速）贯穿，穿过；划出（孔洞），击穿；抢掠，剥夺；严厉批评，训斥；利用程序将（光盘上的音序）复制到硬盘驱动器上 | n. 裂口，裂缝；撕，撕破；欺诈，剽窃；（在电脑上制作的光碟）复制本；（由海、河中不同水流相遇造成的）裂流（激浪）水域，离岸流；生活放荡的人（尤指男人），浪子；调皮的人，淘气鬼（尤指小孩）；劣马，无用的马","rɪp","rɪp","03:02.99"
"1561","Week 7","61","childlike","adj. 天真烂漫的，孩子似的","adj. 天真烂漫的，孩子似的","ˈtʃaɪldlaɪk","ˈtʃaɪldlaɪk","03:05.84"
"1562","Week 7","62","hatred","n. 仇恨，憎恨，敌意","n. 仇恨，憎恨，敌意","ˈheɪtrɪd","ˈheɪtrɪd","03:09.16"
"1563","Week 7","63","pregnant","adj. 怀孕的，妊娠的；意味深长的，意义重大的","adj. 怀孕的，妊娠的；意味深长的，意义重大的","ˈpreɡnənt","ˈpreɡnənt","03:12.13"
"1564","Week 7","64","quake","v. （因恐惧、气愤等）发抖，颤抖；（建筑物等）震动，摇晃；n. 地震；颤抖，摇晃","v. （因恐惧、气愤等）发抖，颤抖；（建筑物等）震动，摇晃 | n. 地震；颤抖，摇晃","kweɪk","kweɪk","03:14.87"
"1565","Week 7","65","explosive","adj. 易爆的，可能引起爆炸的；（局势）一触即发的，爆炸性的；n. 炸药，爆炸物","adj. 易爆的，可能引起爆炸的；（局势）一触即发的，爆炸性的；暴躁的，易怒的；激增的；强有力的；（声音）轰响的；（浊音）爆发的，破裂的 | n. 炸药，爆炸物","ɪkˈsploʊsɪv","ɪkˈspləʊsɪv","03:17.94"
"1566","Week 7","66","cheerful","adj. 欢快的，高兴的；令人高兴的，令人愉快的","adj. 欢快的，高兴的；令人高兴的，令人愉快的；乐观的，开朗的","ˈtʃɪrf(ə)l","ˈtʃɪəf(ə)l","03:20.99"
"1567","Week 7","67","protein","n. 蛋白质，朊；adj. 蛋白质的","n. 蛋白质，朊 | adj. 蛋白质的","ˈproʊtiːn","ˈprəʊtiːn","03:23.83"
"1568","Week 7","68","sack","n. 麻布（或厚纸、塑料等）大袋；一袋（的量）；v. 解雇，开除；（军队或军事集团）劫掠，洗劫","n. 麻布（或厚纸、塑料等）大袋；一袋（的量）； 解雇（the sack）； 床（the sack）；（通常指在战争中）洗劫，劫掠；（棒球）垒；（在争球线后对四分卫的）擒杀；宽松直筒连衣裙（=sack dress）；宽松女袍；（流行于18世纪、系于礼服裙裙肩上的）宽褶后拖曳地裙裾；萨克葡萄酒 | v. 解雇，开除；（军队或军事集团）劫掠，洗劫；（在美式足球中）擒抱（四分卫）；把……装进袋里；上床睡觉（sack out）","sæk","sæk","03:26.67"
"1569","Week 7","69","substitute","n. 替代品，代替物；（体育比赛中的）替补队员；v. 用……代替；（比赛中）替换（运动员）；adj. 替代性的","n. 替代品，代替物；（体育比赛中的）替补队员；令人满意的替代物，与之媲美的事物；副职 | v. 用……代替；（比赛中）替换（运动员）；代替（某人的工作）；（化）取代（分子中的一个或一组原子，尤指氢原子） | adj. 替代性的","ˈsʌbstɪtuːt","ˈsʌbstɪtjuːt","03:29.85"
"1570","Week 7","70","checkpoint","n. 检查站，关卡；（计算机）检查点，校验点","n. 检查站，关卡；（计算机）检查点，校验点；（生物学）检验点","ˈtʃekpɔɪnt","ˈtʃekpɔɪnt","03:32.74"
"1571","Week 7","71","foresee","v. 预见，预知","v. 预见，预知","fɔːrˈsiː","fɔːˈsiː","03:36.03"
"1572","Week 7","72","summit","n. （政府间的）首脑会议，峰会；山顶，顶峰；adj. 最高级的，政府首脑的；v. 登上（顶峰）","n. （政府间的）首脑会议，峰会；山顶，顶峰；（成就的）顶点，最高点；最高阶层 | adj. 最高级的，政府首脑的 | v. 登上（顶峰）","ˈsʌmɪt","ˈsʌmɪt","03:38.84"
"1573","Week 7","73","optical","adj. 视力的，视觉的；有助于视力的，光学的；n. （一副）眼镜（opticals）","adj. 视力的，视觉的；有助于视力的，光学的；光读取的，光存贮的；（装置）光电的 | n. （一副）眼镜（opticals）","ˈɑːptɪk(ə)l","ˈɒptɪk(ə)l","03:42.03"
"1574","Week 7","74","slim","adj. 苗条的，纤细的；单薄的；v. （靠节食等）变苗条，减肥；减少（产品），缩减（人员）；n. （非洲）艾滋病；瘦身课程（或时期）","adj. 苗条的，纤细的；单薄的；（物）狭长的；（衣服）修长的，紧身的；（数量或数字）微小的；（公司或其他组织）精简的；诡计多端的，狡猾的 | v. （靠节食等）变苗条，减肥；减少（产品），缩减（人员） | n. （非洲）艾滋病；瘦身课程（或时期）","slɪm","slɪm","03:44.86"
"1575","Week 7","75","album","n. 唱片，专辑；相册，影集，集邮册","n. 唱片，专辑；相册，影集，集邮册","ˈælbəm","ˈælbəm","03:47.91"
"1576","Week 7","76","loop","n. 环形，环状物；循环胶片，循环磁带；v. 使成环，使绕成圈；成环形运动","n. 环形，环状物；循环胶片，循环磁带；（程序中）一套重复的指令；回线，回路；（铁道或公路的）环线；大环（指美国芝加哥市的商业中心）；（可改道的）会车线；翻筋斗（一种飞行特技）；（滑冰）单刃转圈 | v. 使成环，使绕成圈；成环形运动；播放一卷磁带，放一卷电影胶片，执行计算机指令","luːp","luːp","03:51.09"
"1577","Week 7","77","parliament","n. 议会，国会；英国议会（包括下议院和上议院）（Parliament）","n. 议会，国会；英国议会（包括下议院和上议院）（Parliament）；一届议会（会期）","ˈpɑːrləmənt","ˈpɑːləmənt","03:53.97"
"1578","Week 7","78","commence","v. 开始，着手","v. 开始，着手","kəˈmens","kəˈmens","03:56.94"
"1579","Week 7","79","spontaneous","adj. 自发的，非筹划安排的；（程序，事件）自发的，自然的","adj. 自发的，非筹划安排的；（程序，事件）自发的，自然的；（人）天真率直的；（生物）（机体活动）本能的","spɑːnˈteɪniəs","spɒnˈteɪniəs","03:60.00"
"1580","Week 7","80","whistle","n. 哨子；口哨声；v. 吹口哨，用口哨吹奏（曲调）；（向某人）吹口哨（以唤起注意或表示爱憎）","n. 哨子；口哨声；哨子声；（火车、船或工厂等地的）汽笛，警笛；汽笛声，警笛声；呼啸声；小竖笛；（鸟的）啭鸣声；一套衣服，一手同花色牌 | v. 吹口哨，用口哨吹奏（曲调）；（向某人）吹口哨（以唤起注意或表示爱憎）；吹哨示意；鸣响；（鸟）啭鸣；迅速移动，呼啸而过；得不到，空指望","ˈwɪs(ə)l","ˈwɪs(ə)l","04:03.37"
"1581","Week 7","81","auction","n. 拍卖；（桥牌）叫牌阶段；v. 拍卖","n. 拍卖；（桥牌）叫牌阶段 | v. 拍卖","ˈɔːkʃn","ˈɔːkʃ(ə)n","04:06.26"
"1582","Week 7","82","internal","adj. 内部的，体内的；内政的，国内的；n. 内部部件，内部特征；内脏","adj. 内部的，体内的；内政的，国内的；本身的，本质的；内心的；（大学生）本校生的 | n. 内部部件，内部特征；内脏","ɪnˈtɜːrn(ə)l","ɪnˈtɜːn(ə)l","04:08.99"
"1583","Week 7","83","physician","n. 医生，（尤指）内科医生；抚慰者","n. 医生，（尤指）内科医生；抚慰者","fɪˈzɪʃ(ə)n","fɪˈzɪʃ(ə)n","04:12.15"
"1584","Week 7","84","raid","n. 突袭，袭击；突击检查，突然搜查；v. 突袭，偷袭；突击搜捕，突然搜查","n. 突袭，袭击；突击检查，突然搜查；抢劫，打劫；（股票）恶意大量买进 | v. 突袭，偷袭；突击搜捕，突然搜查；抢劫，劫掠；扫荡（某处的食物）","reɪd","reɪd","04:15.43"
"1585","Week 7","85","stripe","n. 条纹，线条；（军装上表示等级的）臂章，军阶条；v. 给……加条纹","n. 条纹，线条；（军装上表示等级的）臂章，军阶条；类型，特点 | v. 给……加条纹","straɪp","straɪp","04:18.24"
"1586","Week 7","86","slender","adj. 苗条的，纤细的；（尤指竿、枝或茎）细长的，狭窄的","adj. 苗条的，纤细的；（尤指竿、枝或茎）细长的，狭窄的；微薄的，不足的","ˈslendər","ˈslendə(r)","04:21.59"
"1587","Week 7","87","aspiration","n. 渴望，抱负，志向；送气音","n. 渴望，抱负，志向；送气音；吸引术，抽吸","ˌæspəˈreɪʃ(ə)n","ˌæspəˈreɪʃ(ə)n","04:24.35"
"1588","Week 7","88","marginal","adj. 小的，微不足道的；（活动、花费、税项等）边际的；n. 岸边水生植物；边缘席位","adj. 小的，微不足道的；（活动、花费、税项等）边际的；非主流的，边缘的；以相差无几的票数获胜（或失败）的；写在页边空白的；贫瘠的 | n. 岸边水生植物；边缘席位","ˈmɑːrdʒɪn(ə)l","ˈmɑːdʒɪn(ə)l","04:27.66"
"1589","Week 7","89","provoke","v. 激起，引起；激励，刺激","v. 激起，引起；激励，刺激；挑衅，激怒","prəˈvoʊk","prəˈvəʊk","04:30.84"
"1590","Week 7","90","satisfied","adj. 满意的，满足的；确信的，信服的；v. 使满意；满足（要求、需要等）","adj. 满意的，满足的；确信的，信服的 | v. 使满意；满足（要求、需要等）；使确信（satisfy 的过去式和过去分词形式）","ˈsætɪsfaɪd","ˈsætɪsfaɪd","04:33.86"
"1591","Week 7","91","outset","n. 开始，开端","n. 开始，开端","ˈaʊtset","ˈaʊtset","04:37.17"
"1592","Week 7","92","coarse","adj. 粗糙的，粗织的；粗的，大颗粒的","adj. 粗糙的，粗织的；粗的，大颗粒的；粗鲁的，粗俗的；（人的容貌）难看的，不雅的；（食物，饮料）粗劣的；与钓淡水鱼有关的","kɔːrs","kɔːs","04:40.27"
"1593","Week 7","93","weave","v. （用织布机）编，织；（用……）编成；n. 编法，织法，编织式样；编织图案","v. （用织布机）编，织；（用……）编成；编造（故事或计划）；将（素材等）编入（故事或设计中）；迂回行进，穿行（以避开障碍）；（蜘蛛）结网；（驾机）绕飞，作闪避动作；（马）不断左右摇晃头部和前身 | n. 编法，织法，编织式样；编织图案；（使头发显得厚密或更长的）织发","wiːv","wiːv","04:43.06"
"1594","Week 7","94","rag","n. 抹布，破布；破衣烂衫（rags）；v. 嘲笑，戏弄；责骂，呵斥；abbr. （RAG）检索增强生成（retrieval-augmented generation）","n. 抹布，破布； 破衣烂衫（rags）；服装（rags）；质量低劣的报纸，小报；雷格泰姆乐曲；（学生每年组织的）慈善募捐活动；石板瓦；坚硬石灰岩，硬质岩石（=ragstone） | v. 嘲笑，戏弄；责骂，呵斥；用碎布将（油漆）擦在表面上；（冰球）（为掌握比赛节奏）运球，带球；变破碎 | abbr. （RAG）检索增强生成（retrieval-augmented generation）","ræɡ","ræɡ","04:45.88"
"1595","Week 7","95","speciality","n. 特色菜，特产；特制品，特需品","n. 特色菜，特产；特制品，特需品；专业，专长；医学专科，专外科；常做之事","ˌspeʃiˈæləti","ˌspeʃiˈæləti","04:48.85"
"1596","Week 7","96","tag","n. 标签，标牌；称呼，诨名；v. 给……加上标签；把……称作","n. 标签，标牌；称呼，诨名；（电子）追踪器；带创作者名字的涂鸦；（计算机）标识符；（儿童玩的）捉人游戏； 附加疑问句；一小部分；（棒球）触杀；引语，格言，谚语；（机动车的）牌照；一簇纠结的羊毛；（动物颜色鲜艳的）尾尖；（鞋带上的金属或塑料）包头；（戏剧的）终场词；叠歌，副歌 | v. 给……加上标签；把……称作；涂鸦； 给（计算机程序或文件）加标记；（在捉人游戏中）触摸；触杀（跑垒员）；（跑垒员）用脚触垒； 尾随；（尤指没被邀请而）跟随（或陪伴）；添加；给……装跟踪器；给（羊）剪去纠结的毛","tæɡ","tæɡ","04:52.08"
"1597","Week 7","97","skeleton","n. 骨骼，骨架；梗概，提纲；adj. （员工）最基本的，基干的","n. 骨骼，骨架；梗概，提纲；骨瘦如柴的人（或动物）；（建筑物、桥梁等的）框架，骨架；（维持运转所需的）最少人员，基干人员；钢架雪车 | adj. （员工）最基本的，基干的","ˈskelɪt(ə)n","ˈskelɪt(ə)n","04:55.00"
"1598","Week 7","98","withstand","v. 顶住，抵住；经受住，承受住（攻击、批评等）","v. 顶住，抵住；经受住，承受住（攻击、批评等）；反抗","wɪðˈstænd","wɪðˈstænd","04:58.21"
"1599","Week 7","99","fragment","n. 碎片；片段；v. （使）破碎，分裂","n. 碎片；片段；残存部分 | v. （使）破碎，分裂","ˈfræɡmənt","ˈfræɡmənt","05:01.61"
"1600","Week 7","100","quest","n. （长久或辛勤的）寻求，探求；（中世纪传奇故事中骑士的）探险；v. 探寻，寻求","n. （长久或辛勤的）寻求，探求；（中世纪传奇故事中骑士的）探险 | v. 探寻，寻求","kwest","kwest","05:06.36"
"1601","Week 7","101","surrender","v. 投降；任凭摆布，沉溺于；n. 投降，自首；屈服，屈从","v. 投降；任凭摆布，沉溺于；（被迫）交出，放弃；（向官员）交出（证件）；（体育运动中）失利（或丢分）；退保；期满前就放弃（租借物） | n. 投降，自首；屈服，屈从；（尤指在战争等过后）放弃，交出；退保","səˈrendər","səˈrendə(r)","05:09.00"
"1602","Week 7","102","dizzy","adj. 头晕目眩的；使人眩晕的，使人感到变化太快的；v. 使眩晕，使晕头转向；使困惑，使思想混乱","adj. 头晕目眩的；使人眩晕的，使人感到变化太快的；傻乎乎的，蠢的；粗心大意的，心不在焉的 | v. 使眩晕，使晕头转向；使困惑，使思想混乱","ˈdɪzi","ˈdɪzi","05:12.03"
"1603","Week 7","103","rear","n. （尤指建筑物或车辆等的）后部，背部（the rear）；（队列的）后方，后尾部队（或舰队）；adj. 后方的，背部的；v. 养育，饲养；栽种，培植；adv. 向后，在后面","n. （尤指建筑物或车辆等的）后部，背部（the rear）；（队列的）后方，后尾部队（或舰队）；臀部，屁股（=rear end） | adj. 后方的，背部的 | v. 养育，饲养；栽种，培植；（动物）用后腿直立；（建筑、山等）高耸；（人）发火，暴跳（rear up） | adv. 向后，在后面","rɪr","rɪə(r)","05:14.70"
"1604","Week 7","104","vibrate","v. （使）震动，（使）颤动；摇摆，踌躇","v. （使）震动，（使）颤动；摇摆，踌躇","ˈvaɪbreɪt","vaɪˈbreɪt","05:17.64"
"1605","Week 7","105","harness","v. 控制并利用；（把动物）拴在一起（或拴到某物上）；n. （马的）挽具，马具；系带，吊带","v. 控制并利用；（把动物）拴在一起（或拴到某物上）；给（马）套上挽具；连接，串联 | n. （马的）挽具，马具；系带，吊带；日常工作","ˈhɑːrnɪs","ˈhɑːnɪs","05:20.93"
"1606","Week 7","106","realm","n. （知识、活动、思想的）领域，范围；王国","n. （知识、活动、思想的）领域，范围；王国；（动物学）界（对地球表面所作的最主要的生物地理划分）","relm","relm","05:23.84"
"1607","Week 7","107","thereby","adv. 因此，从而","adv. 因此，从而","ˌðerˈbaɪ","ˌðeəˈbaɪ","05:26.61"
"1608","Week 7","108","crust","n. 面包皮；（馅饼或比萨饼等的）酥皮；v. 形成（或结成）硬皮（或硬壳）","n. 面包皮；（馅饼或比萨饼等的）酥皮；硬外皮，硬外壳；地壳；生活，生计 | v. 形成（或结成）硬皮（或硬壳）","krʌst","krʌst","05:29.92"
"1609","Week 7","109","pillar","n. 柱子，支柱；主心骨，栋梁；v. 用柱支撑","n. 柱子，支柱；主心骨，栋梁；（组织、制度、信仰等的）核心，基础；柱状物；纪念柱；煤柱，矿柱 | v. 用柱支撑","ˈpɪlər","ˈpɪlə(r)","05:32.86"
"1610","Week 7","110","shrug","v. （表示不知道或不感兴趣）耸（肩）；n. 耸肩；女式紧身短套衫，女式带袖短披肩","v. （表示不知道或不感兴趣）耸（肩） | n. 耸肩；女式紧身短套衫，女式带袖短披肩","ʃrʌɡ","ʃrʌɡ","05:35.36"
"1611","Week 7","111","harbo(u)r","n. 港口；避难所，避风港；v. 窝藏，庇护；心怀（想法、感受等）","n. 港口；避难所，避风港 | v. 窝藏，庇护；心怀（想法、感受等）；带有（某种疾病）的病菌；为……提供住所（或动物栖息地）","ˈhɑːrbər","ˈhɑːbə(r)","05:38.39"
"1612","Week 7","112","reclaim","v. 要求归还；利用，改造（荒地）；n. 归还要求（或主张）","v. 要求归还；利用，改造（荒地）；回收（废品中有用的东西）；感化，使纠正 | n. 归还要求（或主张）","rɪˈkleɪm","rɪˈkleɪm","05:41.13"
"1613","Week 7","113","illustration","n. 插图，图解；说明，例释","n. 插图，图解；说明，例释；实例，示例","ˌɪləˈstreɪʃ(ə)n","ˌɪləˈstreɪʃ(ə)n","05:44.29"
"1614","Week 7","114","regarding","prep. 关于，至于；v. 看待，认为；（尤指以某种方式）注视，凝视","prep. 关于，至于 | v. 看待，认为；（尤指以某种方式）注视，凝视；注意，听从（regard 的现在分词形式）","rɪˈɡɑːrdɪŋ","rɪˈɡɑːdɪŋ","05:47.53"
"1615","Week 7","115","devil","n. 魔鬼；魔王，撒旦（the Devil）；v. 困扰，使担忧；抹辣味料烤（肉等）","n. 魔鬼；魔王，撒旦（the Devil）；家伙，人；恶棍；淘气鬼，冒失鬼；棘手的事，麻烦事；（出庭律师或其他专业人士的）助手；切碎机 | v. 困扰，使担忧；抹辣味料烤（肉等）；（用扯碎机）扯碎（破布）；做律师（或作家等）的助手","ˈdev(ə)l","ˈdev(ə)l","05:50.57"
"1616","Week 7","116","plug","n. 插头；插座；v. 堵，塞；补足","n. 插头；插座；（洗涤槽或浴缸的）塞子；堵塞物；棉球，药棉；螺钉楔子；（车辆引擎的）火花塞；推销，宣传；（压实的）块，口嚼烟；（婴儿的）橡皮奶头；岩颈；（供移植的）幼苗，草皮；鱼饵；消防栓；疲惫的马 | v. 堵，塞；补足；接电源，插插头；推广，宣传；射击，射杀；艰难地走，埋头于","plʌɡ","plʌɡ","05:53.41"
"1617","Week 7","117","startle","v. 使吓一跳，使惊奇；n. 惊愕，惊恐","v. 使吓一跳，使惊奇 | n. 惊愕，惊恐","ˈstɑːrt(ə)l","ˈstɑːt(ə)l","05:56.31"
"1618","Week 7","118","cliff","n. 悬崖，峭壁","n. 悬崖，峭壁","klɪf","klɪf","05:59.43"
"1619","Week 7","119","hearing","n. 听力，听觉；审讯，听证会；v. 听到，听见；聆听，倾听","n. 听力，听觉；审讯，听证会；解释机会，申辩机会；听力范围 | v. 听到，听见；聆听，倾听；听说，得知（动词hear 的现在分词形式）","ˈhɪrɪŋ","ˈhɪərɪŋ","06:02.06"
"1620","Week 7","120","privilege","n. 特权，特殊待遇；荣幸，光荣；v. 给予特权，特别优待；特免，免除（某人）","n. 特权，特殊待遇；荣幸，光荣；（富人或上层阶级的）权势；（律师、医生及其他专业人士的）保密权；言行免责权（尤指议员的权利）；（授予个人，公司，某地的）特许经营权；（生活）优越 | v. 给予特权，特别优待；特免，免除（某人）","ˈprɪvəlɪdʒ","ˈprɪvəlɪdʒ","06:05.10"
"1621","Week 7","121","sceptical","adj. 持怀疑态度的，不相信的；（哲）怀疑论的，不可知论的","adj. 持怀疑态度的，不相信的；（哲）怀疑论的，不可知论的","ˈskeptɪk(ə)l","ˈskeptɪk(ə)l","06:08.21"
"1622","Week 7","122","transmission","n. （无线电、电视等信号的）播送，发送；（电台或电视等的）信息，广播","n. （无线电、电视等信号的）播送，发送；（电台或电视等的）信息，广播；传递，传播，传染；（车辆的）传动装置，变速器","trænzˈmɪʃ(ə)n","trænzˈmɪʃ(ə)n","06:11.47"
"1623","Week 7","123","destructive","adj. 破坏性的，毁灭性的","adj. 破坏性的，毁灭性的","dɪˈstrʌktɪv","dɪˈstrʌktɪv","06:14.67"
"1624","Week 7","124","humble","adj. 谦虚的，谦卑的；（级别或地位）低下的，卑微的；v. 使谦卑，使感到自惭；（轻易）击败（强敌）","adj. 谦虚的，谦卑的；（级别或地位）低下的，卑微的；简陋的，没有特别之处的 | v. 使谦卑，使感到自惭；（轻易）击败（强敌）","ˈhʌmb(ə)l","ˈhʌmb(ə)l","06:17.97"
"1625","Week 7","125","snap","v. （使咔嚓）断裂，绷断；（使啪地）打开，关上，移动；n. 喀嚓声，啪嗒声；快照，照片；adj. 突然的，仓促的；int. 真巧啊，一模一样；（呼“同”牌游戏中的）“同！”","v. （使咔嚓）断裂，绷断；（使啪地）打开，关上，移动；厉声说，怒气冲冲地说；突然失控，精神崩溃；（狗等动物）突然咬；拍照，摄影；使……终结；噼啪地响；打响指；快速后传（球）；用子母扣扣 | n. 喀嚓声，啪嗒声；快照，照片；摁扣，搭扣；呼“同”牌游戏；容易的事；某种短时期的天气；迅速的动作；（裆下后传）发球；（风格或动作）充满活力；不耐烦的语调（或样子）；食物；薄脆饼干；突然折断 | adj. 突然的，仓促的 | int. 真巧啊，一模一样；（呼“同”牌游戏中的）“同！”","snæp","snæp","06:20.74"
"1626","Week 7","126","provided","conj. 假如，只要，在……条件下；v. 提供；规定","conj. 假如，只要，在……条件下 | v. 提供；规定；为（可能事件）作充分准备（provide 的过去式和过去分词形式）","prəˈvaɪdɪd","prəˈvaɪdɪd","06:23.89"
"1627","Week 7","127","shallow","adj. 浅的，不深的；肤浅的，浅薄的；n. （海、湖或河的）浅水处，浅滩（shallows）；v. （使）变浅","adj. 浅的，不深的；肤浅的，浅薄的；（呼吸）浅的，微弱的；平缓的；靠近内线的 | n. （海、湖或河的）浅水处，浅滩（shallows） | v. （使）变浅","ˈʃæloʊ","ˈʃæləʊ","06:26.51"
"1628","Week 7","128","stagger","v. 摇摇晃晃地走，蹒跚；使震惊，使大吃一惊；n. 踉跄，蹒跚；使（物体，物体的组成部分）交错排列；adj. 交错的，错开的","v. 摇摇晃晃地走，蹒跚；使震惊，使大吃一惊；使交错，使错开 | n. 踉跄，蹒跚；使（物体，物体的组成部分）交错排列；赛跑选手起跑时的梯形排列 | adj. 交错的，错开的","ˈstæɡər","ˈstæɡə(r)","06:29.46"
"1629","Week 7","129","machinery","n. 机器，机械（尤指大型机械）；体系，机制","n. 机器，机械（尤指大型机械）；体系，机制；运转部份，装置","məˈʃiːnəri","məˈʃiːnəri","06:32.47"
"1630","Week 7","130","anchor","n. 锚；支柱，靠山；v. 抛锚，泊（船）；使稳固，使固定；adj. 末棒的，最后一棒的","n. 锚；支柱，靠山；商场；新闻节目主持人；（汽车的）刹车 | v. 抛锚，泊（船）；使稳固，使固定；成为支柱；主持（新闻节目）；使扎根，使基于；支持，保护 | adj. 末棒的，最后一棒的","ˈæŋkər","ˈæŋkə(r)","06:35.58"
"1631","Week 7","131","waken","v. 唤醒，醒来；唤起（记忆）","v. 唤醒，醒来；唤起（记忆）","ˈweɪkən","ˈweɪkən","06:38.40"
"1632","Week 7","132","proclaim","v. （正式）宣告，（公开）声明；强调，声称","v. （正式）宣告，（公开）声明；强调，声称；（标志或通知）宣传，告知；清楚表明，显示","prəˈkleɪm","prəˈkleɪm","06:41.38"
"1633","Week 7","133","roast","v. 炙，烘（食物，尤指肉）；严厉批评，斥责；n. （大块）烤肉，待烤的肉；（讲述主角趣事的）庆祝会；adj. 烘烤的，烤制的","v. 炙，烘（食物，尤指肉）； 严厉批评，斥责； 和善地戏弄； （尤指通过暴露在太阳下或炉火前）使受热发烫；以火刑折磨；烘干，烘焙（食品原料，金属矿等）；焙，炒（坚果、豆子等）；变热 | n. （大块）烤肉，待烤的肉；（讲述主角趣事的）庆祝会；户外烧烤野餐；烤，炙，烘（尤指咖啡）；（某种）烘过的咖啡 | adj. 烘烤的，烤制的","roʊst","rəʊst","06:44.47"
"1634","Week 7","134","succeed","v. 成功，达成；（学业、事业或其他活动）表现出色，有作为","v. 成功，达成；（学业、事业或其他活动）表现出色，有作为；取得预期效果，表现良好；继任，接任；接替，随后出现；结果却是……；若一次不成功，要再接再厉","səkˈsiːd","səkˈsiːd","06:47.48"
"1635","Week 7","135","congratulate","v. 祝贺，向……道贺；感到高兴（或自豪）","v. 祝贺，向……道贺；感到高兴（或自豪）","kənˈɡrætʃəleɪt","kənˈɡrætʃəleɪt","06:50.44"
"1636","Week 7","136","liar","n. 骗子，说谎者","n. 骗子，说谎者","ˈlaɪər","ˈlaɪə(r)","06:53.81"
"1637","Week 7","137","quarrel","n. 争吵，拌嘴；抱怨（或不赞成）的理由；v. 争吵，吵架；不同意，反对","n. 争吵，拌嘴；抱怨（或不赞成）的理由；（用石弓或劲弩发射的）方镞箭，方头投射物 | v. 争吵，吵架；不同意，反对；抱怨","ˈkwɑːrəl","ˈkwɒrəl","06:56.54"
"1638","Week 7","138","senate","n. 参议院；大学理事会，大学评议会","n. 参议院；大学理事会，大学评议会；（古罗马的）元老院","ˈsenət","ˈsenət","06:59.57"
"1639","Week 7","139","undo","v. 解开，松开；消除……影响或结果，使恢复原状；n. （计算机）撤消还原","v. 解开，松开；消除……影响或结果，使恢复原状；撤销（先前的计算机指令）；破坏，毁掉 | n. （计算机）撤消还原","ʌnˈduː","ʌnˈduː","07:02.78"
"1640","Week 7","140","auxiliary","adj. 辅助的；备用的，后备的；n. 助手，辅助人员；外国援军士兵，雇佣兵","adj. 辅助的；备用的，后备的 | n. 助手，辅助人员；外国援军士兵，雇佣兵；附属机构；志愿队；辅助舰船；助动词","ɔːɡˈzɪliəri","ɔːɡˈzɪliəri","07:05.59"
"1641","Week 7","141","forge","v. 形成，缔造；伪造，假冒；n. 锻铁炉，锻造车间","v. 形成，缔造；伪造，假冒；稳步前进；锻造；伪装，假冒 | n. 锻铁炉，锻造车间","fɔːrdʒ","fɔːdʒ","07:08.69"
"1642","Week 7","142","mercy","n. 仁慈，宽恕；幸运，恩惠；int. 哎呀（表示惊讶、震惊或害怕）","n. 仁慈，宽恕；幸运，恩惠；慈善，怜悯 | int. 哎呀（表示惊讶、震惊或害怕）","ˈmɜːrsi","ˈmɜːsi","07:11.77"
"1643","Week 7","143","scarcely","adv. 勉强，几乎不；刚……（就……），才","adv. 勉强，几乎不；刚……（就……），才；决不，一定不","ˈskersli","ˈskeəsli","07:14.60"
"1644","Week 7","144","comparison","n. 比较，对照；相提并论，相比","n. 比较，对照；相提并论，相比；比喻，比拟；（副词或形容词的）比较（变化）","kəmˈpærɪsn","kəmˈpærɪs(ə)n","07:18.00"
"1645","Week 7","145","harmony","n. 和声，和弦；融洽，和睦","n. 和声，和弦；融洽，和睦；和谐，协调；（内心的）平静；四福音书的对照统一文本，（内容相似文本的）统一对照本","ˈhɑːrməni","ˈhɑːməni","07:21.14"
"1646","Week 7","146","partial","adj. 部分的，不完全的；偏袒的，不公平的；n. （乐）分音，泛音","adj. 部分的，不完全的；偏袒的，不公平的；偏爱的 | n. （乐）分音，泛音","ˈpɑːrʃ(ə)l","ˈpɑːʃ(ə)l","07:24.03"
"1647","Week 7","147","ratio","n. 比率，比例","n. 比率，比例","ˈreɪʃioʊ","ˈreɪʃiəʊ","07:26.73"
"1648","Week 7","148","textile","n. 纺织物，织物；纺织业（textiles）；adj. 纺织的；非自然主义者的，限于着衣者的（裸体主义者用语）","n. 纺织物，织物；纺织业（textiles）；着衣者，非自然主义者 | adj. 纺织的；非自然主义者的，限于着衣者的（裸体主义者用语）","ˈtekstaɪl","ˈtekstaɪl","07:29.69"
"1649","Week 7","149","tick","n. 钩号；一瞬间；v. （钟或其他机械装置）发出滴答声；打钩，做记号","n. 钩号；一瞬间；（钟表等的）嘀嗒声；壁虱；赊购；（股票）点；一文不值的人，可鄙的人；褥套；（做垫套用的）坚质（条纹）布料（ticking 的简称） | v. （钟或其他机械装置）发出滴答声；打钩，做记号；进展，进步；正常运转；轻触，轻击； （某人的思想、愿望或情感使其）做出……举动，有……的行为","tɪk","tɪk","07:32.87"
"1650","Week 7","150","oval","adj. 椭圆形的，卵形的；n. 椭圆形（物），卵形（物）；椭圆形体育场，椭圆形跑道","adj. 椭圆形的，卵形的 | n. 椭圆形（物），卵形（物）；椭圆形体育场，椭圆形跑道；澳式橄榄球场","ˈoʊv(ə)l","ˈəʊv(ə)l","07:35.64"
"1651","Week 7","151","specimen","n. 样品，标本；（尤指动植物的）实例","n. 样品，标本；（尤指动植物的）实例；（化验的）抽样，血样，尿样；具有……特性的人（幽默用法）","ˈspesɪmən","ˈspesɪmən","07:38.29"
"1652","Week 7","152","aboard","adv. 在（船、飞机、火车等）上；上（船、飞机、火车等）；prep. 在（船、飞机、火车等）上；上（船、飞机、火车等）","adv. 在（船、飞机、火车等）上；上（船、飞机、火车等）；骑在（马）上，跨上（马）；（棒球）在垒上；加入，加盟 | prep. 在（船、飞机、火车等）上；上（船、飞机、火车等）；骑在（马）上","əˈbɔːrd","əˈbɔːd","07:41.35"
"1653","Week 7","153","manoeuvre","n. 熟练（谨慎）的动作；军事演习；v. （使谨慎或熟练地）移动；操纵，控制","n. 熟练（谨慎）的动作；军事演习；策略，花招；欺诈性操作 | v. （使谨慎或熟练地）移动；操纵，控制","məˈnuːvər","məˈnuːvə(r)","07:44.39"
"1654","Week 7","154","scream","v. （因伤痛、害怕、激动等）尖叫；（向某人或为某事）高声喊，大声叫；n. （因疼痛、惊恐、兴奋等发出的）尖叫声；（动物的）高声尖叫","v. （因伤痛、害怕、激动等）尖叫；（向某人或为某事）高声喊，大声叫；发出尖锐的响声；呼啸而过；（使）醒目，（使）触目惊心（=scream out）；呼吁，抗议；清晰地表明；颜色不相配 | n. （因疼痛、惊恐、兴奋等发出的）尖叫声；（动物的）高声尖叫；尖锐刺耳的声音；极其滑稽可笑的人（或事物、场面）","skriːm","skriːm","07:47.45"
"1655","Week 7","155","pierce","v. （锋利尖锐物体）刺入，刺穿；（在身体某部位）扎眼，穿孔（以佩戴珠宝）","v. （锋利尖锐物体）刺入，刺穿；（在身体某部位）扎眼，穿孔（以佩戴珠宝）；（声或光）穿过，透入；冲过，突破；让某人心如刀割，深深地打动","pɪrs","pɪəs","07:50.69"
"1656","Week 7","156","steep","adj. （路、山等）陡峭的；（价格，需求）难以接受的，过高的；v. 浸泡（食物）；使沉浸，使沉湎；n. 悬崖，陡坡；用于浸泡的溶液","adj. （路、山等）陡峭的；（价格，需求）难以接受的，过高的；（增加或减少）急剧的，大幅度的 | v. 浸泡（食物）；使沉浸，使沉湎 | n. 悬崖，陡坡；用于浸泡的溶液","stiːp","stiːp","07:53.77"
"1657","Week 7","157","forehead","n. 前额","n. 前额","ˈfɔːrhed","ˈfɔːhed; ˈfɒrɪd","07:57.06"
"1658","Week 7","158","barn","n. 畜棚，谷仓；空荡荡的大建筑；v. 把……贮存入仓","n. 畜棚，谷仓；空荡荡的大建筑；（停放汽车、火车等的）大车库；（尤用于粒子物理学）靶（恩） | v. 把……贮存入仓","bɑːrn","bɑːn","08:00.53"
"1659","Week 7","159","fluctuate","v. 波动，起伏不定；使波动，使动摇","v. 波动，起伏不定；使波动，使动摇","ˈflʌktʃueɪt","ˈflʌktʃueɪt","08:02.52"
"1660","Week 7","160","lodge","v. （使）固定，（使）卡住；（通常付住宿费地）借住，寄住，（为某人）提供住宿；n. （公园或宅第的）门口小屋，门房；（大学、机构等的）门房，管理员室","v. （使）固定，（使）卡住；（通常付住宿费地）借住，寄住，（为某人）提供住宿；存放，寄放（贵重物品）；正式提出（投诉、要求等）；铭记，留存 | n. （公园或宅第的）门口小屋，门房；（大学、机构等的）门房，管理员室；（乡村或山间供狩猎者等使用的）小屋，小舍；（地方分会会员的）集会地，活动地；（河狸或水獭的）穴，窝；印第安锥形棚屋；（剑桥的）学院院长住宅；用于名字中宅，舍，旅馆","lɑːdʒ","lɒdʒ","08:05.96"
"1661","Week 7","161","relativity","n. （物理）相对论；相对性","n. （物理）相对论；相对性","ˌreləˈtɪvəti","ˌreləˈtɪvəti","08:08.84"
"1662","Week 7","162","sore","adj. （发炎）疼痛的，酸痛的；恼火的，恼怒的；n. 伤处，痛处，疮；痛处，伤心事","adj. （发炎）疼痛的，酸痛的；恼火的，恼怒的；（精神上）痛苦的，困扰的；极度的，非常的 | n. 伤处，痛处，疮；痛处，伤心事","sɔːr","sɔː(r)","08:12.19"
"1663","Week 7","163","banquet","n. 宴会，盛宴；筵席，宴席；v. 宴请；参加宴会","n. 宴会，盛宴；筵席，宴席 | v. 宴请；参加宴会","ˈbæŋkwɪt","ˈbæŋkwɪt","08:15.19"
"1664","Week 7","164","greedy","adj. 贪婪的，贪心的；贪吃的，嘴馋的","adj. 贪婪的，贪心的；贪吃的，嘴馋的；渴望的","ˈɡriːdi","ˈɡriːdi","08:18.28"
"1665","Week 7","165","allowance","n. 津贴，补助；限额，定量；v. 为（某人）提供津贴；定量供应（物品）","n. 津贴，补助；限额，定量；折价，折扣；免税额；零花钱；考虑到的事情；体谅，原谅；允许，认可；（赛马）减载量 | v. 为（某人）提供津贴；定量供应（物品）","əˈlaʊəns","əˈlaʊəns","08:21.16"
"1666","Week 7","166","loyal","adj. 忠诚的，忠贞的","adj. 忠诚的，忠贞的","ˈlɔɪəl","ˈlɔɪəl","08:24.04"
"1667","Week 7","167","loyalty","n. 忠诚，忠贞；忠于……的强烈情感","n. 忠诚，忠贞；忠于……的强烈情感","ˈlɔɪəlti","ˈlɔɪəlti","08:26.89"
"1668","Week 7","168","verify","v. 核实，查证；证明，证实","v. 核实，查证；证明，证实","ˈverɪfaɪ","ˈverɪfaɪ","08:30.23"
"1669","Week 7","169","folklore","n. 民间传说，民俗；民俗学","n. 民间传说，民俗；民俗学","ˈfoʊklɔːr","ˈfəʊklɔː(r)","08:33.32"
"1670","Week 7","170","pulse","n. 脉搏，脉率；强劲的音乐节拍，律动；v. （有节奏地）搏动，跳动；产生节奏","n. 脉搏，脉率； 强劲的音乐节拍，律动；（声波、光波或电流的）脉冲；（生化）（供细胞培养的）冲量； 冲动；共有立场，心态；（喻）（活力或组织的）核心；（可食用的）豆子 | v. （有节奏地）搏动，跳动；产生节奏；洋溢着，充满（激情等）；用脉冲调制（波，光束）；应用脉冲信号于（装置）；（生化）用同位素脉冲标记（培养中的细胞）（pulse-label 的简称）；有节奏地驱动（食物搅拌机）","pʌls","pʌls","08:36.28"
"1671","Week 7","171","defect","n. 缺点，缺陷，毛病；v. 背叛，叛变","n. 缺点，缺陷，毛病 | v. 背叛，叛变","ˈdiːfekt","ˈdiːfekt","08:39.32"
"1672","Week 7","172","periodical","n. （尤指学术）期刊；adj. 间发性的，定期的，周期的；（杂志，报纸）定期出版的","n. （尤指学术）期刊 | adj. 间发性的，定期的，周期的；（杂志，报纸）定期出版的","ˌpɪriˈɑːdɪk(ə)l","ˌpɪəriˈɒdɪk(ə)l","08:44.08"
"1673","Week 7","173","spit","v. 啐唾沫（常表示愤怒或鄙视）；吐出（食物，液体）；n. 唾液，口水；烤肉扦子","v. 啐唾沫（常表示愤怒或鄙视）；吐出（食物，液体）；怒斥；（火，煮物）爆出火花，发出噼啪声，（使）迸溅；（发怒时）发呼噜呼噜声；下小雨；将烤肉扦子戳入（肉）中以便放在火上烤；表演说唱音乐 | n. 唾液，口水；烤肉扦子；岬角，海岬；几乎长得一模一样的人；锹深的泥土层；啐唾沫，吐痰，吐食物；沙嘴","spɪt","spɪt","08:47.62"
"1674","Week 7","174","reconcile","v. 调和，使协调一致；（使）和解，（使）恢复友好关系","v. 调和，使协调一致；（使）和解，（使）恢复友好关系；调停，调解（争吵）；使顺从于，使接受；核对，查核（账目）","ˈrekənsaɪl","ˈrekənsaɪl","08:50.43"
"1675","Week 7","175","faithful","adj. 忠实的，忠诚的；如实的，忠于原事（物）的；n. 忠实支持者（the faithful）","adj. 忠实的，忠诚的；如实的，忠于原事（物）的；忠贞的；可信任的，可信赖的 | n. 忠实支持者（the faithful）","ˈfeɪθf(ə)l","ˈfeɪθf(ə)l","08:53.55"
"1676","Week 7","176","solemn","adj. 表情严肃的，庄严的；（承诺、协定等）庄严的，郑重的","adj. 表情严肃的，庄严的；（承诺、协定等）庄严的，郑重的；（仪式）庄严的，隆重的","ˈsɑːləm","ˈsɒləm","08:56.61"
"1677","Week 7","177","rebel","n. 造反者，反抗者；反抗权威者；v. 反叛，造反；违抗，不服从（权威）；adj. 造反的；反抗的","n. 造反者，反抗者；反抗权威者；叛逆者，不守规矩者 | v. 反叛，造反；违抗，不服从（权威）；反对，反抗（规定、行为规范等）；（胃、腿、头脑等）不听使唤 | adj. 造反的；反抗的","ˈreb(ə)l; rɪˈbel","ˈreb(ə)l; rɪˈbel","08:59.57"
"1678","Week 7","178","synthetic","adj. 合成的，人造的；（感情，行动）不诚恳的，虚假的；n. 合成物，合成纤维（织物）","adj. 合成的，人造的；（感情，行动）不诚恳的，虚假的；（语言）综合型的；（命题）综合的 | n. 合成物，合成纤维（织物）","sɪnˈθetɪk","sɪnˈθetɪk","09:03.44"
"1679","Week 7","179","exterior","adj. 外部的，外面的；外表的，表面的；n. 外观，外部；外貌","adj. 外部的，外面的；外表的，表面的；（电影场景）外部拍摄的 | n. 外观，外部；外貌","ɪkˈstɪriər","ɪkˈstɪəriə(r)","09:06.48"
"1680","Week 7","180","interior","adj. 内部的，里面的；国内的，内政的；n. 内部，里面；内陆，腹地","adj. 内部的，里面的；国内的，内政的；内心的，本质的；内陆的，腹地的 | n. 内部，里面；内陆，腹地；（本国的）内政，内务；（建筑物或房间内的）内景；内心，本质","ɪnˈtɪriər","ɪnˈtɪəriə(r)","09:09.67"
"1681","Week 7","181","republic","n. 共和国，共和政体","n. 共和国，共和政体","rɪˈpʌblɪk","rɪˈpʌblɪk","09:13.13"
"1682","Week 7","182","render","v. 使成为，使处于某种状态；给予，提供；n. 底灰，底泥；交纳","v. 使成为，使处于某种状态；给予，提供；（以某种方式）表达，表现；粉刷，往（墙上）抹灰；将（脂肪）熬成油，使熔化；正式宣布（判决或决定）；（供审查，考虑）提交，呈报；放弃，献出；演奏，演唱；翻译；绘制（指用色彩和明暗使轮廓图像具立体感）；秘密引渡（外国罪犯、恐怖嫌疑犯）；从（动物身体）提取（蛋白质、脂肪及其他可用部分） | n. 底灰，底泥；交纳","ˈrendər","ˈrendə(r)","09:16.43"
"1683","Week 7","183","tolerate","v. 容许，允许（不同意或不喜欢的事物）；忍受，包容","v. 容许，允许（不同意或不喜欢的事物）；忍受，包容；（对药物、毒物或环境状况）产生耐受 ；敷衍，应付","ˈtɑːləreɪt","ˈtɒləreɪt","09:19.18"
"1684","Week 7","184","preface","n. （书的）前言，（演讲的）开场白；开端，序幕；v. 为（书）作序；以……为开端，以……作为开场白","n. （书的）前言，（演讲的）开场白；开端，序幕；（基督教）序祷，序诵 | v. 为（书）作序；以……为开端，以……作为开场白","ˈprefəs","ˈprefəs","09:22.35"
"1685","Week 7","185","steer","v. 驾驶（交通工具），掌方向盘；引导，指导（某人的行为）；n. （车辆的）驱动方式；建议，忠告","v. 驾驶（交通工具），掌方向盘；引导，指导（某人的行为）；引导，带领（某人去某地）；（交通工具）行驶，沿（特定路线或方向）行进；选择某种做法，采取某种方式；（机动车）容易（或难以）驾驶 | n. （车辆的）驱动方式； 建议，忠告；阉公牛，食用公牛","stɪr","stɪə(r)","09:25.27"
"1686","Week 7","186","bucket","n. 桶；一桶之量；v. 快速颠簸着行驶","n. 桶；一桶之量；（机器的）挖斗，铲斗；大量；投篮得分；存储桶 | v. 快速颠簸着行驶","ˈbʌkɪt","ˈbʌkɪt","09:28.17"
"1687","Week 7","187","nursery","n. 托儿所，幼儿园；儿童房；adj. 幼儿教育的","n. 托儿所，幼儿园；儿童房；儿童活动室；苗圃；（医院里的）育婴室；动物繁殖场；温床；两岁的马参加的赛马 | adj. 幼儿教育的","ˈnɜːrsəri","ˈnɜːsəri","09:31.20"
"1688","Week 7","188","holy","adj. 神圣的；圣洁的；n. 神圣的东西，圣所","adj. 神圣的；圣洁的；（表示惊讶、恐慌等）天啊，上帝啊；用于强调 | n. 神圣的东西，圣所","ˈhoʊli","ˈhəʊli","09:34.29"
"1689","Week 7","189","protective","adj. 保护的，防护的；呵护的，有保护欲的；n. 保护物，防护物；避孕套","adj. 保护的，防护的；呵护的，有保护欲的；有贸易保护倾向的，实行关税保护的 | n. 保护物，防护物；避孕套","prəˈtektɪv","prəˈtektɪv","09:37.18"
"1690","Week 7","190","sponge","n. （擦洗用的天然或人造的）海绵块；（用海绵或布）擦拭，擦洗；v. 用海绵擦洗；用湿布（或海绵）擦掉，揩去","n. （擦洗用的天然或人造的）海绵块；（用海绵或布）擦拭，擦洗；海绵蛋糕，松软布丁；依赖他人生活的寄生虫，揩油者；海绵（一种海洋软体动物）；（女用）避孕海绵；海绵填料；金属绵 | v. 用海绵擦洗；用湿布（或海绵）擦掉，揩去；白吃，揩油；用海绵抹（漆）","spʌndʒ","spʌndʒ","09:40.34"
"1691","Week 7","191","diameter","n. 直径；放大倍数","n. 直径；放大倍数","daɪˈæmɪtər","daɪˈæmɪtə(r)","09:43.33"
"1692","Week 7","192","retell","v. （以不同的方式）复述，重新讲述","v. （以不同的方式）复述，重新讲述","ˌriːˈtel","ˌriːˈtel","09:46.39"
"1693","Week 7","193","transplant","v. 移植（器官、皮肤等）；（使）迁移，（使）移居；n. （器官、皮肤等的）移植（手术）；移植的器官，移植物","v. 移植（器官、皮肤等）；（使）迁移，（使）移居；移栽，移植（植物） | n. （器官、皮肤等的）移植（手术）；移植的器官，移植物；移居者，迁居者","trænsˈplænt","trænsˈplɑːnt","09:49.61"
"1694","Week 7","194","equivalent","adj. 等同的，等效的；n. 对等的人（或事物），对应的人（或事物）；当量（equivalent weight）","adj. 等同的，等效的 | n. 对等的人（或事物），对应的人（或事物）；当量（equivalent weight）","ɪˈkwɪvələnt","ɪˈkwɪvələnt","09:54.67"
"1695","Week 7","195","progressive","adj. 进步的，先进的；逐步发生的，逐步发展的；n. 进步分子，改革派人士；进行时（或体）","adj. 进步的，先进的；逐步发生的，逐步发展的；向前移动的；（音乐）现代的，新潮的；（税制，税种）累进的；（动词）进行式的；（纸牌游戏，舞蹈）搭档轮换的 | n. 进步分子，改革派人士；进行时（或体）；（印刷）分色打样","prəˈɡresɪv","prəˈɡresɪv","09:57.90"
"1696","Week 7","196","streak","n. 条纹，条痕；（尤指不好的）性格特征；v. 飞快地移动，疾行；在（表面）布满条纹","n. 条纹，条痕；（尤指不好的）性格特征；（成功或幸运的）一段时间，一阵子；公共场合裸跑；（细菌在固体培养基上的）画线；一缕缕（浅色头发）；一道（亮光） | v. 飞快地移动，疾行；在（表面）布满条纹；（在公共场所）裸奔；使（头发）染上不同的颜色，挑染；（用针或药签在固体培养基表面）画线（接种细菌）","striːk","striːk","10:00.92"
"1697","Week 7","197","hono(u)rable","adj. 可敬的，值得敬佩的；品格高尚的","adj. 可敬的，值得敬佩的；品格高尚的；保护声誉的，体面的；尊敬的；（安排或协议）公平的，公正的","ˈɑːnərəb(ə)l","ˈɒnərəb(ə)l","10:03.85"
"1698","Week 7","198","mushroom","n. 蘑菇，伞菌；蘑菇形物；v. 迅速成长，大量涌现；采蘑菇；adj. 蘑菇形的；蘑菇的","n. 蘑菇，伞菌；蘑菇形物；淡褐色，棕灰色；暴发户 | v. 迅速成长，大量涌现；采蘑菇；（子弹击中目标时）开花扩散 | adj. 蘑菇形的；蘑菇的；迅速生长的","ˈmʌʃrʊm","ˈmʌʃrʊm","10:06.95"
"1699","Week 7","199","stain","v. （被）玷污，留下污渍；给……染色（或着色）；n. 污点，污渍；染色剂，着色剂","v. （被）玷污，留下污渍；给……染色（或着色）；玷污，败坏（名声等） | n. 污点，污渍；染色剂，着色剂；（名声上的）污点；（纹章）（纹章和徽章的）辅助色，次要颜色（尤指棕褐色和血红色）","steɪn","steɪn","10:09.75"
"1700","Week 7","200","cashier","n. 收银员，出纳员；v. 开除，革除（军职）","n. 收银员，出纳员 | v. 开除，革除（军职）","kæˈʃɪr","kæˈʃɪə(r)","10:12.89"
"1701","Week 7","201","systematic","adj. 有系统的，有条理的，仔细周到的；一贯的，惯常的","adj. 有系统的，有条理的，仔细周到的；一贯的，惯常的；分类的","ˌsɪstəˈmætɪk","ˌsɪstəˈmætɪk","10:15.96"
"1702","Week 7","202","amusement","n. 开心，娱乐；娱乐活动，娱乐设施","n. 开心，娱乐；娱乐活动，娱乐设施","əˈmjuːzmənt","əˈmjuːzmənt","10:19.71"
"1703","Week 7","203","originality","n. 独创性，创意；独创能力，创造力","n. 独创性，创意；独创能力，创造力","əˌrɪdʒəˈnæləti","əˌrɪdʒəˈnæləti","10:22.77"
"1704","Week 7","204","chin","n. 颏，下巴；v. 击打下巴；引体向上","n. 颏，下巴 | v. 击打下巴；引体向上","tʃɪn","tʃɪn","10:26.12"
"1705","Week 7","205","paste","n. 面糊，糊状物；糨糊；v. （尤指用浆糊）黏，贴；（在计算机上屏幕上）粘贴（文字、图片等）","n. 面糊，糊状物；糨糊； 肉（或鱼等）酱（作涂抹料或烹饪用）；（制作人造宝石用的）铅质玻璃；（制陶、瓷器用的）湿黏土 | v. （尤指用浆糊）黏，贴；（在计算机上屏幕上）粘贴（文字、图片等）； 狠狠地打，彻底打败","peɪst","peɪst","10:28.92"
"1706","Week 7","206","spin","v. （使）快速旋转；（使）急转身；n. 高速旋转；兜风","v. （使）快速旋转；（使）急转身；（头感到）眩晕；纺纱，纺织；飞驰，疾驰；编故事；有倾向性地陈述；（用甩干机或洗衣机）甩干（衣服）；（昆虫）吐（丝），结（网）；（用旋式诱饵）钓鱼；播放（唱片）；抛（硬币）；（球）旋转；（用车床将金属薄板）旋压成形 | n. 高速旋转；兜风；带倾向性的解释（或说法）；（政治上的）倾向性报道；（尤指板球、网球、斯诺克球中的）旋转球；（飞机的）旋冲，螺旋下降；晕头转向，焦虑不安；（物理）核素总角动量","spɪn","spɪn","10:31.99"
"1707","Week 7","207","organism","n. 生物，有机体，（尤指）微生物；有机组织，有机体系","n. 生物，有机体，（尤指）微生物；有机组织，有机体系","ˈɔːrɡənɪzəm","ˈɔːɡənɪzəm","10:34.62"
"1708","Week 7","208","composer","n. 创作者，作曲家","n. 创作者，作曲家","kəmˈpoʊzər","kəmˈpəʊzə(r)","10:37.86"
"1709","Week 7","209","sophisticated","adj. 见多识广的，老练的，见过世面的；复杂巧妙的，先进的，精密的；v. 使老于世故；使（设备、技术等）更复杂先进","adj. 见多识广的，老练的，见过世面的；复杂巧妙的，先进的，精密的；水平高的，在行的；时尚的，精致的 | v. 使老于世故；使（设备、技术等）更复杂先进；（老练地）讲话（或推理）（sophisticate 的过去式和过去分词形式）","səˈfɪstɪkeɪtɪd","səˈfɪstɪkeɪtɪd","10:40.95"
"1710","Week 7","210","measurement","n. （通常以数字形式呈现的）测量结果；三围，（身材）尺寸","n. （通常以数字形式呈现的）测量结果；三围，（身材）尺寸；测量，计量；测量单位，度量制","ˈmeʒərmənt","ˈmeʒəmənt","10:44.75"
"1711","Week 7","211","wicked","adj. 邪恶的，不道德的；恶作剧的，淘气的，调皮的；adv. 极其，非常；n. 恶人，邪恶的人（the wicked）","adj. 邪恶的，不道德的；恶作剧的，淘气的，调皮的；很坏的，恶劣的；很棒的，极好的；令人不快的，令人厌恶的 | adv. 极其，非常 | n. 恶人，邪恶的人（the wicked）","ˈwɪkɪd","ˈwɪkɪd","10:47.81"
"1712","Week 7","212","harden","v. （使）变硬，坚固；（使）更坚定，更强硬","v. （使）变硬，坚固；（使）更坚定，更强硬；使变得冷酷无情，使麻木不仁；（使声音，面孔等）更严肃，更严厉；变明确；（价格、经济）变得更稳定；（股票、商品价格等）升水（上涨并保持高价位）","ˈhɑːrdn","ˈhɑːd(ə)n","10:50.83"
"1713","Week 7","213","rally","v. 召集，集合；公开支持（或反对）；n. 集会，大会；赛车，汽车拉力赛","v. 召集，集合；公开支持（或反对）；重新集合，重整（军队）；恢复，重新振作；动员（全体人员）发愤图强；（价格）回升，升值；参加汽车拉力赛；对……善意打趣，嘲笑 | n. 集会，大会；赛车，汽车拉力赛；（网球等比赛中的）相持，拉锯；（球队技艺的）改进，提高；恢复健康，康复；（尤指股价）止跌回升","ˈræli","ˈræli","10:53.40"
"1714","Week 7","214","reluctance","n. 不情愿，勉强；（物理）磁阻","n. 不情愿，勉强；（物理）磁阻","rɪˈlʌktəns","rɪˈlʌktəns","10:56.05"
"1715","Week 7","215","tide","n. 潮汐；潮水；v. 顺潮水漂浮","n. 潮汐；潮水；潮流，趋势；怒潮，（难以控制的）浪潮；高涨的情绪；潮水般的人流，洪流 | v. 顺潮水漂浮","taɪd","taɪd","10:59.28"
"1716","Week 7","216","object","n. 物体，实物；目的，目标；v. 反对；反对说，反对的理由是","n. 物体，实物；目的，目标；宾语；（引发某种情感或行为的）对象；客体；（计算机）对象 | v. 反对；反对说，反对的理由是","ˈɑːbdʒekt; ˈɑːbdʒekt; əbˈdʒekt","ˈɒbdʒɪkt; ˈɒbdʒekt; əbˈdʒekt","11:02.24"
"1717","Week 7","217","satisfy","v. 使满意，使满足；满足（要求、需要等）","v. 使满意，使满足；满足（要求、需要等）；符合（规定、条件或标准）；使确信，使信服；清偿，偿付；解，符合（方程式）；令人满意，令人满足","ˈsætɪsfaɪ","ˈsætɪsfaɪ","11:07.04"
"1718","Week 7","218","defy","v. 违抗，不服从；挑战，激","v. 违抗，不服从；挑战，激；无法，难以（描述或理解）；经受住，顶住","dɪˈfaɪ","dɪˈfaɪ","11:10.25"
"1719","Week 7","219","persuasion","n. 说服，劝服；说服力","n. 说服，劝服；说服力；（宗教或政治）信仰；教派；某种人（或物）","pərˈsweɪʒ(ə)n","pəˈsweɪʒ(ə)n","11:13.12"
"1720","Week 7","220","splash","v. （液体）稀里哗啦地溅落，飞溅；朝……泼洒，使……溅湿；n. 落水声，溅泼声；溅上的液体，溅洒后留下的污渍","v. （液体）稀里哗啦地溅落，飞溅；朝……泼洒，使……溅湿；泼溅着水行进，拍打着水游；以显著版面刊载，以大篇幅报道；使有色块，使有光斑； 在（某物）上花很多钱 | n. 落水声，溅泼声；溅上的液体，溅洒后留下的污渍；掺入饮料的少量液体；色块，光斑；（报章等旨在招徕读者的）重点文章；拍水，戏水；引人注目的效果","splæʃ","splæʃ","11:16.47"
"1721","Week 7","221","ashamed","adj. 感到羞愧，感到羞耻；羞于（做某事）","adj. 感到羞愧，感到羞耻；羞于（做某事）","əˈʃeɪmd","əˈʃeɪmd","11:19.58"
"1722","Week 7","222","proportional","adj. 成比例的；相称的，协调的；n. （数）比例项","adj. 成比例的；相称的，协调的；（数）成常比的 | n. （数）比例项","prəˈpɔːrʃən(ə)l","prəˈpɔːʃən(ə)l","11:22.83"
"1723","Week 7","223","industrialize,-ise","v. （使）工业化","v. （使）工业化","ɪnˈdʌstriəlaɪz","ɪnˈdʌstriəlaɪz","11:25.82"
"1724","Week 7","224","badge","n. 徽章，奖章；标记，象征；v. 给予……徽章（或标记）","n. 徽章，奖章；标记，象征 | v. 给予……徽章（或标记）","bædʒ","bædʒ","11:29.68"
"1725","Week 7","225","mo(u)ld","n. 模具，铸模；类型，个性；v. 使……成形，用模子制作，浇铸；影响，塑造","n. 模具，铸模；类型，个性；霉，霉菌；框架，型芯；松软沃土，腐殖土 | v. 使……成形，用模子制作，浇铸；影响，塑造；（使）紧贴于，吻合；（使）发霉","moʊld","məʊld","11:32.83"
"1726","Week 7","226","scheme","n. （政府或其他组织的）计划，方案；（用于组织或整理信息的）系统，体系；v. 密谋，策划；认为，猜想","n. （政府或其他组织的）计划，方案；（用于组织或整理信息的）系统，体系；组合，布局；阴谋，诡计；社会住宅区 | v. 密谋，策划；认为，猜想；按色调布置","skiːm","skiːm","11:35.72"
"1727","Week 7","227","modernize,-ise","v. 使现代化；变得现代化","v. 使现代化；变得现代化","ˈmɑːdərnaɪz","ˈmɒdənaɪz","11:38.80"
"1728","Week 7","228","extinguish","v. 熄灭；消灭，使破灭","v. 熄灭；消灭，使破灭；取消（权利，义务），使无效；偿清；压制","ɪkˈstɪŋɡwɪʃ","ɪkˈstɪŋɡwɪʃ","11:42.36"
"1729","Week 7","229","solitary","adj. 独自的，单独的；偏僻的，孤立的；n. 单独监禁；独居者，隐士","adj. 独自的，单独的；偏僻的，孤立的；独自完成的；（人或动物）独处的，独居的；（花或其他部分）单生的；唯一的，仅有的 | n. 单独监禁；独居者，隐士","ˈsɑːləteri","ˈsɒlətri","11:46.00"
"1730","Week 7","230","scope","n. 范围，领域；（发挥能力的）机会，施展余地；v. 评估，调查（scope sth. out）；确定（规划项目）的范围","n. 范围，领域；（发挥能力的）机会，施展余地；视野，眼界；观测仪器（如望远镜、显微镜等）；（船抛锚时的）缆绳长度；特定论点的数量 | v. 评估，调查（scope sth. out）；确定（规划项目）的范围；仔细看，彻底检查","skoʊp","skəʊp","11:49.56"
"1731","Week 7","231","booklet","n. 小册子","n. 小册子","ˈbʊklət","ˈbʊklət","11:52.45"
"1732","Week 7","232","magnet","n. 磁体，磁铁；有吸引力的人（或地方、事物）","n. 磁体，磁铁；有吸引力的人（或地方、事物）","ˈmæɡnət","ˈmæɡnət","11:55.18"
"1733","Week 7","233","mist","n. 薄雾，水汽；雾状物；v. 使……蒙上雾气；（使）充满泪水","n. 薄雾，水汽；雾状物；使视线模糊的东西；迷雾，难以透彻了解的事物 | v. 使……蒙上雾气；（使）充满泪水；给……喷水；下毛毛细雨","mɪst","mɪst","11:58.61"
"1734","Week 7","234","residence","n. 住宅，住所；居住，定居","n. 住宅，住所；居住，定居；（在某国的）居住权，居留许可；（大学的）学生宿舍楼","ˈrezɪdəns","ˈrezɪdəns","12:01.59"
"1735","Week 7","235","noticeable","adj. 显而易见的，明显的；值得注意的","adj. 显而易见的，明显的；值得注意的","ˈnoʊtɪsəb(ə)l","ˈnəʊtɪsəb(ə)l","12:04.76"
"1736","Week 7","236","sip","v. 小口喝，抿；n. 一小口（饮料），一啜之量","v. 小口喝，抿 | n. 一小口（饮料），一啜之量","sɪp","sɪp","12:08.18"
"1737","Week 7","237","morality","n. 道德，品行；正当性","n. 道德，品行；正当性","məˈræləti","məˈræləti","12:11.23"
"1738","Week 7","238","ritual","n. （宗教等的）仪式，典礼；习惯，例行公事；adj. 仪式上的，庆典上的；（行动）常规的，例行的","n. （宗教等的）仪式，典礼；习惯，例行公事；（尤指某一宗教或教派特定的）程序，仪式 | adj. 仪式上的，庆典上的；（行动）常规的，例行的","ˈrɪtʃuəl","ˈrɪtʃuəl","12:14.20"
"1739","Week 7","239","slope","n. 斜坡，斜面；山坡；v. 倾斜，成斜坡；歪斜","n. 斜坡，斜面；山坡；滑雪斜坡；斜度，坡度；（电子）斜率；扛枪姿势； 东方人（尤指越南人） | v. 倾斜，成斜坡；歪斜；悄悄地走，溜； 逛，随意走动","sloʊp","sləʊp","12:17.10"
"1740","Week 7","240","moan","v. 呻吟，呜咽；抱怨，发牢骚；n. （尤指风的）呼啸声，萧萧声；呻吟声，呜咽声","v. 呻吟，呜咽；抱怨，发牢骚；（风）发出萧萧声； 悲叹，哀悼 | n. （尤指风的）呼啸声，萧萧声；呻吟声，呜咽声；不满，牢骚","moʊn","məʊn","12:20.27"
"1741","Week 7","241","rage","n. 盛怒，狂怒；粗暴的举动，愤怒的行为；v. 发脾气，大怒；（战斗、争论）激烈进行，（暴风雨）肆虐","n. 盛怒，狂怒；粗暴的举动，愤怒的行为；（喻）（自然事物的）狂暴，凶猛；风靡一时，非常流行；强烈的欲望，激情；（尤指预示的、诗意的或武力的）狂热； 欢乐聚会，热闹的活动 | v. 发脾气，大怒；（战斗、争论）激烈进行，（暴风雨）肆虐；（火灾、疾病）迅速蔓延，快速扩散；（感情）强烈表现，变得强烈；狂欢，出去作乐","reɪdʒ","reɪdʒ","12:23.16"
"1742","Week 7","242","scout","n. 侦察兵，侦察机；侦查（尤指勘察地区）；v. （在某个地区）寻找，搜寻；物色（尤指体育或娱乐）人才","n. 侦察兵，侦察机；侦查（尤指勘察地区）；童子军（the Scouts）；（英国大学里清扫学生房间的）校工；（演员、运动员等的）人才发掘者，星探；侦查蜂；童子军队员 | v. （在某个地区）寻找，搜寻；物色（尤指体育或娱乐）人才； 轻蔑地拒绝（建议，想法）；探查，侦查；跟踪，监视","skaʊt","skaʊt","12:26.41"
"1743","Week 7","243","hostile","adj. 敌对的，怀敌意的；强烈反对的；n. 敌对分子","adj. 敌对的，怀敌意的；强烈反对的；敌人的，敌方的；艰苦的，不利的；不受（被购公司）欢迎的 | n. 敌对分子","ˈhɑːst(ə)l","ˈhɒstaɪl","12:29.40"
"1744","Week 7","244","tame","adj. 驯服的，不怕人的；平淡无奇的，枯燥乏味的；v. 驯化，驯服；制服，控制","adj. 驯服的，不怕人的；平淡无奇的，枯燥乏味的；听使唤的，温顺的； （植物）经栽培的；（土地）经开垦的 | v. 驯化，驯服；制服，控制；开垦，开辟；使变得平淡","teɪm","teɪm","12:32.78"
"1745","Week 7","245","solve","v. 解决，处理；解释，解答","v. 解决，处理；解释，解答","sɑːlv","sɒlv","12:35.89"
"1746","Week 7","246","supplement","n. 补充物，增补物；营养片剂，补品；v. 增加，增补","n. 补充物，增补物；营养片剂，补品；补助，补贴；额外服务费用；（报纸或杂志的）副刊，增刊；（书籍的）补编，附录；（几何）补角 | v. 增加，增补","ˈsʌplɪmənt","ˈsʌplɪmənt","12:38.78"
"1747","Week 7","247","sweep","v. 打扫，清除；（迅猛地）带走，卷走；n. 打扫，清扫；挥动","v. 打扫，清除；（迅猛地）带走，卷走；（风浪等）席卷，横扫；风行，迅速蔓延；（阔步或轻盈地）走；挥动，摆动；（情感）突然袭来；扫视，搜寻；（使）轻轻擦过；延伸，蜿蜒； 大获全胜；梳，拢（头发）；扫射；彻底删除；（板球）半跪挥棒 | n. 打扫，清扫；挥动；巡行，扫荡；绵延弯曲的地带； 广度，范围；车道的弧形部分； 收视率调查时段； （系列比赛中）全胜； 赌金全赢制；烟囱清洁工；（用以操舵的）大桨；（板球）以半跪姿势击球；风车的翼板；水井的长杆","swiːp","swiːp","12:43.60"
"1748","Week 7","248","attendance","n. 出席人数；出席，出勤","n. 出席人数；出席，出勤；考勤情况；提供帮助（in attendance）","əˈtendəns","əˈtendəns","12:47.00"
"1749","Week 7","249","delightful","adj. 令人愉快的，宜人的","adj. 令人愉快的，宜人的","dɪˈlaɪtf(ə)l","dɪˈlaɪtf(ə)l","12:49.83"
"1750","Week 7","250","meantime","adv. 同时，在此期间；n. 其时，其间","adv. 同时，在此期间 | n. 其时，其间","ˈmiːntaɪm","ˈmiːntaɪm","12:52.85"
"1751","认知词汇 A-C","1","accommodate","v. 为……提供住宿；容纳，提供空间","v. 为……提供住宿；容纳，提供空间；考虑到，顾及；顺应，适应；帮助（某人），向……施以援手；迎合，迁就；调解","əˈkɑːmədeɪt","əˈkɒmədeɪt","00:00.00"
"1752","认知词汇 A-C","2","accountable","adj. 负有责任的，应作解释的；可理解的","adj. 负有责任的，应作解释的；可理解的","əˈkaʊntəbl","əˈkaʊntəbl","00:03.83"
"1753","认知词汇 A-C","3","ace","n. （扑克牌中的）A牌；擅长……的人，一流高手；adj. 一流的；极好的；v. 在……中取得好成绩；（网球或排球）发球得分","n. （扑克牌中的）A牌；擅长……的人，一流高手；（网球中的）发球得分，爱司球；（击落多架敌机的）王牌飞行员；（高尔夫）一杆进洞 | adj. 一流的；极好的 | v. 在……中取得好成绩；（网球或排球）发球得分；胜过；（在高尔夫球比赛中）一杆进穴，一杆得分","eɪs","eɪs","00:08.08"
"1754","认知词汇 A-C","4","addict","n. （尤指毒品）上瘾者，瘾君子；对……入迷的人；v. 使上瘾，使沉迷","n. （尤指毒品）上瘾者，瘾君子；对……入迷的人 | v. 使上瘾，使沉迷","ˈædɪkt","ˈædɪkt","00:12.02"
"1755","认知词汇 A-C","5","administer","v. 管理，治理；执行，实施","v. 管理，治理；执行，实施；给予（药物或治疗）；给予帮助，关心照顾（某人）；主持（仪式等）；踢，打；执行遗产管理人的职责","ədˈmɪnɪstər","ədˈmɪnɪstə(r)","00:15.22"
"1756","认知词汇 A-C","6","aerial","n. 天线；（滑雪等运动的）空中腾越；adj. 航空的，从飞机上的；空中的，地表以上的","n. 天线；（滑雪等运动的）空中腾越 | adj. 航空的，从飞机上的；空中的，地表以上的；由飞机实施的；（植物的某部分）气生的；在空中翱翔的；（在）大气（中）的","ˈeriəl","ˈeəriəl","00:18.34"
"1757","认知词汇 A-C","7","affluent","adj. 富裕的，富足的；（水）畅流，滔滔流动；n. 富人；支流","adj. 富裕的，富足的；（水）畅流，滔滔流动；丰富的 | n. 富人；支流","ˈæfluənt","ˈæfluənt","00:21.77"
"1758","认知词汇 A-C","8","aftermath","n. （战争、风暴、事故的）后果，余波；再萌草，再生草","n. （战争、风暴、事故的）后果，余波；再萌草，再生草","ˈæftərmæθ","ˈɑːftəmæθ","00:25.01"
"1759","认知词汇 A-C","9","aide","n. 助理，助手；随从武官","n. 助理，助手；随从武官","eɪd","eɪd","00:28.56"
"1760","认知词汇 A-C","10","aircraft","n. 飞机，航空器","n. 飞机，航空器","ˈerkræft","ˈeəkrɑːft","00:31.18"
"1761","认知词汇 A-C","11","aisle","n. 走廊，过道；（教堂）耳堂，侧堂","n. 走廊，过道；（教堂）耳堂，侧堂","aɪl","aɪl","00:33.60"
"1762","认知词汇 A-C","12","allege","v. (未经证实地）宣称，指控","v. (未经证实地）宣称，指控","əˈledʒ","əˈledʒ","00:36.58"
"1763","认知词汇 A-C","13","ambassador","n. 大使，使节；（体育项目、行业等的）代表人物","n. 大使，使节；（体育项目、行业等的）代表人物","æmˈbæsədər","æmˈbæsədə(r)","00:39.89"
"1764","认知词汇 A-C","14","anew","adv. 重新，再","adv. 重新，再","əˈnuː","əˈnjuː","00:43.60"
"1765","认知词汇 A-C","15","angel","n. 天使；仁慈的人，善人","n. 天使；仁慈的人，善人；宝贝，乖乖；（尤指仁慈的）精灵，保护神；仙波，雷达回响","ˈeɪndʒl","ˈeɪndʒl","00:46.30"
"1766","认知词汇 A-C","16","animate","adj. 有生命的，有活力的；v. 使生动，使兴奋；把……制作成动画","adj. 有生命的，有活力的 | v. 使生动，使兴奋；把……制作成动画；鼓动，激励；使有生命","ˈænɪmeɪt","ˈænɪmeɪt","00:49.45"
"1767","认知词汇 A-C","17","apparatus","n. 设备，器具；机构，组织","n. 设备，器具；机构，组织；器官；评论性注释","ˌæpəˈrætəs","ˌæpəˈreɪtəs","00:55.29"
"1768","认知词汇 A-C","18","aptitude","n. 天资，天赋；自然的倾向，习性","n. 天资，天赋；自然的倾向，习性；适宜","ˈæptɪtuːd","ˈæptɪtjuːd","00:59.32"
"1769","认知词汇 A-C","19","aristocrat","n. 贵族，贵族成员","n. 贵族，贵族成员","əˈrɪstəkræt","ˈærɪstəkræt","01:02.75"
"1770","认知词汇 A-C","20","arithmetic","n. 算术；演算，计算；adj. 算术的","n. 算术；演算，计算；数据统计 | adj. 算术的","əˈrɪθmətɪk","əˈrɪθmətɪk","01:05.46"
"1771","认知词汇 A-C","21","arrow","n. 箭，矢；箭头，箭号","n. 箭，矢；箭头，箭号","ˈæroʊ","ˈærəʊ","01:08.67"
"1772","认知词汇 A-C","22","ashore","adv. 在岸上；向岸上；adj. 在岸上的，在陆上的","adv. 在岸上；向岸上 | adj. 在岸上的，在陆上的","əˈʃɔːr","əˈʃɔː(r)","01:11.42"
"1773","认知词汇 A-C","23","ass","n. 傻瓜，笨蛋；屁股，臀部","n. 傻瓜，笨蛋；屁股，臀部；驴；性感的人","æs","æs","01:14.28"
"1774","认知词汇 A-C","24","astronomer","n. 天文学家","n. 天文学家","əˈstrɑːnəmər","əˈstrɒnəmə(r)","01:18.54"
"1775","认知词汇 A-C","25","atomic","adj. 原子的，与原子有关的；原子能的，核能的","adj. 原子的，与原子有关的；原子能的，核能的","əˈtɑːmɪk","əˈtɒmɪk","01:21.54"
"1776","认知词汇 A-C","26","atop","prep. 在……顶上，在……上面；adv. 在……顶上","prep. 在……顶上，在……上面 | adv. 在……顶上","əˈtɑːp","əˈtɒp","01:24.79"
"1777","认知词汇 A-C","27","attic","n. 阁楼，顶楼","n. 阁楼，顶楼","ˈætɪk","ˈætɪk","01:28.13"
"1778","认知词汇 A-C","28","audio","adj. 声音的，音频的；n. 声音，音频","adj. 声音的，音频的 | n. 声音，音频","ˈɔːdioʊ","ˈɔːdiəʊ","01:32.60"
"1779","认知词汇 A-C","29","auditorium","n. 观众席；礼堂，会堂","n. 观众席；礼堂，会堂","ˌɔːdɪˈtɔːriəm","ˌɔːdɪˈtɔːriəm","01:35.24"
"1780","认知词汇 A-C","30","authorize,-ise","v. 批准，许可；授权","v. 批准，许可；授权","ˈɔːθəraɪz","ˈɔːθəraɪz","01:38.89"
"1781","认知词汇 A-C","31","aviation","n. 航空，飞行（术）；航空工业，飞机工业","n. 航空，飞行（术）；航空工业，飞机工业","ˌeɪviˈeɪʃn","ˌeɪviˈeɪʃ(ə)n","01:42.55"
"1782","认知词汇 A-C","32","awe","n. 敬畏，惊叹；使人敬畏的力量；v. 使敬畏，使惊叹","n. 敬畏，惊叹；使人敬畏的力量 | v. 使敬畏，使惊叹","ɔː","ɔː","01:45.62"
"1783","认知词汇 A-C","33","awesome","adj. 让人惊叹的，令人敬畏的；非常棒的，极佳的","adj. 让人惊叹的，令人敬畏的；非常棒的，极佳的","ˈɔːsəm","ˈɔːsəm","01:48.48"
"1784","认知词汇 A-C","34","axis","n. 轴，轴线；对称中心线，对称轴","n. 轴，轴线；对称中心线，对称轴；（国家间的）联盟；斑鹿（=chital，复数axis）","ˈæksɪs","ˈæksɪs","01:52.48"
"1785","认知词汇 A-C","35","bail","n. 保释；保释金；v. 保释；（往外）舀水","n. 保释；保释金；（板球）三柱门上的横木；压纸杆 | v. 保释；（往外）舀水；从……中摆脱出来；离开","beɪl","beɪl","01:56.77"
"1786","认知词汇 A-C","36","bait","n. 用作诱饵的人（或物）；饵，诱饵；v. 放诱饵；激怒，故意惹恼","n. 用作诱饵的人（或物）；饵，诱饵 | v. 放诱饵；激怒，故意惹恼；纵犬袭击（动物）","beɪt","beɪt","01:60.00"
"1787","认知词汇 A-C","37","ballot","n. （无记名）投票选举，投票表决；选票；v. 要求（某人）投票；（为……）投票","n. （无记名）投票选举，投票表决；选票；投票总数（the ballot） | v. 要求（某人）投票；（为……）投票；抽签决定","ˈbælət","ˈbælət","02:02.73"
"1788","认知词汇 A-C","38","banknote","n. 钞票，纸币","n. 钞票，纸币","ˈbæŋknoʊt","ˈbæŋknəʊt","02:05.77"
"1789","认知词汇 A-C","39","basically","adv. 基本上，大体上；从根本上说，总的说来","adv. 基本上，大体上；从根本上说，总的说来","ˈbeɪsɪkli","ˈbeɪsɪkli","02:09.31"
"1790","认知词汇 A-C","40","batch","n. 一批，一批生产量；v. 分批处理","n. 一批，一批生产量 | v. 分批处理","bætʃ","bætʃ","02:12.53"
"1791","认知词汇 A-C","41","battalion","n. 营，军营；（有组织的）队伍","n. 营，军营；（有组织的）队伍","bəˈtæliən","bəˈtæliən","02:15.45"
"1792","认知词汇 A-C","42","beforehand","adv. 事先，预先，提前；adj. 早做准备的；提前的","adv. 事先，预先，提前 | adj. 早做准备的；提前的","bɪˈfɔːrhænd","bɪˈfɔːhænd","02:18.74"
"1793","认知词汇 A-C","43","berry","n. 浆果，莓；果仁，果核；vi. 采集浆果","n. 浆果，莓；果仁，果核；虾子，鱼子；无核浆果 | vi. 采集浆果","ˈberi","ˈberi","02:23.33"
"1794","认知词汇 A-C","44","beverage","n. 饮料","n. 饮料","ˈbevərɪdʒ","ˈbevərɪdʒ","02:27.31"
"1795","认知词汇 A-C","45","bias","n. 偏见，成见；偏好，天赋；v. 使有偏见，使偏心；加偏压（或偏流）于；adj. 偏斜的；adv. 偏斜地","n. 偏见，成见；偏好，天赋；倾向，趋势；斜纹；（统计）偏差，偏倚；偏重心球形；偏压，偏统 | v. 使有偏见，使偏心；加偏压（或偏流）于 | adj. 偏斜的 | adv. 偏斜地","ˈbaɪəs","ˈbaɪəs","02:30.56"
"1796","认知词汇 A-C","46","biotechnology","n. 生物技术，生物工艺（学）","n. 生物技术，生物工艺（学）","ˌbaɪoʊtekˈnɑːlədʒi","ˌbaɪəʊtekˈnɒlədʒi","02:33.28"
"1797","认知词汇 A-C","47","blond","adj. （多指毛发）亚麻色的，金黄色的；（尤指人种）白肤金发的；n. 长着金发的人；（毛发）金黄色，浅茶褐色","adj. （多指毛发）亚麻色的，金黄色的；（尤指人种）白肤金发的；浅色的；（多指毛发）亚麻色的，金黄色的，浅茶褐色的 | n. 长着金发的人；（毛发）金黄色，浅茶褐色","blɑːnd","blɒnd","02:38.56"
"1798","认知词汇 A-C","48","bloody","adj. 流血的，沾满血的；血腥的，残酷的；adv. 非常，很（用于强调）；该死地，讨厌地；v. 使受伤，使流血；血染，使沾上鲜血","adj. 流血的，沾满血的；血腥的，残酷的；该死的，讨厌的；非常的；含血的，似血的；血红的，血色的 | adv. 非常，很（用于强调）；该死地，讨厌地 | v. 使受伤，使流血；血染，使沾上鲜血；伤害，损害","ˈblʌdi","ˈblʌdi","02:42.49"
"1799","认知词汇 A-C","49","blueprint","n. （建筑物、机器等的）蓝图，设计图；行动方案，规划；v. 起草（计划），设计（模型）","n. （建筑物、机器等的）蓝图，设计图；行动方案，规划；（生物细胞的）模型，（基因的）图谱 | v. 起草（计划），设计（模型）","ˈbluːprɪnt","ˈbluːprɪnt","02:45.13"
"1800","认知词汇 A-C","50","boiler","n. 汽锅，锅炉；烧水装置（或容器）","n. 汽锅，锅炉；烧水装置（或容器）","ˈbɔɪlər","ˈbɔɪlə(r)","02:48.79"
"1801","认知词汇 A-C","51","bracket","n. （固定在墙上的）托架，支架；（收入、年龄等的）等级段，组级；v. 把……置于括弧内，用括弧括；置于……两侧","n. （固定在墙上的）托架，支架；（收入、年龄等的）等级段，组级；括号；夹叉射击 | v. 把……置于括弧内，用括弧括；置于……两侧 ；把……归为一类，把……相提并论","ˈbrækɪt","ˈbrækɪt","02:51.45"
"1802","认知词汇 A-C","52","brag","v. 吹牛，自夸；n. 大话，夸耀之词；勃莱格牌戏（简化的扑克牌戏）；adj. 卓越的，一流的","v. 吹牛，自夸 | n. 大话，夸耀之词；勃莱格牌戏（简化的扑克牌戏） | adj. 卓越的，一流的","bræɡ","bræɡ","02:54.88"
"1803","认知词汇 A-C","53","brass","n. 黄铜；铜管乐器","n. 黄铜；铜管乐器；黄铜器，黄铜饰品；高级官员，高级军官；钱","bræs","brɑːs","02:57.76"
"1804","认知词汇 A-C","54","breadth","n. 宽度，幅度；广度，广泛性","n. 宽度，幅度；广度，广泛性","bredθ","bredθ","03:00.72"
"1805","认知词汇 A-C","55","breakdown","n. （汽车或机器的）故障，损坏；（关系的）破裂，（系统的）瘫痪","n. （汽车或机器的）故障，损坏；（关系的）破裂，（系统的）瘫痪；精神崩溃，（健康、体力等的）衰竭；细目，分类；分解；跺脚曳步舞","ˈbreɪkdaʊn","ˈbreɪkdaʊn","03:04.01"
"1806","认知词汇 A-C","56","broke","adj. 身无分文的，一文不名的；v. 弄坏；打碎","adj. 身无分文的，一文不名的 | v. 弄坏；打碎；违反（break 的过去式形式）","broʊk","brəʊk","03:07.00"
"1807","认知词汇 A-C","57","broker","n. 经纪人，中间人；v. 协调，安排","n. 经纪人，中间人 | v. 协调，安排","ˈbroʊkər","ˈbrəʊkə(r)","03:10.29"
"1808","认知词汇 A-C","58","broom","n. 扫帚；金雀花","n. 扫帚；金雀花","bruːm","bruːm","03:13.21"
"1809","认知词汇 A-C","59","brutal","adj. 野蛮的，凶残的；毫不掩饰的，直截了当的","adj. 野蛮的，凶残的；毫不掩饰的，直截了当的；令人不快的，糟糕的","ˈbruːt(ə)l","ˈbruːt(ə)l","03:16.45"
"1810","认知词汇 A-C","60","buck","n. （美）元；雄性动物；v. 反对，抵制；鼓舞，使振作；adj. 龅牙的","n. （美）元；雄性动物；小伙子；纨绔子弟，花花公子；责任，过失 | v. 反对，抵制；鼓舞，使振作；弓背跃起；猛烈颠簸 | adj. 龅牙的","bʌk","bʌk","03:20.00"
"1811","认知词汇 A-C","61","buckle","v. 发软；屈服，让步；n. （皮带等的）搭扣，搭钩","v. 发软；屈服，让步；（人）精神崩溃；（使）弯曲，（使）变形；扣住，扣紧 | n. （皮带等的）搭扣，搭钩","ˈbʌk(ə)l","ˈbʌk(ə)l","03:22.90"
"1812","认知词汇 A-C","62","buddy","n. 朋友；老兄，兄弟；v. 与……成为朋友，与……结交；adj. 讲述友情的","n. 朋友；老兄，兄弟；伙伴，搭档 | v. 与……成为朋友，与……结交 | adj. 讲述友情的","ˈbʌdi","ˈbʌdi","03:25.85"
"1813","认知词汇 A-C","63","bullet","n. 子弹，弹丸；（标示用的）黑圆点","n. 子弹，弹丸；（标示用的）黑圆点；（运动中）高速球","ˈbʊlɪt","ˈbʊlɪt","03:29.24"
"1814","认知词汇 A-C","64","bully","n. 恃强凌弱者，横行霸道者；腌牛肉；v. 威吓，欺侮；威胁，胁迫；adj. 很棒，一流的；int. 没什么了不起","n. 恃强凌弱者，横行霸道者；腌牛肉 | v. 威吓，欺侮；威胁，胁迫 | adj. 很棒，一流的 | int. 没什么了不起","ˈbʊli","ˈbʊli","03:33.13"
"1815","认知词汇 A-C","65","bumper","n. （车辆）保险杠；大满杯敬酒；adj. 丰收的，丰盛的；巨大的，大号的；v. 满杯祝酒；干杯","n. （车辆）保险杠；大满杯敬酒；（为跳栏或障碍赛作准备的）新马平地赛；（板球）反弹球；广告时段；烟头 | adj. 丰收的，丰盛的；巨大的，大号的 | v. 满杯祝酒；干杯；装满","ˈbʌmpər","ˈbʌmpə(r)","03:36.33"
"1816","认知词汇 A-C","66","burial","n. 埋葬，葬礼；葬地，坟墓；adj. 埋葬的","n. 埋葬，葬礼；葬地，坟墓 | adj. 埋葬的","ˈberiəl","ˈberiəl","03:39.05"
"1817","认知词汇 A-C","67","bypass","v. 绕过，避开；对（动脉等）作分流术，为……作搭桥术；n. 旁路，旁道；分流术，搭桥手术","v. 绕过，避开；对（动脉等）作分流术，为……作搭桥术；不顾（规章制度），不请示 | n. 旁路，旁道；分流术，搭桥手术；旁通管，分流器","ˈbaɪpæs","ˈbaɪpɑːs","03:42.00"
"1818","认知词汇 A-C","68","calf①","n. 小牛，牛犊；腓肠，小腿肚","n. 小牛，牛犊；腓肠，小腿肚；（象、鲸等的）崽，幼兽；浮冰，幼冰","kæf","kɑːf","03:45.17"
"1819","认知词汇 A-C","69","calf②","n. 小牛，牛犊；腓肠，小腿肚","n. 小牛，牛犊；腓肠，小腿肚；（象、鲸等的）崽，幼兽；浮冰，幼冰","kæf","kɑːf","03:49.40"
"1820","认知词汇 A-C","70","calling","n. 强烈愿望，使命感；行业，职业；v. 打电话；叫作","n. 强烈愿望，使命感；行业，职业；（动物或人的）喊叫 | v. 打电话；叫作；呼唤（call 的现在分词形式）","ˈkɔːlɪŋ","ˈkɔːlɪŋ","03:53.59"
"1821","认知词汇 A-C","71","calorie","n. 卡（路里）（热量单位）；小卡（现一般定为4.1868焦耳）","n. 卡（路里）（热量单位）；小卡（现一般定为4.1868焦耳）；大卡，千卡","ˈkæləri","ˈkæləri","03:56.54"
"1822","认知词汇 A-C","72","canteen","n. 食堂，餐厅；水壶","n. 食堂，餐厅；水壶；餐具盒","kænˈtiːn","kænˈtiːn","03:59.12"
"1823","认知词汇 A-C","73","carbon","n. 碳；复写纸；adj. 碳的，碳处理的","n. 碳；复写纸；炭精棒；碳纤维 | adj. 碳的，碳处理的","ˈkɑːrbən","ˈkɑːbən","04:02.20"
"1824","认知词汇 A-C","74","cardboard","n. 硬纸板，纸板箱；adj. 不真实的，做作的；硬纸板制的","n. 硬纸板，纸板箱 | adj. 不真实的，做作的；硬纸板制的","ˈkɑːrdbɔːrd","ˈkɑːdbɔːd","04:05.15"
"1825","认知词汇 A-C","75","carpenter","n. 木匠，木工；v. 以木工活制作；做木工","n. 木匠，木工 | v. 以木工活制作；做木工","ˈkɑːrpəntər","ˈkɑːpəntə(r)","04:09.47"
"1826","认知词汇 A-C","76","carrier","n. 搬运人，运输工具；航空公司","n. 搬运人，运输工具；航空公司；军车，运输舰；购物袋；（自行车等的）置物架，载重架；带菌者，病毒携带者，病媒；通讯公司；载体","ˈkæriər","ˈkæriə(r)","04:12.64"
"1827","认知词汇 A-C","77","cereal","n. 谷类食物；谷类植物，谷物；adj. 谷类的；谷类制成的","n. 谷类食物；谷类植物，谷物 | adj. 谷类的；谷类制成的","ˈsɪriəl","ˈsɪəriəl","04:15.91"
"1828","认知词汇 A-C","78","champagne","n. 香槟酒；香槟色","n. 香槟酒；香槟色","ʃæmˈpeɪn","ʃæmˈpeɪn","04:19.03"
"1829","认知词汇 A-C","79","cherish","v. 珍视，珍爱；怀念（过去），抱有（希望）","v. 珍视，珍爱；怀念（过去），抱有（希望）","ˈtʃerɪʃ","ˈtʃerɪʃ","04:22.17"
"1830","认知词汇 A-C","80","cholesterol","n. 胆固醇","n. 胆固醇","kəˈlestərɔːl","kəˈlestərɒl","04:25.49"
"1831","认知词汇 A-C","81","chore","n. 家庭杂务，杂活；累活，苦差事","n. 家庭杂务，杂活；累活，苦差事","tʃɔːr","tʃɔː(r)","04:28.95"
"1832","认知词汇 A-C","82","citizenship","n. 公民资格，公民身份；公民义务，公民责任感","n. 公民资格，公民身份；公民义务，公民责任感","ˈsɪtɪzənʃɪp","ˈsɪtɪzənʃɪp","04:32.95"
"1833","认知词汇 A-C","83","clarity","n. 清晰易懂；思路清晰","n. 清晰易懂；思路清晰；（画面或声音的）清晰，清楚；清澈，明净","ˈklærəti","ˈklærəti","04:36.49"
"1834","认知词汇 A-C","84","clear-cut","n. （树木被砍光的）皆伐区；adj. （某区域）无树木的；明显的，鲜明的；v. 砍尽（某区域）的树木","n. （树木被砍光的）皆伐区 | adj. （某区域）无树木的；明显的，鲜明的；明确的，肯定的 | v. 砍尽（某区域）的树木","ˌklɪr ˈkʌt","ˌklɪə ˈkʌt","04:39.25"
"1835","认知词汇 A-C","85","climax","n. 高潮，顶点；性高潮；v. 达到性高潮；达到高潮，达到顶点","n. 高潮，顶点；性高潮；（植物群落演替达到平衡的）顶极（群落）；层进法 | v. 达到性高潮；达到高潮，达到顶点","ˈklaɪmæks","ˈklaɪmæks","04:42.92"
"1836","认知词汇 A-C","86","clockwise","adj. 顺时针方向的；adv. 顺时针方向地","adj. 顺时针方向的 | adv. 顺时针方向地","ˈklɑːkwaɪz","ˈklɒkwaɪz","04:46.16"
"1837","认知词汇 A-C","87","clothe","v. 给……穿衣；为……提供衣服","v. 给……穿衣；为……提供衣服；赋予（某人某品质）","kloʊð","kləʊð","04:49.21"
"1838","认知词汇 A-C","88","clown","n. 小丑；爱开玩笑的人，诙谐的人；v. 扮小丑，装傻","n. 小丑；爱开玩笑的人，诙谐的人；蠢货；乡下人，乡巴佬 | v. 扮小丑，装傻","klaʊn","klaʊn","04:52.96"
"1839","认知词汇 A-C","89","cohesion","n. 凝聚力，团结；内聚力","n. 凝聚力，团结；内聚力；（句子、文章等在语法或含义方面的）连贯，衔接","koʊˈhiːʒ(ə)n","kəʊˈhiːʒ(ə)n","04:57.30"
"1840","认知词汇 A-C","90","collaborate","v. 合作，协作；勾结，通敌","v. 合作，协作；勾结，通敌","kəˈlæbəreɪt","kəˈlæbəreɪt","05:00.53"
"1841","认知词汇 A-C","91","colon","n. 结肠；冒号","n. 结肠；冒号；（哥斯达黎加和萨尔瓦多的标准货币单位）科朗","ˈkoʊlən","ˈkəʊlən; ˈkəʊlɒn","05:04.08"
"1842","认知词汇 A-C","92","colonial","adj. 殖民地的，殖民主义的；殖民地时期风格的；n. （尤指来自宗主国的）殖民地居民；殖民地时期式样的房屋","adj. 殖民地的，殖民主义的；殖民地时期风格的；群体的 | n. （尤指来自宗主国的）殖民地居民；殖民地时期式样的房屋","kəˈloʊniəl","kəˈləʊniəl","05:08.02"
"1843","认知词汇 A-C","93","comma","n. 逗号；间歇，音差","n. 逗号；间歇，音差；银纹多角蛱蝶","ˈkɑːmə","ˈkɒmə","05:11.21"
"1844","认知词汇 A-C","94","commodity","n. 商品，货物；有用的东西，必需品","n. 商品，货物；有用的东西，必需品","kəˈmɑːdəti","kəˈmɒdəti","05:15.20"
"1845","认知词汇 A-C","95","commonplace","adj. 平凡的，不足为奇的；平庸的，陈腐的；n. 司空见惯的事，常见的东西；老生常谈，陈词滥调","adj. 平凡的，不足为奇的；平庸的，陈腐的 | n. 司空见惯的事，常见的东西；老生常谈，陈词滥调","ˈkɑːmənpleɪs","ˈkɒmənpleɪs","05:18.31"
"1846","认知词汇 A-C","96","commune","n. 社群，群体；（共产主义国家的）公社；v. 交流，谈心；（精神上）与……很亲近（或亲密）","n. 社群，群体；（共产主义国家的）公社；（尤指欧洲一些国家的）最小行政区；亲密的谈话，互换想法 | v. 交流，谈心；（精神上）与……很亲近（或亲密）","ˈkɑːmjuːn; kəˈmjuːn","ˈkɒmjuːn; kəˈmjuːn","05:21.57"
"1847","认知词汇 A-C","97","comply","v. 遵从，服从；（商品）符合特定标准","v. 遵从，服从；（商品）符合特定标准","kəmˈplaɪ","kəmˈplaɪ","05:27.68"
"1848","认知词汇 A-C","98","comprehend","v. 理解，领悟；包括，包含","v. 理解，领悟；包括，包含","ˌkɑːmprɪˈhend","ˌkɒmprɪˈhend","05:29.40"
"1849","认知词汇 A-C","99","conform","v. 遵守，符合；顺从，随潮流","v. 遵守，符合；顺从，随潮流；一致，相吻合","kənˈfɔːrm","kənˈfɔːm","05:32.59"
"1850","认知词汇 A-C","100","conscientious","adj. 认真的，勤勤恳恳的；凭良心的，与良心有关的","adj. 认真的，勤勤恳恳的；凭良心的，与良心有关的","ˌkɑːnʃiˈenʃəs","ˌkɒnʃiˈenʃəs","05:35.54"
"1851","认知词汇 A-C","101","consolidate","v. 使巩固，使加强；合并，统一","v. 使巩固，使加强；合并，统一","kənˈsɑːlɪdeɪt","kənˈsɒlɪdeɪt","05:39.09"
"1852","认知词汇 A-C","102","contempt","n. 轻视，蔑视；忽视，不顾","n. 轻视，蔑视；忽视，不顾；藐视法庭","kənˈtempt","kənˈtempt","05:43.16"
"1853","认知词汇 A-C","103","contend","v. 声称，主张；竞争，争夺","v. 声称，主张；竞争，争夺；处理，对付","kənˈtend","kənˈtend","05:46.24"
"1854","认知词汇 A-C","104","converse1","v. 谈话，交谈；n. 相反的事物，反面说法；谈话，交谈；adj. 相反的，颠倒的，逆向的","v. 谈话，交谈 | n. 相反的事物，反面说法；谈话，交谈；逆命题 | adj. 相反的，颠倒的，逆向的","kənˈvɜːrs","kənˈvɜːs","05:49.42"
"1855","认知词汇 A-C","105","converse2","v. 谈话，交谈；n. 相反的事物，反面说法；谈话，交谈；adj. 相反的，颠倒的，逆向的","v. 谈话，交谈 | n. 相反的事物，反面说法；谈话，交谈；逆命题 | adj. 相反的，颠倒的，逆向的","kənˈvɜːrs","kənˈvɜːs","05:52.82"
"1856","认知词汇 A-C","106","cornerstone","n. 基石，支柱，基础；隅石，墙角石","n. 基石，支柱，基础；隅石，墙角石","ˈkɔːrnərstoʊn","ˈkɔːnəstəʊn","05:55.25"
"1857","认知词汇 A-C","107","cosmos","n. 宇宙；完整和谐的一统体系","n. 宇宙；完整和谐的一统体系；秋英属植物","ˈkɑːzmoʊs","ˈkɒzmɒs","05:57.83"
"1858","认知词汇 A-C","108","countdown","n. 倒计时，倒数读秒；临近时期","n. 倒计时，倒数读秒；临近时期；倒计时显示器","ˈkaʊntdaʊn","ˈkaʊntdaʊn","06:02.41"
"1859","认知词汇 A-C","109","counterpart","n. 对应的人（或事物）；（法律文件的）副本","n. 对应的人（或事物）；（法律文件的）副本","ˈkaʊntərpɑːrt","ˈkaʊntəpɑːt","06:05.23"
"1860","认知词汇 A-C","110","coupon","n. 赠券，优惠券；（剪自报刊的）参赛表，订货单","n. 赠券，优惠券；（剪自报刊的）参赛表，订货单；（债券的）息票；（尤指战时食品、衣服或其他商品的）配给券，票证；（固定利息证券的）票面利率；（足球博彩或其他比赛的）彩票；脸，面孔","ˈkuːpɑːn","ˈkuːpɒn","06:08.91"
"1861","认知词汇 A-C","111","crab","n. 螃蟹，蟹肉；脾气乖戾的人，易怒的人；v. 横行，作蟹行；捕蟹，抓蟹","n. 螃蟹，蟹肉；脾气乖戾的人，易怒的人；阴虱病；起重机，绞车 | v. 横行，作蟹行；捕蟹，抓蟹；抱怨，烦扰","kræb","kræb","06:11.63"
"1862","认知词汇 A-C","112","cracker","n. 薄脆饼干；彩色爆竹","n. 薄脆饼干；彩色爆竹；好东西，有趣的事物；黑客；精神崩溃的人，断裂（或裂开）的东西；迷人的女子；车把式","ˈkrækər","ˈkrækə(r)","06:15.56"
"1863","认知词汇 A-C","113","crocodile","n. 鳄鱼；鳄鱼皮（皮革）","n. 鳄鱼；鳄鱼皮（皮革）；（短语 crocodile tears）鳄鱼的眼泪，假慈悲","ˈkrɑːkədaɪl","ˈkrɒkədaɪl","06:19.74"
"1864","认知词汇 A-C","114","crossroads","n. 十字路口；交叉路口","n. 十字路口；交叉路口；聚会的中心地点","ˈkrɔːsroʊdz","ˈkrɒsrəʊdz","06:23.86"
"1865","认知词汇 D-H","1","damp","adj. 潮湿的；n. 湿气，潮气；沼气；v. 使潮湿，弄湿；减弱，抑制","adj. 潮湿的 | n. 湿气，潮气；沼气；气馁 | v. 使潮湿，弄湿；减弱，抑制；把（火）调小；限止（钢琴或其他乐器琴弦）的音；减幅，阻尼","dæmp","dæmp","00:00.00"
"1866","认知词汇 D-H","2","database","n. （计算机）数据库，资料库","n. （计算机）数据库，资料库","ˈdeɪtəbeɪs","ˈdeɪtəbeɪs","00:02.75"
"1867","认知词汇 D-H","3","dean","n. 院长，教务长；主任牧师","n. 院长，教务长；主任牧师","diːn","diːn","00:06.61"
"1868","认知词汇 D-H","4","deem","v. 认为，相信","v. 认为，相信","diːm","diːm","00:09.20"
"1869","认知词汇 D-H","5","deficient","adj. 缺乏的，不足的；有缺点的，有缺陷的","adj. 缺乏的，不足的；有缺点的，有缺陷的","dɪˈfɪʃ(ə)nt","dɪˈfɪʃ(ə)nt","00:12.55"
"1870","认知词汇 D-H","6","delegation","n. 代表团；授权，委派","n. 代表团；授权，委派","ˌdelɪˈɡeɪʃn","ˌdelɪˈɡeɪʃn","00:15.72"
"1871","认知词汇 D-H","7","dent","v. 使产生凹痕；损害，削弱；n. 凹痕；削减","v. 使产生凹痕；损害，削弱 | n. 凹痕；削减","dent","dent","00:18.93"
"1872","认知词汇 D-H","8","deprive","v. 剥夺，使丧失；免去……的职务（尤指圣职）","v. 剥夺，使丧失；免去……的职务（尤指圣职）","dɪˈpraɪv","dɪˈpraɪv","00:22.69"
"1873","认知词汇 D-H","9","despatch","v. 派遣，发送；迅速处理；n. 派遣，发送；急件","v. 派遣，发送；迅速处理；杀死，处死；匆匆吃下，匆匆离开（等于 dispatch） | n. 派遣，发送；急件；报道；迅速，高效；杀死（等于 dispatch）；派送部，发货部","dɪˈspætʃ","dɪˈspætʃ","00:25.40"
"1874","认知词汇 D-H","10","deteriorate","v. 恶化，变坏","v. 恶化，变坏","dɪˈtɪriəreɪt","dɪˈtɪəriəreɪt","00:28.65"
"1875","认知词汇 D-H","11","dew","n. 露水；（似露珠的）小水珠；v. 用水珠弄湿","n. 露水；（似露珠的）小水珠 | v. 用水珠弄湿","duː","djuː","00:32.69"
"1876","认知词汇 D-H","12","diabetes","n. 糖尿病，多尿症","n. 糖尿病，多尿症","ˌdaɪəˈbiːtiːz","ˌdaɪəˈbiːtiːz","00:35.77"
"1877","认知词汇 D-H","13","digit","n. （零到九中的任一）数字；手指，脚趾","n. （零到九中的任一）数字；手指，脚趾","ˈdɪdʒɪt","ˈdɪdʒɪt","00:39.22"
"1878","认知词汇 D-H","14","diligent","adj. 勤奋的，勤勉的；细致的，潜心的","adj. 勤奋的，勤勉的；细致的，潜心的","ˈdɪlɪdʒənt","ˈdɪlɪdʒənt","00:43.44"
"1879","认知词汇 D-H","15","dime","n. （美国、加拿大的）十分硬币；小钱，少量的钱","n. （美国、加拿大的）十分硬币；小钱，少量的钱；（就尺寸、面积或程度而言的）小东西","daɪm","daɪm","00:46.70"
"1880","认知词汇 D-H","16","disable","v. 使丧失能力，使伤残；使无效，使不能运转","v. 使丧失能力，使伤残；使无效，使不能运转；使无资格","dɪsˈeɪb(ə)l","dɪsˈeɪb(ə)l","00:50.84"
"1881","认知词汇 D-H","17","discriminate","v. 区分，辨别；歧视，区别对待","v. 区分，辨别；歧视，区别对待","dɪˈskrɪmɪneɪt","dɪˈskrɪmɪneɪt","00:54.24"
"1882","认知词汇 D-H","18","disgusting","adj. 令人反感的，令人恶心的；令人吃惊的，让人无法接受的；v. 使反感，使憎恶；使感到恶心（作呕）（disgust 的现在分词形式）","adj. 令人反感的，令人恶心的；令人吃惊的，让人无法接受的 | v. 使反感，使憎恶；使感到恶心（作呕）（disgust 的现在分词形式）","dɪsˈɡʌstɪŋ","dɪsˈɡʌstɪŋ","00:57.88"
"1883","认知词汇 D-H","19","disintegrate","v. 崩溃，瓦解；破裂，粉碎","v. 崩溃，瓦解；破裂，粉碎；蜕变，衰变","dɪsˈɪntɪɡreɪt","dɪsˈɪntɪɡreɪt","01:00.93"
"1884","认知词汇 D-H","20","disrupt","v. 中断，扰乱；彻底改变（某物）的结构，使（某物）的结构破裂","v. 中断，扰乱；彻底改变（某物）的结构，使（某物）的结构破裂；使瓦解，使分裂","dɪsˈrʌpt","dɪsˈrʌpt","01:04.84"
"1885","认知词汇 D-H","21","ditch","n. 沟渠，壕沟；v. 挖沟，修渠；摆脱，抛弃","n. 沟渠，壕沟 | v. 挖沟，修渠；摆脱，抛弃；逃学，旷工；不辞而别；（使）在水上迫降；使（火车）脱轨","dɪtʃ","dɪtʃ","01:08.17"
"1886","认知词汇 D-H","22","dock","n. 码头，船埠，船坞；港区；v. （使船）靠码头，进港；（航天器）在太空对接","n. 码头，船埠，船坞；港区；（供上下船或系船用的）突堤，栈桥；供船只、卡车、火车等装卸货物用的）月台；（尤指私家）泊位； 酸模（一种植物）；动物尾巴（除毛发外的）骨肉部分；被告席；被告席 | v. （使船）靠码头，进港；（航天器）在太空对接；将电子设备（如电脑、数码相机）相接；扣工资，扣分；剪短（动物的尾巴）","dɑːk","dɒk","01:11.40"
"1887","认知词汇 D-H","23","donor","n. 捐献者，捐赠者；（化学）供体；adj. 捐献的","n. 捐献者，捐赠者；（化学）供体；（物理）施主 | adj. 捐献的","ˈdoʊnər","ˈdəʊnə(r)","01:14.56"
"1888","认知词汇 D-H","24","doom","n. 厄运，劫数；悲观，沮丧；v. 注定","n. 厄运，劫数；悲观，沮丧 | v. 注定","duːm","duːm","01:17.65"
"1889","认知词汇 D-H","25","dose","n. 一剂，一服；一次，一点；v. 给……服药；掺入","n. 一剂，一服；一次，一点；花柳病 | v. 给……服药；掺入","doʊs","dəʊs","01:20.71"
"1890","认知词汇 D-H","26","drastic","adj. 极端的，激烈的","adj. 极端的，激烈的","ˈdræstɪk","ˈdræstɪk","01:23.58"
"1891","认知词汇 D-H","27","drought","n. 长期缺乏，严重短缺；口渴","n. 长期缺乏，严重短缺；口渴；干旱，旱灾","draʊt","draʊt","01:26.93"
"1892","认知词汇 D-H","28","dual","adj. 双的，双重的；双数的；n. 双数词；对偶定理（或表达式等）；v. 把（道路）改为复式车行道","adj. 双的，双重的；双数的；（飞机）双重控制的，复式操纵的；（定理、表达式等）对偶的 | n. 双数词；对偶定理（或表达式等） | v. 把（道路）改为复式车行道","ˈduːəl","ˈdjuːəl","01:30.06"
"1893","认知词汇 D-H","29","dye","v. 给……染色；n. 染料，染液","v. 给……染色 | n. 染料，染液","daɪ","daɪ","01:33.18"
"1894","认知词汇 D-H","30","earnest","adj. 认真的，诚挚的，真诚的；n. 预示，象征；严肃，认真（in earnest）","adj. 认真的，诚挚的，真诚的 | n. 预示，象征；严肃，认真（in earnest）","ˈɜːrnɪst","ˈɜːnɪst","01:36.34"
"1895","认知词汇 D-H","31","elevate","v. 提拔，提升；抬起，提起","v. 提拔，提升；抬起，提起；提高，增加；使情绪高昂，使兴高采烈","ˈelɪveɪt","ˈelɪveɪt","01:39.16"
"1896","认知词汇 D-H","32","elite","n. 权力集团，上层人士；尖子，精英；adj. 出类拔萃的，精锐的","n. 权力集团，上层人士；尖子，精英 | adj. 出类拔萃的，精锐的","eɪˈliːt; ɪˈliːt","eɪˈliːt; ɪˈliːt","01:42.37"
"1897","认知词汇 D-H","33","endanger","v. 使处于险境，危及","v. 使处于险境，危及","ɪnˈdeɪndʒər","ɪnˈdeɪndʒə(r)","01:46.14"
"1898","认知词汇 D-H","34","enlist","v. （使）参军，（使）入伍；争取，谋取","v. （使）参军，（使）入伍；争取，谋取；赞助，支持","ɪnˈlɪst","ɪnˈlɪst","01:49.49"
"1899","认知词汇 D-H","35","entrepreneur","n. 企业家，创业者；主办者，提倡者","n. 企业家，创业者；主办者，提倡者","ˌɑːntrəprəˈnɜːr","ˌɒntrəprəˈnɜː(r)","01:54.16"
"1900","认知词汇 D-H","36","equate","v. （使）等同；使（两个或两个以上事物）相等，使平衡","v. （使）等同；使（两个或两个以上事物）相等，使平衡","ɪˈkweɪt","ɪˈkweɪt","01:57.38"
"1901","认知词汇 D-H","37","erase","v. 抹去，擦掉；删除","v. 抹去，擦掉；删除；忘却；消除，消灭；（易）被擦掉，（易）被抹去","ɪˈreɪs","ɪˈreɪz","02:01.75"
"1902","认知词汇 D-H","38","err","v. 犯错，出错；作恶，犯罪","v. 犯错，出错；作恶，犯罪","er","ɜː(r)","02:04.59"
"1903","认知词汇 D-H","39","essence","n. 本质，要素；香精，香料","n. 本质，要素；香精，香料","ˈes(ə)ns","ˈes(ə)ns","02:08.90"
"1904","认知词汇 D-H","40","ethic","n. 行为准则，道德规范，伦理标准；信仰；adj. （与）道德规范（有关）的，（与）伦理（有关）的（=ethical）","n. 行为准则，道德规范，伦理标准；信仰 | adj. （与）道德规范（有关）的，（与）伦理（有关）的（=ethical）","ˈeθɪk","ˈeθɪk","02:11.53"
"1905","认知词汇 D-H","41","exceedingly","adv. 非常，极其；在很大程度上","adv. 非常，极其；在很大程度上","ɪkˈsiːdɪŋli","ɪkˈsiːdɪŋli","02:14.56"
"1906","认知词汇 D-H","42","excel","v. 精通，擅长；超过，胜过","v. 精通，擅长；超过，胜过","ɪkˈsel","ɪkˈsel","02:18.16"
"1907","认知词汇 D-H","43","expend","v. 花费，消耗，耗尽","v. 花费，消耗，耗尽","ɪkˈspend","ɪkˈspend","02:21.05"
"1908","认知词汇 D-H","44","expertise","n. 专长，专门技能（知识）；专家的意见","n. 专长，专门技能（知识）；专家的意见","ˌekspɜːrˈtiːz","ˌekspɜːˈtiːz","02:24.44"
"1909","认知词汇 D-H","45","eyebrow","n. 眉，眉毛","n. 眉，眉毛","ˈaɪbraʊ","ˈaɪbraʊ","02:28.32"
"1910","认知词汇 D-H","46","fairy","n. 仙子，小精灵；兔子（对男同性恋者的蔑称）；adj. 仙女的","n. 仙子，小精灵；兔子（对男同性恋者的蔑称）；仙蜂鸟 | adj. 仙女的","ˈferi","ˈfeəri","02:31.12"
"1911","认知词汇 D-H","47","fasten","v. 关紧，锁好（门窗）；（使）牢固，（使）固定","v. 关紧，锁好（门窗）；（使）牢固，（使）固定；握住，咬住；盯住……不放，集中注意力于……；缠着，纠缠；系牢，扣紧","ˈfæsn","ˈfɑːs(ə)n","02:34.29"
"1912","认知词汇 D-H","48","federation","n. 联邦政府，联邦；联合会","n. 联邦政府，联邦；联合会；结成联邦（或联盟）","ˌfedəˈreɪʃ(ə)n","ˌfedəˈreɪʃ(ə)n","02:37.50"
"1913","认知词汇 D-H","49","fingerprint","n. 指纹，手印；区别性特征；v. 指纹采样","n. 指纹，手印；区别性特征；指纹图谱 | v. 指纹采样","ˈfɪŋɡərprɪnt","ˈfɪŋɡəprɪnt","02:41.19"
"1914","认知词汇 D-H","50","flaw","n. 缺点，缺陷；裂痕，瑕疵；v. 削弱，使失效","n. 缺点，缺陷；裂痕，瑕疵 | v. 削弱，使失效","flɔː","flɔː","02:45.36"
"1915","认知词汇 D-H","51","fleet","n. 船队，舰队；（某家公司控制的）车队；adj. 快速的；快速的；adv. 浅，不深地；v. 疾驰，飞逝","n. 船队，舰队；（某家公司控制的）车队；小湾，水道 | adj. 快速的；快速的；（水）浅的 | adv. 浅，不深地 | v. 疾驰，飞逝","fliːt","fliːt","02:48.14"
"1916","认知词汇 D-H","52","foggy","adj. 有雾的，雾气茫茫的；迷糊的，朦胧的","adj. 有雾的，雾气茫茫的；迷糊的，朦胧的；模糊的，糊涂的","ˈfɑːɡi","ˈfɒɡi","02:51.13"
"1917","认知词汇 D-H","53","footprint","n. 脚印，足迹；占用空间","n. 脚印，足迹；占用空间；覆盖区","ˈfʊtprɪnt","ˈfʊtprɪnt","02:54.06"
"1918","认知词汇 D-H","54","foremost","adj. 最前的，最重要的；adv. 首先，第一；最基础地，最重要地","adj. 最前的，最重要的 | adv. 首先，第一；最基础地，最重要地","ˈfɔːrmoʊst","ˈfɔːməʊst","02:58.44"
"1919","认知词汇 D-H","55","foresight","n. 先见之明；（枪的）前准星","n. 先见之明；（枪的）前准星；前视","ˈfɔːrsaɪt","ˈfɔːsaɪt","03:01.74"
"1920","认知词汇 D-H","56","forestry","n. 林学，林业；林地","n. 林学，林业；林地","ˈfɔːrɪstri","ˈfɒrɪstri","03:05.89"
"1921","认知词汇 D-H","57","formulate","v. 制定，规划；确切表达，认真阐述","v. 制定，规划；确切表达，认真阐述；用公式表示","ˈfɔːrmjuleɪt","ˈfɔːmjuleɪt","03:08.96"
"1922","认知词汇 D-H","58","forthcoming","adj. 即将发生的；乐于提供信息的，愿意提供帮助的；n. 来临","adj. 即将发生的；乐于提供信息的，愿意提供帮助的；现成的，可得到的 | n. 来临","ˌfɔːrθˈkʌmɪŋ","ˌfɔːθˈkʌmɪŋ","03:12.11"
"1923","认知词汇 D-H","59","freeway","n. 高速公路","n. 高速公路","ˈfriːweɪ","ˈfriːweɪ","03:15.40"
"1924","认知词汇 D-H","60","freshman","n. （中学或大学的）一年级学生；新手","n. （中学或大学的）一年级学生； 新手；新手","ˈfreʃmən","ˈfreʃmən","03:19.15"
"1925","认知词汇 D-H","61","fright","n. 惊骇，恐怖，惊吓；恐怖的经历；v. 使惊恐","n. 惊骇，恐怖，惊吓；恐怖的经历；不整洁的人，奇怪、丑陋的东西 | v. 使惊恐","fraɪt","fraɪt","03:21.75"
"1926","认知词汇 D-H","62","fruitful","adj. 成果丰硕的，富有成效的；富饶的，多产的","adj. 成果丰硕的，富有成效的；富饶的，多产的；（人）多子多孙的","ˈfruːtf(ə)l","ˈfruːtf(ə)l","03:25.09"
"1927","认知词汇 D-H","63","furnace","n. 火炉，熔炉","n. 火炉，熔炉","ˈfɜːrnɪs","ˈfɜːnɪs","03:27.91"
"1928","认知词汇 D-H","64","gadget","n. 小器具，小玩意儿","n. 小器具，小玩意儿","ˈɡædʒɪt","ˈɡædʒɪt","03:30.96"
"1929","认知词汇 D-H","65","germ","n. 病菌，细菌；起源，萌芽","n. 病菌，细菌；起源，萌芽；极少量；胚芽，胚胎","dʒɜːrm","dʒɜːm","03:34.14"
"1930","认知词汇 D-H","66","gorgeous","adj. 美丽动人的；令人愉快的","adj. 美丽动人的；令人愉快的；绚丽的，华丽的","ˈɡɔːrdʒəs","ˈɡɔːdʒəs","03:37.02"
"1931","认知词汇 D-H","67","gossip","n. 流言蜚语，小道消息；爱说三道四的人；v. 闲聊，说三道四","n. 流言蜚语，小道消息；爱说三道四的人；闲聊 | v. 闲聊，说三道四","ˈɡɑːsɪp","ˈɡɒsɪp","03:40.40"
"1932","认知词汇 D-H","68","gown","n. 女裙服，女礼服；（法官、教师、律师及大学成员穿的）长袍，长外衣；v. 使穿长袍，使穿礼服","n. 女裙服，女礼服；（法官、教师、律师及大学成员穿的）长袍，长外衣；（尤指在医院穿的）罩衣，外罩；睡衣 | v. 使穿长袍，使穿礼服","ɡaʊn","ɡaʊn","03:43.79"
"1933","认知词汇 D-H","69","gravitation","n. 万有引力，重力；移动，吸引","n. 万有引力，重力；移动，吸引","ˌɡrævɪˈteɪʃ(ə)n","ˌɡrævɪˈteɪʃ(ə)n","03:46.66"
"1934","认知词汇 D-H","70","grin","v. 露齿而笑，咧着嘴笑；n. 露齿的笑，咧着嘴笑","v. 露齿而笑，咧着嘴笑 | n. 露齿的笑，咧着嘴笑","ɡrɪn","ɡrɪn","03:50.04"
"1935","认知词汇 D-H","71","guilt","n. 内疚；罪行","n. 内疚；罪行；罪责","ɡɪlt","ɡɪlt","03:52.64"
"1936","认知词汇 D-H","72","gulf","n. 海湾；鸿沟，分歧","n. 海湾；鸿沟，分歧；波斯湾；（地面的）裂口，深渊","ɡʌlf","ɡʌlf","03:55.90"
"1937","认知词汇 D-H","73","habitat","n. （动植物的）生活环境，栖息地","n. （动植物的）生活环境，栖息地","ˈhæbɪtæt","ˈhæbɪtæt","03:58.95"
"1938","认知词汇 D-H","74","hack①","v. 砍，劈；非法侵入（他人计算机系统）；n. 雇佣文人，写手；二流政客，政治仆从","v. 砍，劈；非法侵入（他人计算机系统）；大幅删改（文章）；对付，处理；劈出，开辟（道路）；大声咳嗽；猛踢；骑马消遣；在饲草架上放（饲草）；开出租车 | n. 雇佣文人，写手；二流政客，政治仆从；（对他人计算机）侵入；出租车，出租车司机；砍，劈；可出租的马；老马；（大声的）干咳；（冰壶运动中溜掷冰壶时作为足部支撑点的）冰槽，起蹬器；劈（或砍、击）的工具；伤口；（猎鹰）饲鹰板；（晒乳酪等的）晒架","hæk","hæk","04:02.51"
"1939","认知词汇 D-H","75","hack②","v. 砍，劈；非法侵入（他人计算机系统）；n. 雇佣文人，写手；二流政客，政治仆从","v. 砍，劈；非法侵入（他人计算机系统）；大幅删改（文章）；对付，处理；劈出，开辟（道路）；大声咳嗽；猛踢；骑马消遣；在饲草架上放（饲草）；开出租车 | n. 雇佣文人，写手；二流政客，政治仆从；（对他人计算机）侵入；出租车，出租车司机；砍，劈；可出租的马；老马；（大声的）干咳；（冰壶运动中溜掷冰壶时作为足部支撑点的）冰槽，起蹬器；劈（或砍、击）的工具；伤口；（猎鹰）饲鹰板；（晒乳酪等的）晒架","hæk","hæk","04:05.20"
"1940","认知词汇 D-H","76","halfway","adv. 在中间，在中途；还可以，过得去；adj. 在中间的，在中途的；不完全的，不彻底的","adv. 在中间，在中途；还可以，过得去 | adj. 在中间的，在中途的；不完全的，不彻底的","ˌhæfˈweɪ","ˌhɑːfˈweɪ","04:08.13"
"1941","认知词汇 D-H","77","handicap","n. （生理或智力上的）残障，残疾；障碍，不利因素；v. 妨碍，使不利；预测（可能的获胜者）","n. （生理或智力上的）残障，残疾；障碍，不利因素；让步赛；让杆数 | v. 妨碍，使不利；预测（可能的获胜者）","ˈhændikæp","ˈhændikæp","04:12.53"
"1942","认知词汇 D-H","78","hardware","n. （计算机）硬件；五金制品","n. （计算机）硬件；五金制品；装备，设备","ˈhɑːrdwer","ˈhɑːdweə(r)","04:15.77"
"1943","认知词汇 D-H","79","haunt","v. （鬼魂）出没；萦绕在……心头；n. 常去的地方；栖息地","v. （鬼魂）出没；萦绕在……心头；（长期）困扰；常去（某地） | n. 常去的地方；栖息地","hɔːnt","hɔːnt","04:18.62"
"1944","认知词汇 D-H","80","haze","n. 霾，烟雾；懵懂，迷糊；v. 变朦胧；戏弄（大学新生，作为入学或入会仪式的一部分）","n. 霾，烟雾；懵懂，迷糊 | v. 变朦胧；戏弄（大学新生，作为入学或入会仪式的一部分）；变糊涂；使劳累，使劳役折磨","heɪz","heɪz","04:21.92"
"1945","认知词汇 D-H","81","heartfelt","adj. 由衷的，诚挚的","adj. 由衷的，诚挚的","ˈhɑːrtfelt","ˈhɑːtfelt","04:24.96"
"1946","认知词汇 D-H","82","hectare","n. 公顷（土地丈量单位，等于1万平方米或约2.5英亩）","n. 公顷（土地丈量单位，等于1万平方米或约2.5英亩）","ˈhekter","ˈhekteə(r)","04:28.88"
"1947","认知词汇 D-H","83","helpless","adj. 无助的，无奈的；情不自禁的","adj. 无助的，无奈的；情不自禁的","ˈhelpləs","ˈhelpləs","04:33.13"
"1948","认知词汇 D-H","84","hereby","adv. 以此，特此","adv. 以此，特此","ˌhɪrˈbaɪ","ˌhɪəˈbaɪ","04:36.18"
"1949","认知词汇 D-H","85","heritage","n. 遗产，传统，世袭财产；（植物种类）纯种的，老品种的","n. 遗产，传统，世袭财产；（植物种类）纯种的，老品种的；特殊（或个人）的所有物，（该有的）一份；上帝选择的人（以色列人或基督教教会）","ˈherɪtɪdʒ","ˈherɪtɪdʒ","04:39.17"
"1950","认知词汇 D-H","86","hijack,highjack","v. 抢劫，劫持；强行控制，操纵；n. 劫持事件（或行为）","v. 抢劫，劫持；强行控制，操纵 | n. 劫持事件（或行为）","ˈhaɪdʒæk","ˈhaɪdʒæk","04:42.96"
"1951","认知词汇 D-H","87","hip","n. 臀部，髋；屋脊；adj. 时髦的；int. 加油！ 好哇！","n. 臀部，髋；屋脊；野蔷薇果 | adj. 时髦的 | int. 加油！ 好哇！","hɪp","hɪp","04:46.66"
"1952","认知词汇 D-H","88","homosexual","n. 同性恋者（通常指男性）；adj. 同性恋的，同性性欲的","n. 同性恋者（通常指男性） | adj. 同性恋的，同性性欲的","ˌhoʊməˈsekʃuəl","ˌhəʊməˈsekʃuəl; ˌhɒməˈsekʃuəl","04:49.58"
"1953","认知词汇 D-H","89","horsepower","n. 马力（功率单位）","n. 马力（功率单位）","ˈhɔːrspaʊər","ˈhɔːspaʊə(r)","04:52.98"
"1954","认知词汇 D-H","90","hospitable","adj. 好客的，热情友好的；环境适宜的","adj. 好客的，热情友好的；环境适宜的；乐于接受的","ˈhɑːspɪtəb(ə)l","hɒˈspɪtəb(ə)l","04:56.31"
"1955","认知词汇 D-H","91","hut","n. （简陋的）小屋；（花园中的）木屋，（建筑工人等住的）临时工棚；v. 供给……小屋","n. （简陋的）小屋；（花园中的）木屋，（建筑工人等住的）临时工棚 | v. 供给……小屋","hʌt","hʌt","05:00.46"
"1956","认知词汇 D-H","92","hyphen","n. 连字符，连字号；v. 用连字号连接","n. 连字符，连字号 | v. 用连字号连接","ˈhaɪfn","ˈhaɪfn","05:03.14"
"1957","认知词汇 I-Q","1","idiom","n. 习语，成语；方言，土话","n. 习语，成语；方言，土话；（个人、艺术形式等的）风格，特色","ˈɪdiəm","ˈɪdiəm","00:00.00"
"1958","认知词汇 I-Q","2","immigrate","v. （从外地）移居，移民；使移居入境","v. （从外地）移居，移民；使移居入境","ˈɪmɪɡreɪt","ˈɪmɪɡreɪt","00:03.66"
"1959","认知词汇 I-Q","3","incentive","n. 激励，刺激","n. 激励，刺激","ɪnˈsentɪv","ɪnˈsentɪv","00:07.94"
"1960","认知词汇 I-Q","4","inflate","v. （使）充气，（使）膨胀；使（价格、成本等）上涨","v. （使）充气，（使）膨胀；使（价格、成本等）上涨；夸大，吹嘘","ɪnˈfleɪt","ɪnˈfleɪt","00:11.28"
"1961","认知词汇 I-Q","5","influenza","n. 流行性感冒","n. 流行性感冒","ˌɪnfluˈenzə","ˌɪnfluˈenzə","00:14.83"
"1962","认知词汇 I-Q","6","infrastructure","n. 下面结构；永久性军事设施","n. 下面结构；永久性军事设施；基础设施，基础建设","ˈɪnfrəstrʌktʃər","ˈɪnfrəstrʌktʃə(r)","00:18.69"
"1963","认知词汇 I-Q","7","inhabit","v. 居住于，栖居在；存在于，占据","v. 居住于，栖居在；存在于，占据","ɪnˈhæbɪt","ɪnˈhæbɪt","00:22.23"
"1964","认知词汇 I-Q","8","initiate","v. 开始实施，发起；使了解，传授；n. 新加入某组织的人，新入会的人","v. 开始实施，发起；使了解，传授；（尤指在秘密仪式上）使加入，接纳 | n. 新加入某组织的人，新入会的人","ɪˈnɪʃieɪt","ɪˈnɪʃieɪt","00:25.61"
"1965","认知词汇 I-Q","9","inland","adv. 在内地，向内陆；adj. 内陆的，内地的；国内的；n. 内陆，内地","adv. 在内地，向内陆 | adj. 内陆的，内地的；国内的 | n. 内陆，内地","ˈɪnlənd","ˈɪnlənd; ɪnˈlænd","00:28.80"
"1966","认知词汇 I-Q","10","innovate","v. 革新，创新","v. 革新，创新","ˈɪnəveɪt","ˈɪnəveɪt","00:33.70"
"1967","认知词汇 I-Q","11","instal(l)ment","n. 分期付款；每期应付款项","n. 分期付款；每期应付款项；（连载或系列作品的）一期，一集；部分；安装；就职","ɪnˈstɔːlmənt","ɪnˈstɔːlmənt","00:36.80"
"1968","认知词汇 I-Q","12","intake","n. （食物、饮料、空气等的）摄取量，吸入量；摄入，吸入","n. （食物、饮料、空气等的）摄取量，吸入量；摄入，吸入；（一定时期内）纳入的人数；入口，进口；（从荒野地或公共地开发出的）垦地","ˈɪnteɪk","ˈɪnteɪk","00:40.86"
"1969","认知词汇 I-Q","13","intangible","adj. 不可捉摸的，难以确定的；（资产，利益）无形的；n. 无形的东西","adj. 不可捉摸的，难以确定的；（资产，利益）无形的 | n. 无形的东西","ɪnˈtændʒəb(ə)l","ɪnˈtændʒəb(ə)l","00:44.24"
"1970","认知词汇 I-Q","14","intrude","v. 闯入；打扰，侵扰","v. 闯入；打扰，侵扰；（火成岩）侵入（已生成构造）","ɪnˈtruːd","ɪnˈtruːd","00:48.32"
"1971","认知词汇 I-Q","15","invalid","adj. （法律上）无效的，作废的；（论据、理由等）站不住脚的，错误的；n. 病弱者，伤残者；vt. 使（因伤或病）退役；使伤残，使病弱","adj. （法律上）无效的，作废的；（论据、理由等）站不住脚的，错误的；（计算机）不能识别的；残疾的 | n. 病弱者，伤残者 | vt. 使（因伤或病）退役；使伤残，使病弱","ɪnˈvælɪd; ˈɪnvəlɪd","ɪnˈvælɪd; ˈɪnvəlɪd","00:51.50"
"1972","认知词汇 I-Q","16","invaluable","adj. 极有用的，极宝贵的","adj. 极有用的，极宝贵的","ɪnˈvæljuəb(ə)l","ɪnˈvæljuəb(ə)l","00:56.47"
"1973","认知词汇 I-Q","17","invariably","adv. 始终如一地，一贯地","adv. 始终如一地，一贯地","ɪnˈveriəbli","ɪnˈveəriəbli","00:59.85"
"1974","认知词汇 I-Q","18","irony","n. （出乎意料的）奇异可笑之处，具有讽刺意味的情况；反语，讽刺；adj. 铁的；含铁的","n. （出乎意料的）奇异可笑之处，具有讽刺意味的情况；反语，讽刺 | adj. 铁的；含铁的；似铁的","ˈaɪrəni","ˈaɪrəni","01:03.11"
"1975","认知词汇 I-Q","19","irrational","adj. 非理性的，不合逻辑的，荒谬的；无理的；n. 无理数","adj. 非理性的，不合逻辑的，荒谬的；无理的 | n. 无理数","ɪˈræʃən(ə)l","ɪˈræʃən(ə)l","01:06.10"
"1976","认知词汇 I-Q","20","irregular","adj. 不平整的，不整齐的；（时间）无规律的，不定期的；n. 非正规军军人；次品，处理品","adj. 不平整的，不整齐的；（时间）无规律的，不定期的；（行为）不合常规的，不正常的；（词形）不规则的；非正规军的；便秘的 | n. 非正规军军人；次品，处理品","ɪˈreɡjələr","ɪˈreɡjələ(r)","01:10.59"
"1977","认知词汇 I-Q","21","jet lag","n. 时差反应，飞行时差反应：长途飞行穿越多个时区后因人体生物钟未能及时适应目的地时间而出现的身体疲劳、困倦和不适","n. 时差反应，飞行时差反应：长途飞行穿越多个时区后因人体生物钟未能及时适应目的地时间而出现的身体疲劳、困倦和不适。","ˈdʒet læɡ","ˈdʒet læɡ","01:14.62"
"1978","认知词汇 I-Q","22","jewel","n. 宝石；珠宝首饰；v. 用宝石装饰；把宝石承轴装进手表","n. 宝石；珠宝首饰；难能可贵的人，珍贵的东西；（手表的）宝石轴承 | v. 用宝石装饰；把宝石承轴装进手表","ˈdʒuːəl","ˈdʒuːəl","01:17.58"
"1979","认知词汇 I-Q","23","judgement","n. 意见，判断，评价（同 judgment）；判断力，辨别力","n. 意见，判断，评价（同 judgment）；判断力，辨别力；审判；判决","ˈdʒʌdʒmənt","ˈdʒʌdʒmənt","01:20.50"
"1980","认知词汇 I-Q","24","kettle","n. 水壶；锅","n. 水壶；锅","ˈket(ə)l","ˈket(ə)l","01:23.76"
"1981","认知词汇 I-Q","25","kin","n. （统称）家属，亲戚；adj. （人）有亲戚关系的","n. （统称）家属，亲戚 | adj. （人）有亲戚关系的","kɪn","kɪn","01:26.95"
"1982","认知词汇 I-Q","26","know-how","n. 专门知识，实际经验","n. 专门知识，实际经验","ˈnoʊ haʊ","ˈnəʊ haʊ","01:29.88"
"1983","认知词汇 I-Q","27","lace","n. 网眼织物，蕾丝；鞋带，系带；v. 用系带束紧，用鞋带系（鞋）；把（少量酒、药品或毒药等烈性物质）掺入","n. 网眼织物，蕾丝；鞋带，系带；少量烈酒 | v. 用系带束紧，用鞋带系（鞋）；把（少量酒、药品或毒药等烈性物质）掺入；使编织（或交织、缠绕）在一起；加入……使有味（或有趣）","leɪs","leɪs","01:33.43"
"1984","认知词汇 I-Q","28","laptop","n. 膝上型计算机，便携式电脑（=laptop computer）","n. 膝上型计算机，便携式电脑（=laptop computer）","ˈlæptɑːp","ˈlæptɒp","01:36.30"
"1985","认知词汇 I-Q","29","lass","n. 小女孩，姑娘；女佣","n. 小女孩，姑娘；女佣","læs","læs","01:39.65"
"1986","认知词汇 I-Q","30","lawn","n. 草坪，草地；上等细棉布，上等细麻布","n. 草坪，草地；上等细棉布，上等细麻布","lɔːn","lɔːn","01:44.13"
"1987","认知词汇 I-Q","31","layoff","n. 解雇，下岗；休养，停工期","n. 解雇，下岗；休养，停工期","ˈleɪˌɔːf","ˈleɪɒf","01:46.59"
"1988","认知词汇 I-Q","32","legend","n. 传说，传奇故事；传奇人物；adj. 十分出名的","n. 传说，传奇故事；传奇人物；（标志、徽记、硬币等物品上的）刻印文字，铭文；（图片或地图的）文字说明，图例 | adj. 十分出名的","ˈledʒənd","ˈledʒənd","01:50.65"
"1989","认知词汇 I-Q","33","legislate","v. 通过立法实施；制定法律，立法","v. 通过立法实施；制定法律，立法","ˈledʒɪsleɪt","ˈledʒɪsleɪt","01:53.80"
"1990","认知词汇 I-Q","34","literal","adj. 字面上的；逐字的；n. 误印","adj. 字面上的；逐字的；缺乏想象力的，刻板的；确切的，不夸张的；（图像）写实的；（用）字母（表示）的 | n. 误印","ˈlɪtərəl","ˈlɪtərəl","01:59.23"
"1991","认知词汇 I-Q","35","literally","adv. 按照字面意义地，逐字地；真正地，确实地","adv. 按照字面意义地，逐字地；真正地，确实地；（用于夸张地强调）简直","ˈlɪtərəli","ˈlɪtərəli","02:01.84"
"1992","认知词汇 I-Q","36","livelihood","n. 生计，营生","n. 生计，营生","ˈlaɪvlihʊd","ˈlaɪvlihʊd","02:05.10"
"1993","认知词汇 I-Q","37","loophole","n. （法律、合同等的）漏洞，空子；（城墙上的）射箭用小窗口；v. 在（墙或建筑物上）开射箭用小窗口","n. （法律、合同等的）漏洞，空子；（城墙上的）射箭用小窗口 | v. 在（墙或建筑物上）开射箭用小窗口","ˈluːphoʊl","ˈluːphəʊl","02:08.63"
"1994","认知词汇 I-Q","38","lunar","adj. 月亮的，月球的；银的","adj. 月亮的，月球的；银的；阴历的；似月的，月牙形的","ˈluːnər","ˈluːnə(r)","02:11.75"
"1995","认知词汇 I-Q","39","maiden","n. 少女，未婚女子，处女；（板球）零得分投球轮；adj. 首次的，初次的；（女子）未婚的","n. 少女，未婚女子，处女；（板球）零得分投球轮；（赛跑中）未赢过的马 | adj. 首次的，初次的；（女子）未婚的；（赛马）从未跑赢过的；（树木或其他果实植物）生长期第一年内的","ˈmeɪd(ə)n","ˈmeɪdn","02:14.58"
"1996","认知词汇 I-Q","40","mainstream","n. 主流；adj. 主流的；（学校，班级）为无特殊需求学生开设的，普通的；v. 使主流化，使成为主流；（把有特殊教育需求的孩子）编入普通班级","n. 主流 | adj. 主流的；（学校，班级）为无特殊需求学生开设的，普通的 | v. 使主流化，使成为主流；（把有特殊教育需求的孩子）编入普通班级","ˈmeɪnstriːm","ˈmeɪnstriːm","02:17.70"
"1997","认知词汇 I-Q","41","make-up","n. 化妆品，化妆；构成，组成，构造","n. 化妆品，化妆；构成，组成，构造；性格，气质；补考；排版，版面编排","ˈmeɪk ʌp","ˈmeɪk ʌp","02:21.22"
"1998","认知词汇 I-Q","42","mammal","n. 哺乳动物","n. 哺乳动物","ˈmæm(ə)l","ˈmæm(ə)l","02:24.70"
"1999","认知词汇 I-Q","43","mankind","n. 人类；男人，男子","n. 人类；男人，男子","mænˈkaɪnd","mænˈkaɪnd","02:27.57"
"2000","认知词汇 I-Q","44","manly","adj. 有男子气概的，强壮的；（活动）适合男人的；adv. 雄赳赳地","adj. 有男子气概的，强壮的；（活动）适合男人的 | adv. 雄赳赳地","ˈmænli","ˈmænli","02:31.10"
"2001","认知词汇 I-Q","45","marvel","n. 令人惊异的人（或事），奇迹；v. 感到惊奇，大为赞叹","n. 令人惊异的人（或事），奇迹 | v. 感到惊奇，大为赞叹","ˈmɑːrv(ə)l","ˈmɑːv(ə)l","02:34.31"
"2002","认知词汇 I-Q","46","massage","n. 按摩，推拿；v. 按摩，推拿；窜改","n. 按摩，推拿 | v. 按摩，推拿；窜改；用………揉擦（皮肤、头发等）","məˈsɑːʒ","ˈmæsɑːʒ","02:39.09"
"2003","认知词汇 I-Q","47","masterpiece","n. 代表作，杰作；极好的例证","n. 代表作，杰作；极好的例证；手艺人为取得大师资格并进入行会而制作的作品","ˈmæstərpiːs","ˈmɑːstəpiːs","02:42.34"
"2004","认知词汇 I-Q","48","mayor","n. （英格兰、威尔士和北爱尔兰由议员选举产生的）镇长，市长；（美国、加拿大等国家公众选举的）市长","n. （英格兰、威尔士和北爱尔兰由议员选举产生的）镇长，市长；（美国、加拿大等国家公众选举的）市长","ˈmeɪər","meə(r)","02:46.01"
"2005","认知词汇 I-Q","49","mechanize,-ise","v. 使机械化，用机械装备；使变得像机械","v. 使机械化，用机械装备；使变得像机械","ˈmekənaɪz","ˈmekənaɪz","02:49.27"
"2006","认知词汇 I-Q","50","memorandum","n. 公务便条，备忘录；协议备忘录","n. 公务便条，备忘录；协议备忘录；建议书，报告；合同书，（法律文件细节的）摘要","ˌmeməˈrændəm","ˌmeməˈrændəm","02:52.20"
"2007","认知词汇 I-Q","51","metric","adj. 米制的，公制的；度规的；n. 诗韵；衡量标准","adj. 米制的，公制的；度规的；用诗体写的，格律诗的 | n. 诗韵；衡量标准；度规","ˈmetrɪk","ˈmetrɪk","02:55.33"
"2008","认知词汇 I-Q","52","metro","n. （尤指法国的）地铁，地铁系统；大城市；adj. 大都会的，大城市的","n. （尤指法国的）地铁，地铁系统；大城市 | adj. 大都会的，大城市的","ˈmetroʊ","ˈmetrəʊ","02:58.51"
"2009","认知词汇 I-Q","53","microphone","n. 扩音器，麦克风","n. 扩音器，麦克风","ˈmaɪkrəfoʊn","ˈmaɪkrəfəʊn","03:01.57"
"2010","认知词汇 I-Q","54","microscope","n. 显微镜","n. 显微镜","ˈmaɪkrəskoʊp","ˈmaɪkrəskəʊp","03:04.84"
"2011","认知词汇 I-Q","55","misfortune","n. 厄运，不幸；不幸事件，灾难","n. 厄运，不幸；不幸事件，灾难","ˌmɪsˈfɔːrtʃən","ˌmɪsˈfɔːtʃuːn","03:08.88"
"2012","认知词汇 I-Q","56","monster","n. 怪兽，怪物；残忍的人，恶魔；adj. 很受欢迎的；庞大的，巨大的；v. 严厉批评，斥责","n. 怪兽，怪物；残忍的人，恶魔；小恶棍，捣蛋鬼；巨大的东西，庞然大物；难以驾驭的人，难以掌控的事物；畸形动物（或植物） | adj. 很受欢迎的；庞大的，巨大的 | v. 严厉批评，斥责","ˈmɑːnstər","ˈmɒnstə(r)","03:12.03"
"2013","认知词汇 I-Q","57","mortgage","n. 按揭，抵押贷款；抵押贷款额；v. 抵押；（为眼前好处）使承受（未来）风险","n. 按揭，抵押贷款；抵押贷款额 | v. 抵押；（为眼前好处）使承受（未来）风险","ˈmɔːrɡɪdʒ","ˈmɔːɡɪdʒ","03:15.27"
"2014","认知词汇 I-Q","58","motorway","n. 高速公路；宽平滑雪道","n. 高速公路；宽平滑雪道","ˈmoʊtərweɪ","ˈməʊtəweɪ","03:18.54"
"2015","认知词汇 I-Q","59","mule","n. 骡，骡子；越境运毒者","n. 骡，骡子；越境运毒者；（室内使用的）拖鞋；杂交动物，杂交植物；走锭纺纱机；（尤指电动的）小型拖拉机，小型电动机车；（正、反两面的图案不相配的）错铸硬币","mjuːl","mjuːl","03:21.90"
"2016","认知词汇 I-Q","60","municipal","adj. 城市的，市政的；自治城市的，地方自治的","adj. 城市的，市政的；自治城市的，地方自治的；内政的","mjuːˈnɪsɪp(ə)l","mjuːˈnɪsɪp(ə)l","03:26.38"
"2017","认知词汇 I-Q","61","napkin","n. 餐巾纸；尿布","n. 餐巾纸； 尿布；卫生巾","ˈnæpkɪn","ˈnæpkɪn","03:29.31"
"2018","认知词汇 I-Q","62","narrate","v. 讲（故事），叙述；给（电影、广播或音乐等）配解说词","v. 讲（故事），叙述；给（电影、广播或音乐等）配解说词","ˈnæreɪt","nəˈreɪt","03:32.37"
"2019","认知词汇 I-Q","63","nationality","n. 族，民族；国籍","n. 族，民族；国籍","ˌnæʃəˈnæləti","ˌnæʃəˈnæləti","03:35.51"
"2020","认知词汇 I-Q","64","naughty","adj. 顽皮的，淘气的；不妥当的，（成人）没规矩的","adj. 顽皮的，淘气的；不妥当的，（成人）没规矩的；下流的，淫秽的；邪恶的","ˈnɔːti","ˈnɔːti","03:38.82"
"2021","认知词汇 I-Q","65","navy","n. 海军；深蓝色","n. 海军；深蓝色；舰队","ˈneɪvi","ˈneɪvi","03:41.64"
"2022","认知词汇 I-Q","66","negate","v. 否认，否定；使无效，取消","v. 否认，否定；使无效，取消；使（单词或短语）变否定","nɪˈɡeɪt","nɪˈɡeɪt","03:45.14"
"2023","认知词汇 I-Q","67","nickel","n. （金属）镍；（美国或加拿大的）五分硬币；v. 镀镍于","n. （金属）镍；（美国或加拿大的）五分硬币 | v. 镀镍于","ˈnɪk(ə)l","ˈnɪk(ə)l","03:48.61"
"2024","认知词汇 I-Q","68","nightclub","n. 夜总会，夜店；vi. 去夜总会","n. 夜总会，夜店 | vi. 去夜总会","ˈnaɪtklʌb","ˈnaɪtklʌb","03:51.64"
"2025","认知词汇 I-Q","69","nucleus","n. 原子核；细胞核","n. 原子核；细胞核；核心，中心；神经核；（彗星的）核","ˈnuːkliəs","ˈnjuːkliəs","03:55.20"
"2026","认知词汇 I-Q","70","nude","adj. 裸体的，赤裸的；肉色的；n. 裸体人像，人物裸体作品；肉色，裸色","adj. 裸体的，赤裸的；肉色的；光秃的，无装饰的 | n. 裸体人像，人物裸体作品；肉色，裸色","nuːd","njuːd","03:58.46"
"2027","认知词汇 I-Q","71","obese","adj. 肥胖的，臃肿的","adj. 肥胖的，臃肿的","oʊˈbiːs","əʊˈbiːs","04:01.14"
"2028","认知词汇 I-Q","72","odo(u)r","n. （尤指难闻的）气味，臭味；意味，迹象","n. （尤指难闻的）气味，臭味；意味，迹象；名声","ˈoʊdər","ˈəʊdə(r)","04:04.32"
"2029","认知词汇 I-Q","73","old-fashioned","adj. 过时的，老式的；（观点、习俗、价值观等）守旧的，传统的；n. （主要用威士忌、苦味酒、水和糖调成的）威士忌鸡尾酒","adj. 过时的，老式的；（观点、习俗、价值观等）守旧的，传统的；（表情）反对的 | n. （主要用威士忌、苦味酒、水和糖调成的）威士忌鸡尾酒","ˌoʊld ˈfæʃ(ə)nd","ˌəʊld ˈfæʃ(ə)nd","04:07.42"
"2030","认知词汇 I-Q","74","opener","n. 开启工具；揭幕赛，开场戏","n. 开启工具；揭幕赛，开场戏；首粒进球；开场的话；（板球）开局者；（桥牌）开叫人","ˈoʊpənər","ˈəʊpənə(r)","04:11.10"
"2031","认知词汇 I-Q","75","opt","v. 选择，作出抉择","v. 选择，作出抉择","ɑːpt","ɒpt","04:14.34"
"2032","认知词汇 I-Q","76","optimism","n. 乐观；乐观主义","n. 乐观；乐观主义","ˈɑːptɪmɪzəm","ˈɒptɪmɪzəm","04:17.46"
"2033","认知词汇 I-Q","77","ore","n. 矿石，矿砂","n. 矿石，矿砂","ɔːr","ɔː(r)","04:20.21"
"2034","认知词汇 I-Q","78","orient","v. 朝向，面对，使适合；定向放置（某物）；n. 东方，东亚诸国（the Orient）；（优质珍珠的）光泽；adj. 东方的，东方国家的；（尤指宝石）光彩夺目的","v. 朝向，面对，使适合；定向放置（某物）；确定方位，认识方向（orient oneself）；引导；使熟悉，帮助适应 | n. 东方，东亚诸国（the Orient）；（优质珍珠的）光泽；优质珍珠 | adj. 东方的，东方国家的；（尤指宝石）光彩夺目的；（太阳等）冉冉上升的，（白昼的光亮等）渐渐变强的","ˈɔːrient","ˈɔːrient","04:24.04"
"2035","认知词汇 I-Q","79","outbreak","n. （战争、疾病、暴力等的）爆发，突然发生","n. （战争、疾病、暴力等的）爆发，突然发生","ˈaʊtbreɪk","ˈaʊtbreɪk","04:28.04"
"2036","认知词汇 I-Q","80","outdated","adj. 过时的，陈旧的；v. 使过时（outdate 的过去式和过去分词形式）","adj. 过时的，陈旧的 | v. 使过时（outdate 的过去式和过去分词形式）","ˌaʊtˈdeɪtɪd","ˌaʊtˈdeɪtɪd","04:31.54"
"2037","认知词汇 I-Q","81","outdoors","adv. 在户外，在野外；n. 野外，旷野（the outdoors）；野外活动，户外休闲 （the outdoors）；adj. 户外的","adv. 在户外，在野外 | n. 野外，旷野（the outdoors）；野外活动，户外休闲 （the outdoors） | adj. 户外的","ˌaʊtˈdɔːrz","ˌaʊtˈdɔːz","04:34.45"
"2038","认知词汇 I-Q","82","outsider","n. 局外人， 外人；（组织、行业）外部的人，外来者","n. 局外人， 外人；（组织、行业）外部的人，外来者；（比赛中）不大可能获胜的人（或动物）","ˌaʊtˈsaɪdər","ˌaʊtˈsaɪdə(r)","04:37.86"
"2039","认知词汇 I-Q","83","outskirts","n. 市郊，郊区","n. 市郊，郊区","ˈaʊtskɜːrts","ˈaʊtskɜːts","04:41.57"
"2040","认知词汇 I-Q","84","oven","n. 烤炉，烤箱；小熔炉，小窑","n. 烤炉，烤箱；小熔炉，小窑；（纳粹集中营的）火化室","ˈʌv(ə)n","ˈʌv(ə)n","04:44.65"
"2041","认知词汇 I-Q","85","overdue","adj. （到期）未付的，未还的；未能准时的，延误的","adj. （到期）未付的，未还的；未能准时的，延误的； 早该发生的，早应完成的","ˌoʊvərˈduː","ˌəʊvəˈdjuː","04:47.94"
"2042","认知词汇 I-Q","86","overhear","v. 无意中听到，偷听到","v. 无意中听到，偷听到","ˌoʊvərˈhɪr","ˌəʊvəˈhɪə(r)","04:51.21"
"2043","认知词汇 I-Q","87","oversee","v. 监管，监督；看到，无意中看到","v. 监管，监督；看到，无意中看到","ˌoʊvərˈsiː","ˌəʊvəˈsiː","04:54.46"
"2044","认知词汇 I-Q","88","oversight","n. 监督；失察，疏忽","n. 监督；失察，疏忽","ˈoʊvərsaɪt","ˈəʊvəsaɪt","04:57.78"
"2045","认知词汇 I-Q","89","overthrow","v. 推翻，打倒；背弃，摒弃（规则、观念或社会制度）；n. 推翻，打倒；投球过远，投球过猛","v. 推翻，打倒；背弃，摒弃（规则、观念或社会制度）；投（球）过猛，投球超过（接手或目标） | n. 推翻，打倒；投球过远，投球过猛；（因对方投球过远而得的）分；（拱门、门廊上方的）铁艺装饰板","ˌoʊvərˈθroʊ","ˌəʊvəˈθrəʊ","05:01.98"
"2046","认知词汇 I-Q","90","ozone","n. 臭氧；（尤指海边的）清新空气","n. 臭氧；（尤指海边的）清新空气；臭氧层（ozone layer 的简写）","ˈoʊzoʊn","ˈəʊzəʊn","05:06.65"
"2047","认知词汇 I-Q","91","packet","n. 包装盒，包装袋；（扁平的）小包裹；v. 把..……打包","n. 包装盒，包装袋；（扁平的）小包裹；（通常内容物仅够用一次的）小袋，小包（=sachet）；文件包；信息包，数据包；一笔巨款；男性的性器官 | v. 把..……打包","ˈpækɪt","ˈpækɪt","05:09.43"
"2048","认知词汇 I-Q","92","paddy","n. 稻田，水田；稻，稻谷","n. 稻田，水田；稻，稻谷；大怒，狂怒；（Paddy）（侮辱性用语）爱尔兰佬","ˈpædi","ˈpædi","05:12.76"
"2049","认知词汇 I-Q","93","paperback","n. 平装书，简装书；v. 以平装本出版；adj. （书）纸面装订的，平装的","n. 平装书，简装书 | v. 以平装本出版 | adj. （书）纸面装订的，平装的","ˈpeɪpərbæk","ˈpeɪpəbæk","05:16.01"
"2050","认知词汇 I-Q","94","paradox","n. 矛盾的人（或事物、情况）；似非而是的隽语，悖论","n. 矛盾的人（或事物、情况）；似非而是的隽语，悖论；悖论修辞","ˈpærədɑːks","ˈpærədɒks","05:19.45"
"2051","认知词汇 I-Q","95","parking","n. 停车，泊车；停车场，停车位；v. 存放，寄存；停车，泊车","n. 停车，泊车；停车场，停车位 | v. 存放，寄存；停车，泊车；坐下（或站着）（park 的现在分词形式）","ˈpɑːrkɪŋ","ˈpɑːkɪŋ","05:22.76"
"2052","认知词汇 I-Q","96","password","n. 密码；口令，暗语","n. 密码；口令，暗语","ˈpæswɜːrd","ˈpɑːswɜːd","05:25.80"
"2053","认知词汇 I-Q","97","pastime","n. 娱乐，消遣","n. 娱乐，消遣","ˈpæstaɪm","ˈpɑːstaɪm","05:29.16"
"2054","认知词汇 I-Q","98","payroll","n. （公司员工的）工资名单；（公司的）发放工资总额；vt. 资助，补贴","n. （公司员工的）工资名单；（公司的）发放工资总额；（公司员工的）薪资管理；受聘职员总数 | vt. 资助，补贴","ˈpeɪroʊl","ˈpeɪrəʊl","05:32.58"
"2055","认知词汇 I-Q","99","peanut","n. 花生，花生米；很少的钱（peanuts）","n. 花生，花生米；很少的钱（peanuts）；小片聚苯乙烯泡沫塑料（peanuts）","ˈpiːnʌt","ˈpiːnʌt","05:35.71"
"2056","认知词汇 I-Q","100","pearl","n. 珍珠；珍珠母；v. 成珠状滴；使呈珠灰色，使呈蓝灰色；adj. 珍珠般的；镶珍珠的","n. 珍珠；珍珠母；珠状物；极其优秀的人，珍贵的东西；人造珍珠；珠灰色；珍珠项链，珍珠首饰（pearls） | v. 成珠状滴；使呈珠灰色，使呈蓝灰色；（潜水）采珍珠；用珍珠装饰 | adj. 珍珠般的；镶珍珠的","pɜːrl","pɜːl","05:39.25"
"2057","认知词汇 I-Q","101","peril","n. 巨大的危险，危难；（某活动或行为的）危险，问题；v. 使有危险，使临险境，危及","n. 巨大的危险，危难；（某活动或行为的）危险，问题 | v. 使有危险，使临险境，危及","ˈperəl","ˈperəl","05:42.38"
"2058","认知词汇 I-Q","102","persevere","v. 锲而不舍，坚持不懈；固执己见（在辩论中）","v. 锲而不舍，坚持不懈；固执己见（在辩论中）","ˌpɜːrsəˈvɪr","ˌpɜːsəˈvɪə(r)","05:46.48"
"2059","认知词汇 I-Q","103","pessimism","n. 悲观，悲观情绪；（哲）悲观主义","n. 悲观，悲观情绪；（哲）悲观主义","ˈpesɪmɪzəm","ˈpesɪmɪzəm","05:49.24"
"2060","认知词汇 I-Q","104","petty","adj. 不重要的，琐碎的，小的；小气的，小心眼的","adj. 不重要的，琐碎的，小的；小气的，小心眼的；次要的，职位低的；（罪行）轻微的","ˈpeti","ˈpeti","05:52.74"
"2061","认知词汇 I-Q","105","pigeon","n. 鸽子；（容易）上当受骗的人","n. 鸽子；（容易）上当受骗的人；（自己的）责任，分内之事；己方飞机","ˈpɪdʒɪn","ˈpɪdʒɪn","05:55.47"
"2062","认知词汇 I-Q","106","pint","n. 品脱（液量单位，约等于半升）；一品脱啤酒","n. 品脱（液量单位，约等于半升）；一品脱啤酒；一品脱牛奶；一品脱大的杯子所能盛下的量（贝类计量单位）；一品脱容器","paɪnt","paɪnt","05:58.72"
"2063","认知词汇 I-Q","107","pirate","n. 海盗，海上劫掠者；盗版者，侵犯专利权者；v. 盗印，窃用；劫掠（船只）；adj. 盗版的","n. 海盗，海上劫掠者；盗版者，侵犯专利权者；非法制作电视或广播节目的人（或组织）；道德败坏者，违法者 | v. 盗印，窃用；劫掠（船只）；劫掠（船只） | adj. 盗版的","ˈpaɪrət","ˈpaɪrət","06:01.81"
"2064","认知词汇 I-Q","108","plentiful","adj. 丰富的，众多的","adj. 丰富的，众多的","ˈplentɪf(ə)l","ˈplentɪf(ə)l","06:04.99"
"2065","认知词汇 I-Q","109","plumbing","n. （建筑物的）管路系统，管道设备；管道工程，管子工的工作","n. （建筑物的）管路系统，管道设备；管道工程，管子工的工作；体内“管道”，排泄系统","ˈplʌmɪŋ","ˈplʌmɪŋ","06:07.99"
"2066","认知词汇 I-Q","110","plural","n. 复数（形式）；adj. 复数的，复数形式的；多样的，多元的","n. 复数（形式） | adj. 复数的，复数形式的；多样的，多元的；多数的，多种的","ˈplʊrəl","ˈplʊərəl","06:11.04"
"2067","认知词汇 I-Q","111","poster","n. 海报，招贴画；大幅装饰画；v. 张贴海报","n. 海报，招贴画；大幅装饰画；发帖人，跟帖人 | v. 张贴海报","ˈpoʊstər","ˈpəʊstə(r)","06:14.89"
"2068","认知词汇 I-Q","112","preach","v. 布道，讲道；宣扬，鼓吹","v. 布道，讲道；宣扬，鼓吹；说教，训诫","priːtʃ","priːtʃ","06:18.23"
"2069","认知词汇 I-Q","113","preposition","n. 介词，前置词","n. 介词，前置词","ˌprepəˈzɪʃ(ə)n","ˌprepəˈzɪʃ(ə)n","06:20.95"
"2070","认知词汇 I-Q","114","priest","n. 牧师，神职人员；木渔槌（垂钓时用以打死已上钩的鱼）；v. 任命……为司铎（或祭司）","n. 牧师，神职人员；木渔槌（垂钓时用以打死已上钩的鱼） | v. 任命……为司铎（或祭司）","priːst","priːst","06:24.34"
"2071","认知词汇 I-Q","115","proficient","adj. 熟练的，精通的；n. 专家，能手","adj. 熟练的，精通的 | n. 专家，能手","prəˈfɪʃ(ə)nt","prəˈfɪʃ(ə)nt","06:27.34"
"2072","认知词汇 I-Q","116","prose","n. 散文，白话文；（尤指待翻译的）一段散文；v. 冗长乏味地说；把……写成散文，把……改写成散文；adj. 散文的，散文式的；平凡的，乏味的","n. 散文，白话文；（尤指待翻译的）一段散文；平淡乏味的文章（或话语，表达法） | v. 冗长乏味地说； 把……写成散文，把……改写成散文；写散文 | adj. 散文的，散文式的；平凡的，乏味的","proʊz","prəʊz","06:31.63"
"2073","认知词汇 I-Q","117","proverb","n. 谚语，格言；典型，模范；vt. 用谚语表达","n. 谚语，格言；典型，模范 | vt. 用谚语表达","ˈprɑːvɜːrb","ˈprɒvɜːb","06:34.53"
"2074","认知词汇 I-Q","118","quantify","v. 测定……的数量，用数量表示，量化；用量词限定（术语，命题）","v. 测定……的数量，用数量表示，量化；用量词限定（术语，命题）","ˈkwɑːntɪfaɪ","ˈkwɒntɪfaɪ","06:39.16"
"2075","认知词汇 I-Q","119","quiz","n. 问答比赛，智力竞赛；小测验；v. 询问，审问；测验（学生，班级）","n. 问答比赛，智力竞赛；小测验；（尤指警方调查或正式调查中的）询问，审问；恶作剧，戏弄；戏弄他人者，恶作剧者；（性格、相貌）古怪的人 | v. 询问，审问；测验（学生，班级）；（透过镜片）好奇地（或仔细地）打量；戏弄，取笑","kwɪz","kwɪz","06:42.05"
"2076","认知词汇 I-Q","120","quota","n. 定额，限额；（人对事情、品质或属性拥有的）份额","n. 定额，限额；（人对事情、品质或属性拥有的）份额；定量，指标；（候选人当选所需的）规定票数，最低票数；（英国国教会牧区贡献给主教教区的）资金份额；预计量","ˈkwoʊtə","ˈkwəʊtə","06:44.79"
"2077","认知词汇 R-Z","1","recreation","n. 娱乐（活动），消遣（活动）；重现，重建","n. 娱乐（活动），消遣（活动）；重现，重建","ˌriːkriˈeɪʃn; ˌrekriˈeɪʃən","ˌriːkriˈeɪʃn; ˌrekriˈeɪʃən","00:00.00"
"2078","认知词汇 R-Z","2","refrain","v. 克制，避免；n. （诗歌的）叠句，（歌曲的）副歌；叠歌部分的音乐伴奏","v. 克制，避免 | n. （诗歌的）叠句，（歌曲的）副歌；叠歌部分的音乐伴奏；经常重复的评价（或抱怨）","rɪˈfreɪn","rɪˈfreɪn","00:03.24"
"2079","认知词汇 R-Z","3","refreshment","n. 茶点，点心（refreshments）；食物和饮料","n. 茶点，点心（refreshments）；食物和饮料；恢复活力，焕发精神","rɪˈfreʃmənt","rɪˈfreʃmənt","00:06.16"
"2080","认知词汇 R-Z","4","renovate","v. 修复，翻新（尤指建筑物）；使恢复活力","v. 修复，翻新（尤指建筑物）；使恢复活力","ˈrenəveɪt","ˈrenəveɪt","00:09.68"
"2081","认知词汇 R-Z","5","repay","v. 付还，偿还；报答，回报","v. 付还，偿还；报答，回报；值得付出（时间、努力等）","rɪˈpeɪ","rɪˈpeɪ","00:13.00"
"2082","认知词汇 R-Z","6","reside","v. 居住，定居；存在于","v. 居住，定居；存在于；（权利、权力等）属于；位（于）","rɪˈzaɪd","rɪˈzaɪd","00:15.97"
"2083","认知词汇 R-Z","7","reviewer","n. 评论者，评论家；点评人","n. 评论者，评论家；点评人；（期刊等的）审稿人，评审人","rɪˈvjuːər","rɪˈvjuːə(r)","00:19.48"
"2084","认知词汇 R-Z","8","ridicule","n. 嘲笑，奚落；v. 嘲笑，奚落","n. 嘲笑，奚落 | v. 嘲笑，奚落","ˈrɪdɪkjuːl","ˈrɪdɪkjuːl","00:22.35"
"2085","认知词汇 R-Z","9","romance","n. （通常指短暂的）浪漫史，爱情关系，风流韵事；爱情，恋爱；v. 向……求爱，追求（某人）；夸张，渲染；adj. （语言）罗曼语的","n. （通常指短暂的）浪漫史，爱情关系，风流韵事；爱情，恋爱；传奇色彩，浪漫情调；（对某物的）迷恋，钟情；爱情故事；传奇故事；浪漫曲 | v. 向……求爱，追求（某人）；夸张，渲染；讨好，奉承 | adj. （语言）罗曼语的","ˈroʊmæns","rəʊˈmæns","00:26.48"
"2086","认知词汇 R-Z","10","rumo(u)r","n. 谣言，传闻；v. 谣传，传说（be rumoured）","n. 谣言，传闻 | v. 谣传，传说（be rumoured）","ˈruːmər","ˈruːmə(r)","00:29.56"
"2087","认知词汇 R-Z","11","runway","n. （机场的）跑道；（时装模特表演时走的）伸展台，T型台","n. （机场的）跑道；（时装模特表演时走的）伸展台，T型台；（尤指小体哺乳动物在草地或雪地下等挖的）过道，通道；（运原木的）滑道，滑运斜面","ˈrʌnweɪ","ˈrʌnweɪ","00:32.35"
"2088","认知词汇 R-Z","12","scent","n. 香味，芳香；（动物或人的）气味，臭迹；v. 使……带有某种香味；（动物）嗅出，闻到","n. 香味，芳香；（动物或人的）气味，臭迹；香水；察觉，预示；线索，踪迹；嗅觉 | v. 使……带有某种香味；（动物）嗅出，闻到；预感，觉察","sent","sent","00:36.56"
"2089","认知词汇 R-Z","13","schooling","n. 学校教育；学费；v. 教育，培养；训练，使学会（school 的现在分词形式）","n. 学校教育；学费；（马术）训练马在平地比赛（或跨越障碍） | v. 教育，培养；训练，使学会（school 的现在分词形式）","ˈskuːlɪŋ","ˈskuːlɪŋ","00:39.48"
"2090","认知词汇 R-Z","14","selfish","adj. 自私的，利己的","adj. 自私的，利己的","ˈselfɪʃ","ˈselfɪʃ","00:42.58"
"2091","认知词汇 R-Z","15","setback","n. 挫折，阻碍；（建筑）壁阶","n. 挫折，阻碍；（建筑）壁阶；（建筑物的）缩进距离","ˈsetbæk","ˈsetbæk","00:45.88"
"2092","认知词汇 R-Z","16","sexual","adj. 性的，性行为的；性别的","adj. 性的，性行为的；性别的；性取向的；生殖的，有性繁殖的；（繁殖）配子融合的","ˈsekʃuəl","ˈsekʃuəl","00:49.37"
"2093","认知词汇 R-Z","17","shell","n. （蛋、坚果、某些种子和某些动物的）壳；（甲虫的）鞘翅；v. 剥……壳；炮轰","n. （蛋、坚果、某些种子和某些动物的）壳；（甲虫的）鞘翅；（尤指建筑物等遭破坏后剩下的）框架，骨架；壳状物；（人的）表面性格，表面感情；空躯壳；（物理）壳层；炮弹；子弹，弹药筒；轻型赛艇；内棺，粗制棺材；（剑的）护手；（计算机）SHELL PROGRAM 的简称 | v. 剥……壳；炮轰；（从对方投手）大量得分","ʃel","ʃel","00:52.55"
"2094","认知词汇 R-Z","18","shit","n. 屎，粪；拉屎，排便；v. 拉屎，排便；拉屎弄脏衣服；adj. 糟透的，讨厌透顶的；int. 狗屁，呸（表示气愤、恐惧或失望）","n. 屎，粪；拉屎，排便；（生病或害怕时的）腹泻，拉肚子 （the shits）；无用之物，劣质品；坏蛋，讨厌鬼；不愉快的经历（或待遇）；个人财产，东西；胡说八道，屁话； 胡来，捣乱；毒品（尤指大麻） | v. 拉屎，排便；拉屎弄脏衣服；极其担忧（害怕）；欺骗，诈骗（某人）；恶劣对待 | adj. 糟透的，讨厌透顶的 | int. 狗屁，呸（表示气愤、恐惧或失望）","ʃɪt","ʃɪt","00:55.65"
"2095","认知词汇 R-Z","19","shrimp","n. 虾，小虾；矮子，无足轻重的人；v. 捕虾；adj. 与虾有关的；有虾的，虾制的","n. 虾，小虾； 矮子，无足轻重的人 | v. 捕虾 | adj. 与虾有关的；有虾的，虾制的","ʃrɪmp","ʃrɪmp","00:58.67"
"2096","认知词汇 R-Z","20","situate","v. 使位于，使坐落于；把.......放在（特殊的环境中），把......跟（具体情境）联系；adj. 位于……的，坐落在……的","v. 使位于，使坐落于；把.......放在（特殊的环境中），把......跟（具体情境）联系；处于（某特定经济或婚姻）状况（be situated） | adj. 位于……的，坐落在……的","ˈsɪtʃueɪt","ˈsɪtʃueɪt","01:03.18"
"2097","认知词汇 R-Z","21","skyline","n. （建筑物或群山在天空映衬下的）轮廓线","n. （建筑物或群山在天空映衬下的）轮廓线","ˈskaɪlaɪn","ˈskaɪlaɪn","01:06.31"
"2098","认知词汇 R-Z","22","smelly","adj. 有难闻气味的，发臭的","adj. 有难闻气味的，发臭的","ˈsmeli","ˈsmeli","01:10.63"
"2099","认知词汇 R-Z","23","snack","n. 零食，点心，小吃；快餐；v. 吃点心，吃零食","n. 零食，点心，小吃；快餐；易办到的事，小菜一碟 | v. 吃点心，吃零食","snæk","snæk","01:13.52"
"2100","认知词汇 R-Z","24","snack bar","n. 小吃店，快餐店；快餐柜，小吃柜台","n. 小吃店，快餐店；快餐柜，小吃柜台","ˈsnæk bɑːr","ˈsnæk bɑː(r)","01:16.69"
"2101","认知词汇 R-Z","25","socialism","n. 社会主义，社会主义制度；（马克思主义理论）社会主义社会","n. 社会主义，社会主义制度；（马克思主义理论）社会主义社会","ˈsoʊʃəlɪz(ə)m","ˈsəʊʃəlɪz(ə)m","01:20.14"
"2102","认知词汇 R-Z","26","socialist","adj. 支持社会主义的，与社会主义有关的；n. 社会主义者","adj. 支持社会主义的，与社会主义有关的 | n. 社会主义者","ˈsoʊʃəlɪst","ˈsəʊʃəlɪst","01:23.19"
"2103","认知词汇 R-Z","27","sociology","n. 社会学，社会关系研究","n. 社会学，社会关系研究","ˌsoʊsiˈɑːlədʒi","ˌsəʊsiˈɒlədʒi","01:26.70"
"2104","认知词汇 R-Z","28","soft drink","n. 软饮料，不含酒精的饮料","n. 软饮料，不含酒精的饮料","ˌsɔːft ˈdrɪŋk","ˌsɒft ˈdrɪŋk","01:30.43"
"2105","认知词汇 R-Z","29","spade","n. 锹，铲；（纸牌中的）黑桃（spades）；v. 用锹挖（地），用锹铲（土）；把……弄实抹平","n. 锹，铲；（纸牌中的）黑桃（spades）；黑桃牌；黑人，黑鬼 | v. 用锹挖（地），用锹铲（土）；把……弄实抹平","speɪd","speɪd","01:33.81"
"2106","认知词汇 R-Z","30","sparkle","v. 闪烁，闪耀；生气勃勃，热情奔放；n. 闪耀，闪烁；（眼睛的）神采","v. 闪烁，闪耀；生气勃勃，热情奔放；（眼睛）发亮；（酒类饮料）起泡 | n. 闪耀，闪烁；（眼睛的）神采；生气，活力；气泡","ˈspɑːrk(ə)l","ˈspɑːk(ə)l","01:37.27"
"2107","认知词汇 R-Z","31","staircase","n. 楼梯；（尤指中小学和大学建筑物中的）楼梯间","n. 楼梯；（尤指中小学和大学建筑物中的）楼梯间","ˈsterkeɪs","ˈsteəkeɪs","01:40.41"
"2108","认知词汇 R-Z","32","staple①","n. （某国的）主要产品，支柱产品；主食；adj. 主要生产的，大量生产的；主要的，常用的；v. 用订书钉订住；把……分级","n. （某国的）主要产品，支柱产品；主食；主要部份，重要内容；（特定商品的）贸易中心；订书钉；U 形钉；（棉花、羊毛的）纤维（就其长度和细度而言） | adj. 主要生产的，大量生产的；主要的，常用的 | v. 用订书钉订住；把……分级","ˈsteɪp(ə)l","ˈsteɪp(ə)l","01:43.86"
"2109","认知词汇 R-Z","33","staple②","n. （某国的）主要产品，支柱产品；主食；adj. 主要生产的，大量生产的；主要的，常用的；v. 用订书钉订住；把……分级","n. （某国的）主要产品，支柱产品；主食；主要部份，重要内容；（特定商品的）贸易中心；订书钉；U 形钉；（棉花、羊毛的）纤维（就其长度和细度而言） | adj. 主要生产的，大量生产的；主要的，常用的 | v. 用订书钉订住；把……分级","ˈsteɪp(ə)l","ˈsteɪp(ə)l","01:47.81"
"2110","认知词汇 R-Z","34","starve","v. （使）挨饿，饿死；使极其缺乏，需要","v. （使）挨饿，饿死；使极其缺乏，需要","stɑːrv","stɑːv","01:51.29"
"2111","认知词汇 R-Z","35","statute","n. 法令，法规，成文法；（组织或机构的）规章","n. 法令，法规，成文法；（组织或机构的）规章","ˈstætʃuːt","ˈstætʃuːt","01:53.80"
"2112","认知词汇 R-Z","36","steak","n. 肉排，（尤指）牛排；鱼排，鱼块","n. 肉排，（尤指）牛排；鱼排，鱼块；（常指切成块出售、供炖焖用的）牛肉","steɪk","steɪk","01:57.16"
"2113","认知词汇 R-Z","37","stool","n. 凳子；大便，粪便；v. （为了长出新芽）从靠近地面处砍断（植物）；（植物）从根株长出新苗","n. 凳子；大便，粪便；（生长新芽的）根株，母株；（用来诱捕鸟的）囮子；厕所 | v. （为了长出新芽）从靠近地面处砍断（植物）；（植物）从根株长出新苗；引诱，诱捕","stuːl","stuːl","02:00.32"
"2114","认知词汇 R-Z","38","storey","n. 楼层，层","n. 楼层，层","ˈstɔːri","ˈstɔːri","02:03.56"
"2115","认知词汇 R-Z","39","straw","n. （干燥的）麦秆，稻草；（喝饮料用的）吸管；adj. 稻草的；无价值的","n. （干燥的）麦秆，稻草；（喝饮料用的）吸管；稻草色，淡黄色；一文不值的东西 | adj. 稻草的；无价值的","strɔː","strɔː","02:07.00"
"2116","认知词汇 R-Z","40","strive","v. 努力，力争；斗争，反抗","v. 努力，力争；斗争，反抗","straɪv","straɪv","02:09.69"
"2117","认知词汇 R-Z","41","subway","n. 地铁；地下通道；v. 乘地铁","n. 地铁；地下通道 | v. 乘地铁","ˈsʌbweɪ","ˈsʌbweɪ","02:12.92"
"2118","认知词汇 R-Z","42","sunset","n. 日落，傍晚；晚霞，落日余晖；adj. 衰落的，最后期的；定期废止的；v. （使）废止、终止","n. 日落，傍晚；晚霞，落日余晖；（法律的）自动废止期，效力消减期；衰落期（尤指人生的晚年） | adj. 衰落的，最后期的；定期废止的；霞红色的，浅橘红色的 | v. （使）废止、终止","ˈsʌnset","ˈsʌnset","02:15.89"
"2119","认知词汇 R-Z","43","superb","adj. 极佳的，质量极高的；（信心、控制力、技巧）非同一般的，超凡的","adj. 极佳的，质量极高的；（信心、控制力、技巧）非同一般的，超凡的；壮丽的，辉煌的；羽毛鲜艳夺目的","suːˈpɜːrb","suːˈpɜːb","02:19.49"
"2120","认知词汇 R-Z","44","swipe","v. （挥动手臂或物体）击打，猛击；偷窃；n. 批评，抨击；挥击，抡打","v. （挥动手臂或物体）击打，猛击；偷窃；刷（磁卡）；滑动 | n. 批评，抨击；挥击，抡打；滑动","swaɪp","swaɪp","02:22.87"
"2121","认知词汇 R-Z","45","takeoff","n. （飞机、直升机等的）起飞；（经济、生意等的）开始腾飞，迅速发展","n. （飞机、直升机等的）起飞；（经济、生意等的）开始腾飞，迅速发展；（对他人言行的）滑稽模仿；（写作、音乐等的）娱乐性模仿；起跳；创新，跨越","ˈteɪkˌɔːf","ˈteɪkɒf","02:26.14"
"2122","认知词汇 R-Z","46","tangible","adj. 明确的，真实的；可触摸的，可感知的；n. 可触知的东西","adj. 明确的，真实的；可触摸的，可感知的 | n. 可触知的东西","ˈtændʒəb(ə)l","ˈtændʒəb(ə)l","02:29.47"
"2123","认知词汇 R-Z","47","telescope","n. 望远镜；射电望远镜，无线电望远镜（radio telescope 的简称）；v. 叠套缩短，叠缩；缩短，精简","n. 望远镜；射电望远镜，无线电望远镜（radio telescope 的简称） | v. 叠套缩短，叠缩；缩短，精简；使（车辆）相撞而嵌进；压缩","ˈtelɪskoʊp","ˈtelɪskəʊp","02:32.45"
"2124","认知词汇 R-Z","48","temple","n. 庙宇，寺院；太阳穴，鬓角","n. 庙宇，寺院；太阳穴，鬓角；犹太教堂；教堂，礼拜堂（尤指法国新教教堂）；（寺庙举行的）宗教仪式；耶路撒冷古神殿，犹太古圣殿（the Temple）；律师协会会所（the Temple）；被视为圣灵的殿堂的物体（尤指人的身体）；专供某种活动之用的场所；边撑，伸幅器","ˈtemp(ə)l","ˈtemp(ə)l","02:36.14"
"2125","认知词汇 R-Z","49","tenant","n. 房客，租户；业主；v. （作为租赁者）居住，工作","n. 房客，租户；业主 | v. （作为租赁者）居住，工作","ˈtenənt","ˈtenənt","02:38.47"
"2126","认知词汇 R-Z","50","terrific","adj. 极好的，了不起的；极大的，惊人的","adj. 极好的，了不起的；极大的，惊人的","təˈrɪfɪk","təˈrɪfɪk","02:41.24"
"2127","认知词汇 R-Z","51","terror","n. 惊恐，恐惧；引起恐怖的人（或事物）","n. 惊恐，恐惧；引起恐怖的人（或事物）；（尤指有政治目的的）恐怖活动，恐怖主义；讨厌鬼，捣蛋鬼（尤指小孩）","ˈterər","ˈterə(r)","02:44.68"
"2128","认知词汇 R-Z","52","thanksgiving","n. 感恩","n. 感恩","ˌθæŋksˈɡɪvɪŋ","ˌθæŋksˈɡɪvɪŋ","02:47.55"
"2129","认知词汇 R-Z","53","thermometer","n. 温度计，寒暑表，体温计","n. 温度计，寒暑表，体温计","θərˈmɑːmɪtər","θəˈmɒmɪtə(r)","02:50.93"
"2130","认知词汇 R-Z","54","thesis","n. 论文，毕业（或学位）论文；论题，论点","n. 论文，毕业（或学位）论文；论题，论点；（文章的）主题；（黑格尔哲学用语）正题；（诗韵）扬音节","ˈθiːsɪs","ˈθiːsɪs","02:54.06"
"2131","认知词汇 R-Z","55","toast","n. 烤面包片，吐司；干杯，祝酒，敬酒；v. 为……举杯敬酒，为……干杯；烤，烘（食品，尤指面包、干酪）","n. 烤面包片，吐司；干杯，祝酒，敬酒；极受敬慕的人（或事物） | v. 为……举杯敬酒，为……干杯；烤，烘（食品，尤指面包、干酪）；使暖和，给……烤火","toʊst","təʊst","02:57.14"
"2132","认知词汇 R-Z","56","trademark","n. 商标；标志，特点；v. 给……标上商标；认出（某种习惯、品质或生活方式）为某人的典型特征","n. 商标；标志，特点 | v. 给……标上商标；认出（某种习惯、品质或生活方式）为某人的典型特征","ˈtreɪdmɑːrk","ˈtreɪdmɑːk","03:00.48"
"2133","认知词汇 R-Z","57","transcript","n. 文字记录，抄本，文字本；成绩单","n. 文字记录，抄本，文字本；成绩单；（生化）转录本，转录物","ˈtrænskrɪpt","ˈtrænskrɪpt","03:03.49"
"2134","认知词汇 R-Z","58","tray","n. 托盘，碟；文件盘，公文格","n. 托盘，碟；文件盘，公文格；（各种用途的）浅盘子，浅塑料盒","treɪ","treɪ","03:06.74"
"2135","认知词汇 R-Z","59","triangle","n. 三角形；三角形物体","n. 三角形；三角形物体；三角铁（打击乐器）；三角板，三角尺；三角关系；（摆放斯诺克和落袋台球撞球位置的）三角框；小型欧亚紫刺蛾；（系缚士兵以鞭打的）三戟刑具","ˈtraɪæŋɡ(ə)l","ˈtraɪæŋɡ(ə)l","03:09.61"
"2136","认知词汇 R-Z","60","trigger","n. （枪械等的）扳机；（尤指引发不良反应或发展的）起因，诱因；v. 引发，激发；起动，触发","n. （枪械等的）扳机；（尤指引发不良反应或发展的）起因，诱因；（炸弹的）引爆器，触发器 | v. 引发，激发；起动，触发；引爆（炸弹）","ˈtrɪɡər","ˈtrɪɡə(r)","03:12.79"
"2137","认知词汇 R-Z","61","triple","adj. 三倍的，三重的；三部分的，三人的；v. （使）成为三倍，（使）增加两倍；三垒打，击出三垒打；n. （棒球中的）三垒打；三倍大的事物，由三部分组成的事物","adj. 三倍的，三重的；三部分的，三人的 | v. （使）成为三倍，（使）增加两倍；三垒打，击出三垒打 | n. （棒球中的）三垒打；三倍大的事物，由三部分组成的事物；三人赛（每边三人的体育比赛）（triples）；三个同类事物组成的一组，三个一组（如体育赛事中的三连胜）；（滑冰、体操中的）转体三周，连翻三圈；（鸣钟术）三响（triples）","ˈtrɪp(ə)l","ˈtrɪp(ə)l","03:16.46"
"2138","认知词汇 R-Z","62","trolley","n. 手推车；（送食品饮料的）小车，台车；v. 乘电车；用手推车运","n. 手推车；（送食品饮料的）小车，台车；有轨电车；无轨电车；电车触轮（与架空电线接触以驱动电车）；有轨缆车，架空缆车；（医院用的）担架车 | v. 乘电车；用手推车运","ˈtrɑːli","ˈtrɒli","03:19.36"
"2139","认知词汇 R-Z","63","troop","n. 军队，士兵；部队，（尤指）骑兵连，装甲连；v. 成群结队地走，列队行进；（孤身一人）缓步前行，稳步前行；adj. 军队的，有关或涉及军队的","n. 军队，士兵；部队，（尤指）骑兵连，装甲连；童子军中队；一组，一群 | v. 成群结队地走，列队行进；（孤身一人）缓步前行，稳步前行；（尤指被告知）成群前往 | adj. 军队的，有关或涉及军队的","truːp","truːp","03:23.15"
"2140","认知词汇 R-Z","64","tuition","n. （尤指对个人或小组的）教学，指导；（尤指学院、大学或私立学校的）学费","n. （尤指对个人或小组的）教学，指导；（尤指学院、大学或私立学校的）学费","tuˈɪʃ(ə)n","tjuˈɪʃ(ə)n","03:25.88"
"2141","认知词汇 R-Z","65","tumor","n. 肿瘤，肿块，赘生物","n. 肿瘤，肿块，赘生物","ˈtuːmər","ˈtjuːmə(r)","03:29.53"
"2142","认知词汇 R-Z","66","tunnel","n. 隧道，地道；（动物的）洞穴通道；v. 开凿隧道，挖地道；（物理）（粒子）穿透势垒，隧（道贯）穿","n. 隧道，地道；（动物的）洞穴通道；运动场运动员通道；套管；风洞 | v. 开凿隧道，挖地道；（物理）（粒子）穿透势垒，隧（道贯）穿","ˈtʌn(ə)l","ˈtʌn(ə)l","03:32.27"
"2143","认知词汇 R-Z","67","uncover","v. 揭露，发现；揭开盖子，移开覆盖物","v. 揭露，发现；揭开盖子，移开覆盖物；发掘，挖出；脱帽（尤指表示敬意）","ʌnˈkʌvər","ʌnˈkʌvə(r)","03:35.20"
"2144","认知词汇 R-Z","68","underestimate","v. 低估，对……估计不足；轻视，小看（某人）；n. 低估，对……估计不足","v. 低估，对……估计不足；轻视，小看（某人） | n. 低估，对……估计不足","ˌʌndərˈestɪmeɪt","ˌʌndərˈestɪmeɪt","03:38.65"
"2145","认知词汇 R-Z","69","unemployed","adj. 未被雇用的，失业的；（物）闲置的，未用的；n. 失业者（the unemployed）","adj. 未被雇用的，失业的；（物）闲置的，未用的 | n. 失业者（the unemployed）","ˌʌnɪmˈplɔɪd","ˌʌnɪmˈplɔɪd","03:42.97"
"2146","认知词汇 R-Z","70","upgrade","v. （使）（计算机、机器或软件）升级；提高（设施、服务等的）档次，改善；n. 改善，提高档次；（计算机的）升级；adj. 往上的；adv. 往上","v. （使）（计算机、机器或软件）升级；提高（设施、服务等的）档次，改善；（使）升级到更高待遇，（使）升舱；使（雇员）升职；使（某事物）升格 | n. 改善，提高档次；（计算机的）升级；上坡 | adj. 往上的 | adv. 往上","ˌʌpˈɡreɪd","ˌʌpˈɡreɪd","03:47.57"
"2147","认知词汇 R-Z","71","vacuum","n. 真空，真空容器；真空吸尘器；v. 用真空吸尘器打扫；adj. 利用真空的；真空的","n. 真空，真空容器；真空吸尘器；空白，空虚；（用真空吸尘器所做的）清洁，清扫 | v. 用真空吸尘器打扫 | adj. 利用真空的；真空的；产生真空的","ˈvækjuːm","ˈvækjuːm","03:51.49"
"2148","认知词汇 R-Z","72","van","n. （厢式）小型货车；面包车；v. 用车搬运","n. （厢式）小型货车；面包车；（铁路上运送包裹、邮件等的）车厢；拖车；先锋 | v. 用车搬运","væn","væn","03:54.76"
"2149","认知词汇 R-Z","73","vendor","n. 小贩，摊贩；卖主，卖方","n. 小贩，摊贩；卖主，卖方；（出售某类商品的）销售商，供应商；（贸易） 自动售货机","ˈvendər","ˈvendə(r)","03:57.86"
"2150","认知词汇 R-Z","74","versus","prep. （比赛或诉讼中）以……为对手，与……竞争；与……相对，与……相比","prep. （比赛或诉讼中）以……为对手，与……竞争；与……相对，与……相比","ˈvɜːrsəs","ˈvɜːsəs","04:00.72"
"2151","认知词汇 R-Z","75","viewpoint","n. 观点，看法；视角，观察点","n. 观点，看法；视角，观察点","ˈvjuːpɔɪnt","ˈvjuːpɔɪnt","04:03.99"
"2152","认知词汇 R-Z","76","vigor","n. 活力，精力（美式拼法；英式常作 vigour）","n. 活力，精力（美式拼法；英式常作 vigour）；（文风、表达等的）气势，力度；（人名；英、法） Vigor，维戈尔","ˈvɪɡər","ˈvɪɡə(r)","04:07.40"
"2153","认知词汇 R-Z","77","vocation","n. （认为某种职业适合自己的）使命感；（认为特别适合自己的）工作，职业，生活方式","n. （认为某种职业适合自己的）使命感；（认为特别适合自己的）工作，职业，生活方式；神召，天命，（宗教）使命感","voʊˈkeɪʃ(ə)n","vəʊˈkeɪʃ(ə)n","04:10.33"
"2154","认知词汇 R-Z","78","voltage","n. 电压，伏特数","n. 电压，伏特数","ˈvoʊltɪdʒ","ˈvəʊltɪdʒ","04:13.67"
"2155","认知词汇 R-Z","79","vulnerable","adj. （身体或精神）脆弱的，易受伤的；（事物、人或地方）易受攻击的，易受伤害的","adj. （身体或精神）脆弱的，易受伤的；（事物、人或地方）易受攻击的，易受伤害的；易患病的；（桥牌）有局方的，有身价的","ˈvʌlnərəb(ə)l","ˈvʌlnərəbl","04:17.17"
"2156","认知词汇 R-Z","80","wag(g)on","n. 四轮运货马车；运货车（wagon 的英式拼写变体，英式英语中常指铁路货车）","n. 四轮运货马车；运货车（wagon 的英式拼写变体，英式英语中常指铁路货车）","ˈwæɡən","ˈwæɡən","04:20.36"
"2157","认知词汇 R-Z","81","ware","n. 陶器，器皿；（某种）物品，器皿；int. 当心，注意（狩猎时的警告叫喊声）；v. 留意，小心","n. 陶器，器皿；（某种）物品，器皿；（尤指在市场或街上出售的）商品，货物 | int. 当心，注意（狩猎时的警告叫喊声） | v. 留意，小心","wer","weə(r)","04:23.39"
"2158","认知词汇 R-Z","82","warfare","n. 战争，作战；（团体、公司等之间的）斗争，竞争","n. 战争，作战；（团体、公司等之间的）斗争，竞争","ˈwɔːrfer","ˈwɔːfeə(r)","04:27.68"
"2159","认知词汇 R-Z","83","warrior","n. （尤指旧时的）武士，勇士；（瑜伽体式）战士","n. （尤指旧时的）武士，勇士；（瑜伽体式）战士","ˈwɔːriər","ˈwɒriə(r)","04:30.72"
"2160","认知词汇 R-Z","84","wary","adj. 小心翼翼的，谨慎的，警戒的","adj. 小心翼翼的，谨慎的，警戒的","ˈweri","ˈweəri","04:34.75"
"2161","认知词汇 R-Z","85","watertight","adj. （容器或房间）防漏水的，水密的；（理论、计划或协议）严密的，无懈可击的","adj. （容器或房间）防漏水的，水密的；（理论、计划或协议）严密的，无懈可击的","ˈwɔːtərtaɪt","ˈwɔːtətaɪt","04:37.77"
"2162","认知词汇 R-Z","86","weapon","n. 武器，兵器，凶器；（用于应付困境的）工具，手段；v. 武装，装备","n. 武器，兵器，凶器；（用于应付困境的）工具，手段 | v. 武装，装备","ˈwepən","ˈwepən","04:42.46"
"2163","认知词汇 R-Z","87","well-being","n. 幸福，安康；（国家的）繁荣","n. 幸福，安康；（国家的）繁荣","ˈwel biːɪŋ","ˈwel biːɪŋ","04:45.38"
"2164","认知词汇 R-Z","88","well-off","adj. 富裕的，小康的，殷实的；顺利的，走运的，处境好的","adj. 富裕的，小康的，殷实的；顺利的，走运的，处境好的；（在某事物方面）充裕的，供应充足的；繁荣昌盛的","ˌwel ˈɔːf","ˌwel ˈɒf","04:49.57"
"2165","认知词汇 R-Z","89","widow","n. 寡妇，遗孀；活寡妇（指丈夫经常外出参加某项运动或活动的女人）；v. 使丧偶，使成为寡妇（或鳏夫）","n. 寡妇，遗孀；活寡妇（指丈夫经常外出参加某项运动或活动的女人）；寡妇鸟；（印刷）未排足的行 | v. 使丧偶，使成为寡妇（或鳏夫）","ˈwɪdoʊ","ˈwɪdəʊ","04:52.98"
"2166","认知词汇 R-Z","90","width","n. 宽度，广度；（布料等）按尺寸剪裁的材料","n. 宽度，广度；（布料等）按尺寸剪裁的材料；（游泳池的）池宽；宽阔，宽大；整幅的东西","wɪdθ; wɪtθ","wɪdθ; wɪtθ","04:55.86"
"2167","认知词汇 R-Z","91","wilderness","n. 未开发的地区，荒野；荒芜的地方，杂草丛生处","n. 未开发的地区，荒野；荒芜的地方，杂草丛生处；低潮时期，在野；大量，茫茫一片","ˈwɪldərnəs","ˈwɪldənəs","04:59.22"
"2168","认知词汇 R-Z","92","willpower","n. 意志力，毅力","n. 意志力，毅力","ˈwɪlpaʊər","ˈwɪlpaʊə(r)","05:03.64"
"2169","认知词汇 R-Z","93","wireless","adj. 无线的，使用无线电信号的；n. 无线电发射和接收系统；无线电收音机；v. 用无线电报与…联系，打无线电话","adj. 无线的，使用无线电信号的 | n. 无线电发射和接收系统；无线电收音机 | v. 用无线电报与…联系，打无线电话","ˈwaɪərləs","ˈwaɪələs","05:08.83"
"2170","认知词汇 R-Z","94","workout","n. 锻炼，训练；试验","n. 锻炼，训练；试验","ˈwɜːrkaʊt","ˈwɜːkaʊt","05:12.04"
"2171","认知词汇 R-Z","95","workshop","n. 车间，工场，作坊；研讨会，讲习班；v. （在正式上演前）研讨性演出（戏剧）","n. 车间，工场，作坊；研讨会，讲习班 | v. （在正式上演前）研讨性演出（戏剧）","ˈwɜːrkʃɑːp","ˈwɜːkʃɒp","05:15.76"
"2172","认知词汇 R-Z","96","worthless","adj. 无价值的，没用处的；不中用的，品质差的","adj. 无价值的，没用处的；不中用的，品质差的","ˈwɜːrθləs","ˈwɜːθləs","05:19.08"
"2173","认知词汇 R-Z","97","wrist","n. 手腕，腕关节；（四足动物前腿的）膝关节，（鸟翅膀的）腕","n. 手腕，腕关节；（四足动物前腿的）膝关节，（鸟翅膀的）腕；袖口，腕部；（机器的）曲柄销，肘节销","rɪst","rɪst","05:22.41"
"2174","认知词汇 R-Z","98","yoga","n. 瑜伽，瑜伽术；瑜伽派（印度哲学派别）","n. 瑜伽，瑜伽术； 瑜伽派（印度哲学派别）","ˈjoʊɡə","ˈjəʊɡə","05:25.55"
"2175","认知词汇 R-Z","99","yoghurt","n. 酸奶（亦作 yoghourt），酸乳酪","n. 酸奶（亦作 yoghourt），酸乳酪","ˈjoʊɡərt","ˈjɒɡət","05:28.39"
"2176","认知词汇 R-Z","100","youngster","n. 年轻人，少年","n. 年轻人，少年","ˈjʌŋstər","ˈjʌŋstə(r)","05:31.53"
"2177","认知词汇 R-Z","101","zoology","n. 动物学；动物生活特性","n. 动物学；动物生活特性；动物区系","zuˈɑːlədʒi","zuˈɒlədʒi","05:34.70"